rowID,dstID,gameID,game_date,opp,pa,sack,interception,dfr,blocked_kicks,safety,krtd,prtd,intrettd,fumrettd,blkrettd,fgrettd,deftd,subtotal,ptnet,total
1,1,1,1985-09-08,TB,28,2,1,0,0,0,0,0,1,0,0,0,1,10,-1,9
2,1,2,1985-09-15,NE,7,6,3,1,0,0,0,0,0,0,0,0,0,14,4,18
3,1,3,1985-09-19,MIN,24,4,3,2,0,0,0,0,0,0,0,0,0,14,0,14
4,1,4,1985-09-29,WAS,10,4,2,1,0,0,1,0,0,0,0,0,0,16,4,20
5,1,5,1985-10-06,TB,19,0,2,1,0,0,0,0,0,0,0,0,0,6,1,7
6,1,6,1985-10-13,SF,10,7,0,2,0,0,0,0,0,0,0,0,0,11,4,15
7,1,7,1985-10-21,GB,7,5,4,1,0,0,0,0,0,0,0,0,0,15,4,19
8,1,8,1985-10-27,MIN,9,4,5,0,0,0,0,0,1,0,0,0,1,20,4,24
9,1,9,1985-11-03,GB,10,3,1,0,0,1,0,0,0,0,0,0,0,7,4,11
10,1,10,1985-11-10,DET,3,4,2,2,0,0,0,0,0,0,0,0,0,12,7,19
11,1,11,1985-11-17,DAL,0,6,4,1,0,0,0,0,2,0,0,0,2,28,10,38
12,1,12,1985-11-24,ATL,0,5,2,1,0,1,0,0,0,0,0,0,0,13,10,23
13,1,13,1985-12-02,MIA,38,3,1,1,0,0,0,0,0,0,0,0,0,7,-4,3
14,1,14,1985-12-08,IND,10,1,0,0,0,0,0,0,0,0,0,0,0,1,4,5
15,1,15,1985-12-14,NYJ,6,4,0,3,0,0,0,0,0,0,0,0,0,10,7,17
16,1,16,1985-12-22,DET,17,6,3,4,0,0,1,0,0,1,0,0,1,32,1,33
17,2,1,1950-09-16,PHI,10,2,3,2,0,0,0,0,0,0,0,0,0,12,4,16
18,2,2,1950-09-24,IND,0,0,4,0,0,0,0,0,0,0,0,0,0,8,10,18
19,2,3,1950-10-01,NYG,6,0,0,1,0,0,0,0,0,0,0,0,0,2,7,9
20,2,4,1950-10-07,PIT,17,0,1,5,0,1,0,0,0,0,0,0,0,14,1,15
21,2,5,1950-10-15,AZ,24,0,2,0,0,0,0,0,0,0,0,0,0,4,0,4
22,2,6,1950-10-22,NYG,17,1,1,3,0,0,0,0,0,0,0,0,0,9,1,10
23,2,7,1950-10-29,PIT,7,0,6,2,0,0,0,0,0,0,0,0,0,16,4,20
24,2,8,1950-11-05,AZ,7,0,4,1,0,0,0,0,0,0,0,0,0,10,4,14
25,2,9,1950-11-12,SF,14,0,3,6,0,0,0,0,0,0,0,0,0,18,1,19
26,2,10,1950-11-19,WAS,14,0,2,1,0,0,0,0,0,0,0,0,0,6,1,7
27,2,11,1950-12-03,PHI,7,0,2,2,0,0,0,0,1,0,0,0,1,14,4,18
28,2,12,1950-12-10,WAS,21,2,3,1,0,0,0,1,1,0,0,0,1,22,0,22
29,2,13,1951-09-30,SF,24,3,1,3,0,0,0,0,0,0,0,0,0,11,0,11
30,2,14,1951-10-07,LAR,23,1,3,1,0,0,0,0,1,0,0,0,1,15,0,15
31,2,15,1951-10-14,WAS,0,2,3,4,0,0,0,0,0,1,0,0,1,22,10,32
32,2,16,1951-10-21,PIT,0,4,2,2,0,0,0,0,1,1,0,0,2,24,10,34
33,3,1,1969-09-21,NYG,24,3,0,2,0,0,0,0,0,0,0,0,0,7,0,7
34,3,2,1969-09-28,IND,14,2,3,0,0,0,0,0,0,0,0,0,0,8,1,9
35,3,3,1969-10-05,GB,7,8,1,2,0,0,0,0,0,0,0,0,0,14,4,18
36,3,4,1969-10-12,CHI,0,4,3,1,0,0,0,0,0,1,0,0,1,18,10,28
37,3,5,1969-10-19,AZ,10,1,1,0,0,0,0,0,0,0,0,0,0,3,4,7
38,3,6,1969-10-26,DET,10,6,4,0,0,0,0,0,0,0,0,0,0,14,4,18
39,3,7,1969-11-02,CHI,14,9,1,1,0,0,0,0,0,0,0,0,0,13,1,14
40,3,8,1969-11-09,CLE,3,2,4,0,0,0,0,0,0,0,0,0,0,10,7,17
41,3,9,1969-11-16,GB,7,1,2,1,0,0,0,0,0,0,0,0,0,7,4,11
42,3,10,1969-11-23,PIT,14,2,4,1,0,0,0,0,1,1,0,0,2,24,1,25
43,3,11,1969-11-27,DET,0,7,2,1,0,0,0,0,0,0,0,0,0,13,10,23
44,3,12,1969-12-07,LAR,13,0,1,0,0,0,0,0,0,0,0,0,0,2,4,6
45,3,13,1969-12-14,SF,7,2,3,1,0,0,0,0,0,0,0,0,0,10,4,14
46,3,14,1969-12-21,ATL,10,2,1,2,0,0,0,0,0,0,0,0,0,8,4,12
47,3,15,1970-09-20,KC,10,1,2,2,0,0,0,0,0,1,0,0,1,15,4,19
48,3,16,1970-09-27,NO,0,0,2,2,0,0,0,0,0,2,0,0,2,20,10,30
49,4,1,1969-09-14,SD,9,2,4,1,0,0,0,0,0,0,0,0,0,12,4,16
50,4,2,1969-09-21,NE,0,3,0,1,0,0,0,0,0,0,0,0,0,5,10,15
51,4,3,1969-09-28,CIN,24,3,3,1,0,0,0,0,0,0,0,0,0,11,0,11
52,4,4,1969-10-05,DEN,13,4,1,0,0,0,0,0,1,0,0,0,1,12,4,16
53,4,5,1969-10-12,HOU,0,4,5,4,0,0,0,0,0,1,0,0,1,28,10,38
54,4,6,1969-10-19,MIA,10,4,3,0,0,0,0,0,0,0,0,0,0,10,4,14
55,4,7,1969-10-26,CIN,22,6,0,2,0,0,0,0,0,1,0,0,1,16,0,16
56,4,8,1969-11-02,BUF,7,9,4,2,0,0,0,0,0,0,0,0,0,21,4,25
57,4,9,1969-11-09,SD,3,4,5,0,0,0,0,0,0,0,0,0,0,14,7,21
58,4,10,1969-11-16,NYJ,16,3,3,2,0,0,0,0,0,0,0,0,0,13,1,14
59,4,11,1969-11-23,OAK,27,0,0,0,0,0,0,0,0,0,0,0,0,0,0,0
60,4,12,1969-11-27,DEN,17,3,2,0,0,0,1,0,1,0,0,0,1,19,1,20
61,4,13,1969-12-07,BUF,19,2,0,2,0,0,0,0,0,0,0,0,0,6,1,7
62,4,14,1969-12-13,OAK,10,1,2,0,0,0,0,0,0,0,0,0,0,5,4,9
63,4,15,1970-09-20,MIN,27,2,2,1,0,0,0,0,0,0,0,0,0,8,0,8
64,4,16,1970-09-28,IND,24,7,5,2,0,0,0,0,0,1,0,0,1,27,0,27
65,5,1,1977-09-18,LAR,6,3,0,3,0,0,0,0,0,0,0,0,0,9,7,16
66,5,2,1977-09-25,WAS,10,3,2,1,0,0,0,0,0,0,0,0,0,9,4,13
67,5,3,1977-10-02,NYG,3,9,2,2,0,0,0,0,0,0,0,0,0,17,7,24
68,5,4,1977-10-09,SF,0,4,1,0,0,0,0,0,0,0,0,0,0,6,10,16
69,5,5,1977-10-16,BUF,3,0,0,2,0,0,0,0,0,0,0,0,0,4,7,11
70,5,6,1977-10-23,CHI,10,4,3,2,0,0,0,0,0,0,0,0,0,14,4,18
71,5,7,1977-10-30,MIN,14,2,3,2,0,0,0,0,0,0,0,0,0,12,1,13
72,5,8,1977-11-06,SF,10,3,0,2,0,0,0,0,0,0,0,0,0,7,4,11
73,5,9,1977-11-13,DET,6,3,2,2,0,0,0,0,1,1,0,0,2,23,7,30
74,5,10,1977-11-20,NO,21,1,3,0,0,0,0,0,1,0,0,0,1,13,0,13
75,5,11,1977-11-27,TB,0,4,4,1,0,0,0,0,0,0,0,0,0,14,10,24
76,5,12,1977-12-04,NE,16,1,3,0,0,0,0,0,0,0,0,0,0,7,1,8
77,5,13,1977-12-11,LAR,23,2,1,2,0,0,0,0,0,0,0,0,0,8,0,8
78,5,14,1977-12-18,NO,7,3,2,3,0,0,0,0,0,0,0,0,0,13,4,17
79,5,15,1978-09-03,HOU,14,4,0,1,0,0,0,0,0,1,0,0,1,12,1,13
80,5,16,1978-09-10,LAR,10,2,2,2,0,0,0,0,0,0,0,0,0,10,4,14
81,6,1,1962-09-16,MIN,7,6,5,2,0,0,0,0,0,0,0,0,0,20,4,24
82,6,2,1962-09-23,AZ,0,5,2,3,0,0,0,0,0,0,0,0,0,15,10,25
83,6,3,1962-09-30,CHI,0,5,5,0,0,0,0,0,1,0,0,0,1,21,10,31
84,6,4,1962-10-07,DET,7,2,1,0,0,0,0,0,0,0,0,0,0,4,4,8
85,6,5,1962-10-14,MIN,21,3,3,0,0,0,0,0,0,0,0,0,0,9,0,9
86,6,6,1962-10-21,SF,13,2,3,0,0,0,0,0,0,0,0,0,0,8,4,12
87,6,7,1962-10-28,IND,6,1,2,1,0,0,0,0,0,0,0,0,0,7,7,14
88,6,8,1962-11-04,CHI,7,0,3,4,0,0,0,0,0,0,0,0,0,14,4,18
89,6,9,1962-11-11,PHI,0,4,1,0,0,0,0,0,0,0,0,0,0,6,10,16
90,6,10,1962-11-18,IND,13,5,1,2,0,0,1,0,0,0,0,0,0,17,4,21
91,6,11,1962-11-22,DET,26,0,2,3,0,0,0,0,0,1,0,0,1,16,0,16
92,6,12,1962-12-02,LAR,10,5,1,2,0,0,0,0,0,0,0,0,0,11,4,15
93,6,13,1962-12-09,SF,21,0,2,1,0,0,0,0,0,0,0,0,0,6,0,6
94,6,14,1962-12-16,LAR,17,1,0,1,0,0,0,0,0,0,0,0,0,3,1,4
95,6,15,1963-09-15,CHI,10,1,1,1,0,0,0,0,0,0,0,0,0,5,4,9
96,6,16,1963-09-22,DET,10,2,4,0,0,0,0,0,0,0,0,0,0,10,4,14
97,7,1,1976-09-12,OAK,31,2,4,0,0,0,0,0,0,0,0,0,0,10,-1,9
98,7,2,1976-09-19,CLE,14,1,0,4,0,0,0,0,0,0,0,0,0,9,1,10
99,7,3,1976-09-26,NE,30,0,2,2,0,0,0,0,0,0,0,0,0,8,-1,7
100,7,4,1976-10-04,MIN,17,2,2,2,0,0,0,0,0,0,0,0,0,10,1,11
101,7,5,1976-10-10,CLE,18,1,0,2,0,0,0,0,0,0,0,0,0,5,1,6
102,7,6,1976-10-17,CIN,6,5,2,1,0,0,0,0,0,0,0,0,0,11,7,18
103,7,7,1976-10-24,NYG,0,5,1,1,0,0,0,0,0,0,0,0,0,9,10,19
104,7,8,1976-10-31,SD,0,5,1,4,0,0,0,0,0,0,0,0,0,15,10,25
105,7,9,1976-11-07,KC,0,2,4,2,0,0,0,0,0,0,0,0,0,14,10,24
106,7,10,1976-11-14,MIA,3,5,0,0,0,0,0,0,0,0,0,0,0,5,7,12
107,7,11,1976-11-21,HOU,16,1,2,2,1,1,0,0,0,0,0,0,0,13,1,14
108,7,12,1976-11-28,CIN,3,4,1,1,0,0,0,0,0,0,0,0,0,8,7,15
109,7,13,1976-12-05,TB,0,5,2,2,0,0,0,0,0,0,0,0,0,13,10,23
110,7,14,1976-12-11,HOU,0,3,1,1,0,0,0,0,0,0,0,0,0,7,10,17
111,7,15,1977-09-19,SF,0,4,2,1,0,0,0,0,0,0,0,0,0,10,10,20
112,7,16,1977-09-25,OAK,16,0,0,0,0,0,0,0,0,0,0,0,0,0,1,1
113,8,1,1973-09-16,KC,13,5,1,1,0,0,0,0,0,0,0,0,0,9,4,13
114,8,2,1973-09-23,ATL,0,2,1,0,0,0,0,0,0,0,0,0,0,4,10,14
115,8,3,1973-09-30,SF,20,0,3,0,0,0,1,0,0,0,0,0,0,12,1,13
116,8,4,1973-10-07,HOU,26,4,2,2,0,0,0,0,0,0,0,0,0,12,0,12
117,8,5,1973-10-14,DAL,31,3,3,2,0,0,0,0,0,0,0,0,0,13,-1,12
118,8,6,1973-10-21,GB,7,4,1,1,0,2,0,0,0,0,0,0,0,12,4,16
119,8,7,1973-10-28,MIN,10,3,0,1,0,0,0,0,0,0,0,0,0,5,4,9
120,8,8,1973-11-04,ATL,15,6,1,1,0,0,0,0,0,0,0,0,0,10,1,11
121,8,9,1973-11-11,NO,7,3,0,3,0,0,0,0,0,0,0,0,0,9,4,13
122,8,10,1973-11-18,SF,13,2,2,0,0,0,0,0,0,0,0,0,0,6,4,10
123,8,11,1973-11-25,NO,13,2,0,2,0,0,0,0,0,0,0,0,0,6,4,10
124,8,12,1973-12-02,CHI,0,4,0,2,0,0,0,0,0,0,0,0,0,8,10,18
125,8,13,1973-12-10,NYG,6,3,4,0,0,1,0,0,1,0,0,0,1,19,7,26
126,8,14,1973-12-16,CLE,17,4,2,4,0,0,0,0,0,0,0,0,0,16,1,17
127,8,15,1974-09-15,DEN,10,6,0,0,0,0,1,0,0,0,0,0,0,12,4,16
128,8,16,1974-09-22,NO,0,5,2,1,0,0,0,0,0,0,0,0,0,11,10,21
129,9,1,1968-09-15,SF,10,2,1,0,0,0,0,0,0,0,0,0,0,4,4,8
130,9,2,1968-09-22,ATL,20,2,1,1,0,0,0,0,0,0,0,0,0,6,1,7
131,9,3,1968-09-29,PIT,7,5,3,1,0,0,0,0,3,0,0,0,3,31,4,35
132,9,4,1968-10-06,CHI,7,2,1,0,0,0,0,0,0,0,0,0,0,4,4,8
133,9,5,1968-10-13,SF,14,4,3,1,0,0,1,0,0,0,0,0,0,18,1,19
134,9,6,1968-10-20,CLE,30,2,0,1,0,0,0,0,0,0,0,0,0,4,-1,3
135,9,7,1968-10-27,LAR,10,5,2,2,0,0,0,0,0,0,0,0,0,13,4,17
136,9,8,1968-11-03,NYG,0,2,3,0,0,0,0,0,0,0,0,0,0,8,10,18
137,9,9,1968-11-10,DET,10,4,0,0,0,0,1,0,0,0,0,0,0,10,4,14
138,9,10,1968-11-17,AZ,0,2,5,0,0,0,0,0,0,0,0,0,0,12,10,22
139,9,11,1968-11-24,MIN,9,5,2,0,0,0,0,0,0,0,0,0,0,9,4,13
140,9,12,1968-12-01,ATL,0,4,4,2,0,0,0,0,0,0,0,0,0,16,10,26
141,9,13,1968-12-07,GB,3,2,1,4,0,0,0,0,0,0,0,0,0,12,7,19
142,9,14,1968-12-15,LAR,24,5,1,0,0,0,0,0,1,0,0,0,1,13,0,13
143,9,15,1969-09-21,LAR,27,2,0,0,0,0,0,0,0,0,0,0,0,2,0,2
144,9,16,1969-09-28,MIN,52,1,2,1,0,0,0,0,0,0,0,0,0,7,-4,3
145,10,1,2000-09-03,PIT,0,1,0,1,0,0,0,0,0,0,0,0,0,3,10,13
146,10,2,2000-09-10,JAX,36,4,2,2,0,0,0,0,0,0,0,0,0,12,-4,8
147,10,3,2000-09-17,MIA,19,1,1,0,0,0,0,0,0,0,0,0,0,3,1,4
148,10,4,2000-09-24,CIN,0,4,2,2,0,0,0,0,0,0,0,0,0,12,10,22
149,10,5,2000-10-01,CLE,0,0,3,1,0,0,0,0,0,0,0,0,0,8,10,18
150,10,6,2000-10-08,JAX,10,3,3,3,0,0,0,0,0,0,0,0,0,15,4,19
151,10,7,2000-10-15,WAS,10,1,1,1,0,0,0,0,0,0,0,0,0,5,4,9
152,10,8,2000-10-22,TEN,14,0,1,1,0,0,0,0,0,0,0,0,0,4,1,5
153,10,9,2000-10-29,PIT,9,5,0,1,0,0,0,0,0,0,0,0,0,7,4,11
154,10,10,2000-11-05,CIN,7,3,0,1,0,0,0,0,0,0,0,0,0,5,4,9
155,10,11,2000-11-12,TEN,23,1,0,2,0,0,0,0,0,0,0,0,0,5,0,5
156,10,12,2000-11-19,DAL,0,1,3,0,0,0,0,0,0,0,0,0,0,7,10,17
157,10,13,2000-11-26,CLE,7,6,1,2,0,0,0,0,0,0,0,0,0,12,4,16
158,10,14,2000-12-10,SD,3,2,1,4,0,0,0,0,0,0,0,0,0,12,7,19
159,10,15,2000-12-17,AZ,7,2,2,2,0,0,0,0,0,0,0,0,0,10,4,14
160,10,16,2000-12-24,NYJ,20,1,3,3,0,0,0,2,1,0,0,0,1,31,1,32
161,11,1,1993-09-05,NO,33,2,0,1,0,0,0,0,0,1,0,0,1,10,-1,9
162,11,2,1993-09-12,KC,0,4,2,3,0,0,0,0,0,1,0,0,1,20,10,30
163,11,3,1993-09-19,SD,18,1,1,0,0,0,0,0,1,0,0,0,1,9,1,10
164,11,4,1993-09-26,LAR,28,0,0,0,0,0,0,0,0,0,0,0,0,0,-1,-1
165,11,5,1993-10-11,BUF,35,2,0,1,0,0,0,0,0,0,0,0,0,4,-4,0
166,11,6,1993-10-17,NE,14,5,3,0,0,0,0,0,1,0,0,0,1,17,1,18
167,11,7,1993-10-24,CIN,12,4,0,2,0,0,0,0,0,0,0,0,0,8,4,12
168,11,8,1993-11-07,SEA,24,2,1,0,0,1,0,0,0,0,0,0,0,6,0,6
169,11,9,1993-11-14,CIN,3,5,0,2,0,0,0,0,0,0,0,0,0,9,7,16
170,11,10,1993-11-21,CLE,20,2,4,1,0,0,0,0,0,0,0,0,0,12,1,13
171,11,11,1993-11-28,PIT,3,6,2,2,0,0,0,0,0,0,0,0,0,14,7,21
172,11,12,1993-12-05,ATL,17,3,6,1,0,0,0,0,0,1,0,0,1,23,1,24
173,11,13,1993-12-12,CLE,17,2,2,1,0,0,0,0,0,0,0,0,0,8,1,9
174,11,14,1993-12-19,PIT,17,6,2,1,0,0,0,0,1,0,0,0,1,18,1,19
175,11,15,1993-12-25,SF,7,2,2,1,0,0,0,0,0,0,0,0,0,8,4,12
176,11,16,1994-01-02,NYJ,0,6,1,1,0,0,0,0,0,0,0,0,0,10,10,20
177,12,1,2002-09-08,NO,26,2,1,0,0,0,0,0,0,0,0,0,0,4,0,4
178,12,2,2002-09-15,BAL,0,3,1,0,1,1,0,0,1,0,0,0,1,15,10,25
179,12,3,2002-09-23,LAR,14,5,4,0,0,0,0,0,1,0,0,0,1,19,1,20
180,12,4,2002-09-29,CIN,7,3,1,1,0,0,0,0,1,0,0,0,1,13,4,17
181,12,5,2002-10-06,ATL,6,4,4,0,0,0,0,0,1,0,0,0,1,18,7,25
182,12,6,2002-10-13,CLE,3,2,1,0,0,0,0,0,0,0,0,0,0,4,7,11
183,12,7,2002-10-20,PHI,20,2,1,1,0,0,0,0,0,1,0,0,1,12,1,13
184,12,8,2002-10-27,CAR,9,3,3,1,0,0,0,0,0,0,0,0,0,11,4,15
185,12,9,2002-11-03,MIN,24,3,2,1,0,0,0,0,0,0,0,0,0,9,4,13
186,12,10,2002-11-17,CAR,10,4,3,1,0,0,0,0,0,0,0,0,0,12,4,16
187,12,11,2002-11-24,GB,7,3,4,0,0,0,0,0,0,0,0,0,0,11,4,15
188,12,12,2002-12-01,NO,23,4,0,1,0,0,0,0,0,0,0,0,0,6,0,6
189,12,13,2002-12-08,ATL,10,1,1,0,0,0,0,0,0,0,0,0,0,3,4,7
190,12,14,2002-12-15,DET,20,1,1,0,0,0,0,0,0,0,0,0,0,3,1,4
191,12,15,2002-12-23,PIT,17,2,0,1,0,0,0,0,0,0,0,0,0,4,1,5
192,12,16,2002-12-29,CHI,0,1,4,0,0,0,0,0,0,0,0,0,0,9,10,19
193,13,1,1991-09-01,GB,3,4,3,2,0,0,0,0,0,0,0,0,0,14,7,21
194,13,2,1991-09-08,AZ,26,1,1,1,0,0,0,0,0,0,0,0,0,5,0,5
195,13,3,1991-09-15,DAL,0,11,3,1,0,0,0,0,0,0,0,0,0,19,10,29
196,13,4,1991-09-22,PIT,14,3,1,0,0,0,0,0,0,0,0,0,0,5,1,6
197,13,5,1991-09-30,WAS,23,2,2,2,0,0,0,0,0,0,0,0,0,10,0,10
198,13,6,1991-10-06,TB,14,3,3,3,0,0,0,0,0,1,0,0,1,21,1,22
199,13,7,1991-10-13,NO,13,2,2,0,0,0,0,0,0,0,0,0,0,6,4,10
200,13,8,1991-10-27,SF,23,2,0,1,0,0,0,0,0,0,0,0,0,4,0,4
201,13,9,1991-11-04,NYG,7,4,0,1,0,0,0,0,0,0,0,0,0,6,4,10
202,13,10,1991-11-10,CLE,30,2,1,1,0,0,0,0,0,0,0,0,0,6,-1,5
203,13,11,1991-11-17,CIN,10,6,3,1,0,0,0,0,0,0,0,0,0,14,4,18
204,13,12,1991-11-24,AZ,14,3,4,3,0,0,0,0,0,2,0,0,2,29,1,30
205,13,13,1991-12-02,HOU,6,4,0,5,0,0,0,0,0,0,0,0,0,14,7,21
206,13,14,1991-12-08,NYG,14,4,2,1,0,0,0,0,0,0,0,0,0,10,1,11
207,13,15,1991-12-15,DAL,25,1,0,0,0,0,0,0,0,0,0,0,0,1,0,1
208,13,16,1991-12-22,WAS,22,3,1,0,0,0,0,0,1,0,0,0,1,11,0,11
209,14,1,1991-09-01,DET,0,3,3,1,0,0,0,1,0,0,0,0,0,17,10,27
210,14,2,1991-09-09,DAL,31,2,0,2,0,0,0,0,0,0,0,0,0,6,-1,5
211,14,3,1991-09-15,AZ,0,4,3,1,0,0,0,0,1,0,0,0,1,18,10,28
212,14,4,1991-09-22,CIN,27,4,1,0,0,0,0,1,0,0,0,0,0,12,0,12
213,14,5,1991-09-30,PHI,0,2,2,2,0,0,0,0,0,0,0,0,0,10,10,20
214,14,6,1991-10-06,CHI,7,1,3,0,0,0,0,0,0,0,0,0,0,7,4,11
215,14,7,1991-10-13,CLE,17,4,1,1,0,0,0,0,0,0,0,0,0,8,1,9
216,14,8,1991-10-27,NYG,13,0,1,0,0,0,0,0,0,0,0,0,0,2,4,6
217,14,9,1991-11-03,HOU,13,1,2,1,0,0,0,0,0,0,0,0,0,7,4,11
218,14,10,1991-11-10,ATL,17,6,3,3,0,0,0,0,1,0,0,0,1,24,1,25
219,14,11,1991-11-17,PIT,14,5,1,1,0,0,0,0,0,0,0,0,0,9,1,10
220,14,12,1991-11-24,DAL,24,5,1,0,0,0,0,0,1,0,0,0,1,13,0,13
221,14,13,1991-12-01,LAR,6,3,0,1,0,0,0,0,0,0,0,0,0,5,7,12
222,14,14,1991-12-08,AZ,14,1,2,0,0,0,0,0,0,0,0,0,0,5,1,6
223,14,15,1991-12-15,NYG,17,4,2,1,0,0,0,0,0,0,0,0,0,10,1,11
224,14,16,1991-12-22,PHI,24,2,1,2,0,0,0,0,0,0,0,0,0,8,0,8
225,15,1,1999-09-12,SF,3,4,3,2,0,0,0,0,1,1,0,0,2,26,7,33
226,15,2,1999-09-19,CAR,20,4,1,0,0,0,0,0,0,0,0,0,0,6,1,7
227,15,3,1999-09-26,TEN,20,2,1,1,0,1,0,0,1,0,0,0,1,14,1,15
228,15,4,1999-10-03,PIT,3,4,1,1,0,2,0,0,0,0,0,0,0,12,7,19
229,15,5,1999-10-11,NYJ,6,4,2,0,0,0,0,0,0,0,0,0,0,8,7,15
230,15,6,1999-10-17,CLE,7,4,0,1,0,0,0,0,0,0,0,0,0,6,4,10
231,15,7,1999-10-31,CIN,10,4,2,1,0,0,0,0,0,0,0,0,0,10,4,14
232,15,8,1999-11-07,ATL,7,9,3,1,0,0,0,0,0,0,0,0,0,17,4,21
233,15,9,1999-11-14,BAL,3,4,0,1,1,0,0,0,0,0,0,0,0,8,7,15
234,15,10,1999-11-21,NO,23,2,1,0,0,0,0,1,0,0,0,0,0,10,0,10
235,15,11,1999-11-28,BAL,23,3,1,2,0,0,0,0,1,0,0,0,1,15,0,15
236,15,12,1999-12-02,PIT,6,3,0,0,0,0,0,0,0,0,0,0,0,3,7,10
237,15,13,1999-12-13,DEN,24,1,2,0,0,0,0,0,0,0,0,0,0,5,0,5
238,15,14,1999-12-19,CLE,14,6,0,1,0,0,0,0,0,0,0,0,0,8,1,9
239,15,15,1999-12-26,TEN,41,0,0,0,0,0,1,0,0,0,0,0,0,6,-4,2
240,15,16,2000-01-02,CIN,7,3,2,0,0,0,0,0,0,0,0,0,0,7,4,11
241,16,1,2000-09-03,BUF,16,5,0,0,0,0,0,0,0,0,0,0,0,5,1,6
242,16,2,2000-09-10,KC,14,3,0,0,0,0,0,0,0,0,0,0,0,3,1,4
243,16,3,2000-09-24,PIT,20,3,0,1,0,0,0,0,0,0,0,0,0,5,1,6
244,16,4,2000-10-01,NYG,14,1,3,1,0,0,0,0,0,0,0,0,0,9,1,10
245,16,5,2000-10-08,CIN,14,1,0,2,1,0,0,0,0,0,0,0,0,7,1,8
246,16,6,2000-10-16,JAX,13,5,0,2,0,0,0,0,0,0,0,0,0,9,4,13
247,16,7,2000-10-22,BAL,6,5,4,0,0,0,0,0,1,0,0,0,1,19,7,26
248,16,8,2000-10-30,WAS,21,3,3,0,0,0,0,1,1,0,0,0,1,21,0,21
249,16,9,2000-11-05,PIT,7,2,1,3,0,0,0,0,0,0,0,0,0,10,4,14
250,16,10,2000-11-12,BAL,24,5,1,0,0,0,0,0,1,0,0,0,1,13,0,13
251,16,11,2000-11-19,CLE,10,4,1,0,0,0,0,0,0,0,0,0,0,6,4,10
252,16,12,2000-11-26,JAX,16,3,2,0,0,0,0,0,0,0,0,0,0,7,1,8
253,16,13,2000-12-03,PHI,13,5,0,0,0,0,0,0,0,0,0,0,0,5,4,9
254,16,14,2000-12-10,CIN,3,4,0,0,0,0,0,0,0,0,0,0,0,4,7,11
255,16,15,2000-12-17,CLE,0,2,0,2,0,0,0,0,0,0,0,0,0,6,10,16
256,16,16,2000-12-25,DAL,0,4,2,3,0,0,0,0,1,1,0,0,2,26,10,36
257,17,1,1972-09-17,KC,10,4,2,2,0,0,0,0,0,0,0,0,0,12,4,16
258,17,2,1972-09-24,HOU,13,0,1,2,0,0,0,0,0,0,0,0,0,6,4,10
259,17,3,1972-10-01,MIN,14,5,3,1,0,0,0,0,0,0,0,0,0,13,1,14
260,17,4,1972-10-08,NYJ,17,1,1,0,0,0,0,0,0,0,0,0,0,3,1,4
261,17,5,1972-10-15,SD,10,1,2,1,0,0,0,0,0,1,0,0,1,13,4,17
262,17,6,1972-10-22,BUF,23,2,0,1,0,0,0,0,0,0,0,0,0,4,0,4
263,17,7,1972-10-29,IND,0,3,0,2,0,0,0,0,0,0,0,0,0,7,10,17
264,17,8,1972-11-05,BUF,16,4,2,0,0,0,0,0,0,0,0,0,0,8,1,9
265,17,9,1972-11-12,NE,0,4,3,0,0,0,0,0,0,0,0,0,0,10,10,20
266,17,10,1972-11-19,NYJ,24,0,2,1,0,0,0,0,0,0,0,0,0,6,0,6
267,17,11,1972-11-27,AZ,10,3,3,3,0,0,0,0,1,0,0,0,1,21,4,25
268,17,12,1972-12-03,NE,21,4,2,0,0,0,0,0,0,0,0,0,0,8,0,8
269,17,13,1972-12-10,NYG,13,1,2,4,0,0,0,0,0,0,0,0,0,13,4,17
270,17,14,1972-12-16,IND,0,1,3,3,0,0,0,0,0,0,0,0,0,13,10,23
271,17,15,1973-09-16,SF,13,3,0,0,0,1,0,0,0,0,0,0,0,5,4,9
272,17,16,1973-09-23,OAK,12,0,1,0,0,0,0,0,0,0,0,0,0,2,4,6
273,18,1,2013-09-08,CAR,7,1,0,2,0,0,0,0,0,0,0,0,0,5,4,9
274,18,2,2013-09-15,SF,3,3,3,2,0,1,0,0,0,0,0,0,0,15,7,22
275,18,3,2013-09-22,JAX,17,3,2,1,0,0,0,0,0,0,0,0,0,9,1,10
276,18,4,2013-09-29,HOU,20,4,2,1,0,0,0,0,1,0,0,0,1,16,1,17
277,18,5,2013-10-06,IND,34,2,0,2,1,1,0,0,0,0,0,0,0,10,-1,9
278,18,6,2013-10-13,TEN,13,3,2,0,0,0,0,0,0,0,0,0,0,7,4,11
279,18,7,2013-10-17,AZ,22,7,2,0,0,0,0,0,0,0,0,0,0,11,0,11
280,18,8,2013-10-28,LAR,9,3,2,0,0,0,0,0,0,0,0,0,0,7,4,11
281,18,9,2013-11-03,TB,24,3,0,0,0,0,0,0,0,0,0,0,0,3,0,3
282,18,10,2013-11-10,ATL,10,2,0,1,0,0,0,0,0,0,0,0,0,4,4,8
283,18,11,2013-11-17,MIN,20,2,3,1,0,0,0,0,1,0,0,0,1,16,1,17
284,18,12,2013-12-02,NO,7,1,0,1,0,0,0,0,0,1,0,0,1,9,4,13
285,18,13,2013-12-08,SF,19,2,1,0,0,0,0,0,0,0,0,0,0,4,1,5
286,18,14,2013-12-15,NYG,0,4,5,0,0,0,0,0,0,0,0,0,0,14,10,24
287,18,15,2013-12-22,AZ,17,2,4,0,0,0,0,0,0,0,0,0,0,10,1,11
288,18,16,2013-12-29,LAR,9,2,2,0,0,0,0,0,1,0,0,0,1,12,4,16
289,19,1,1986-09-08,DAL,31,2,0,2,0,0,0,0,0,0,0,0,0,6,-1,5
290,19,2,1986-09-14,SD,7,1,5,2,0,0,0,0,0,0,0,0,0,15,4,19
291,19,3,1986-09-21,OAK,9,3,0,2,0,0,0,0,0,0,0,0,0,7,4,11
292,19,4,1986-09-28,NO,17,2,0,1,0,0,0,0,0,0,0,0,0,4,1,5
293,19,5,1986-10-05,AZ,6,7,1,1,0,0,0,0,0,0,0,0,0,11,7,18
294,19,6,1986-10-12,PHI,3,6,1,1,0,0,0,0,0,0,0,0,0,10,7,17
295,19,7,1986-10-19,SEA,17,2,1,1,0,0,0,0,0,0,0,0,0,6,1,7
296,19,8,1986-10-27,WAS,20,4,2,0,0,0,0,0,0,0,0,0,0,8,1,9
297,19,9,1986-11-02,DAL,14,6,0,3,0,0,0,0,0,0,0,0,0,12,1,13
298,19,10,1986-11-09,PHI,14,7,2,0,0,0,0,0,0,0,0,0,0,11,1,12
299,19,11,1986-11-16,MIN,20,3,0,1,0,0,0,0,0,0,0,0,0,5,1,6
300,19,12,1986-11-23,DEN,16,2,2,2,0,0,0,0,1,0,0,0,1,16,1,17
301,19,13,1986-12-01,SF,17,0,1,0,0,0,0,0,0,0,0,0,0,2,1,3
302,19,14,1986-12-07,WAS,14,4,6,1,0,0,0,0,0,0,0,0,0,18,1,19
303,19,15,1986-12-14,AZ,7,9,1,1,0,0,0,0,0,0,0,0,0,13,4,17
304,19,16,1986-12-20,GB,24,1,2,1,1,0,0,0,0,0,1,0,1,15,0,15
305,20,1,1987-09-13,CLE,21,4,1,1,0,2,0,0,0,0,0,0,0,12,0,12
306,20,2,1987-09-20,PHI,27,3,1,2,0,0,0,0,0,0,0,0,0,9,0,9
307,20,3,1987-10-04,LAR,10,2,1,1,1,0,0,0,0,0,1,0,1,14,4,18
308,20,4,1987-10-11,AZ,24,1,1,0,0,0,0,0,0,0,0,0,0,3,0,3
309,20,5,1987-10-18,CHI,17,5,4,0,0,0,0,0,0,0,0,0,0,13,1,14
310,20,6,1987-10-25,SF,24,4,0,2,0,0,0,0,0,0,1,0,1,14,0,14
311,20,7,1987-11-01,ATL,0,4,5,0,0,0,0,0,0,0,0,0,0,14,10,24
312,20,8,1987-11-08,LAR,14,0,1,1,0,0,0,0,0,0,0,0,0,4,1,5
313,20,9,1987-11-15,SF,24,3,2,0,0,0,0,0,0,0,1,0,1,13,0,13
314,20,10,1987-11-22,NYG,14,5,5,2,0,0,0,0,0,0,0,0,0,19,1,20
315,20,11,1987-11-29,PIT,16,4,3,3,0,0,0,0,0,0,0,0,0,16,1,17
316,20,12,1987-12-06,TB,34,3,2,2,0,0,0,0,0,0,0,0,0,11,-1,10
317,20,13,1987-12-13,HOU,10,2,0,0,0,0,0,0,0,0,0,0,0,2,4,6
318,20,14,1987-12-20,CIN,24,6,2,2,0,0,0,0,0,0,0,0,0,14,0,14
319,20,15,1987-12-27,GB,24,1,1,2,0,0,0,0,0,0,0,0,0,7,0,7
320,20,16,1988-09-04,SF,34,0,1,1,0,1,0,0,0,0,0,0,0,6,-1,5
321,21,1,1968-09-15,KC,19,2,0,1,0,0,0,0,0,0,0,0,0,4,1,5
322,21,2,1968-09-22,NE,31,4,4,2,1,0,0,0,1,0,1,0,2,30,-1,29
323,21,3,1968-09-29,BUF,37,2,1,1,0,0,0,0,0,0,0,0,0,6,-4,2
324,21,4,1968-10-05,SD,20,1,3,1,0,0,0,0,0,0,0,0,0,9,1,10
325,21,5,1968-10-13,DEN,21,3,0,0,0,0,0,0,0,0,0,0,0,3,0,3
326,21,6,1968-10-20,HOU,14,6,1,1,1,1,0,0,0,0,0,0,0,14,1,15
327,21,7,1968-10-27,NE,14,7,5,3,0,0,0,0,0,0,0,0,0,23,1,24
328,21,8,1968-11-03,BUF,21,3,3,2,0,0,0,0,1,0,0,0,1,19,0,19
329,21,9,1968-11-10,HOU,7,3,3,0,0,0,0,0,0,0,0,0,0,9,4,13
330,21,10,1968-11-17,OAK,43,2,2,2,0,0,0,0,0,0,0,0,0,10,-4,6
331,21,11,1968-11-24,SD,15,0,4,0,0,0,0,0,0,0,0,0,0,8,1,9
332,21,12,1968-12-01,MIA,17,5,0,1,0,0,0,0,0,0,0,0,0,7,1,8
333,21,13,1968-12-08,CIN,14,1,0,1,0,0,0,0,0,0,0,0,0,3,1,4
334,21,14,1968-12-15,MIA,7,4,2,0,0,0,0,0,0,0,0,0,0,8,4,12
335,21,15,1969-09-14,BUF,19,4,4,2,0,0,0,0,1,0,0,0,1,22,1,23
336,21,16,1969-09-21,DEN,21,3,2,1,0,0,0,0,0,0,0,0,0,9,0,9
337,22,1,1975-09-22,MIA,21,3,4,1,0,0,1,0,0,0,0,0,0,19,0,19
338,22,2,1975-09-28,IND,20,6,1,0,0,0,0,0,0,0,0,0,0,8,1,9
339,22,3,1975-10-05,SD,0,5,2,0,0,0,0,0,0,0,0,0,0,9,10,19
340,22,4,1975-10-12,KC,42,3,1,0,0,0,0,0,0,0,0,0,0,5,-4,1
341,22,5,1975-10-19,CIN,14,0,4,1,0,0,0,0,0,0,0,0,0,10,1,11
342,22,6,1975-10-26,SD,0,4,1,0,0,2,0,0,0,0,0,0,0,10,10,20
343,22,7,1975-11-02,DEN,17,5,3,0,0,0,0,0,0,0,0,0,0,11,1,12
344,22,8,1975-11-09,NO,10,4,3,2,0,0,0,0,0,0,0,0,0,14,4,18
345,22,9,1975-11-16,CLE,17,2,3,1,0,0,0,0,0,0,0,0,0,10,1,11
346,22,10,1975-11-23,WAS,23,4,2,0,0,0,0,0,0,0,0,0,0,8,0,8
347,22,11,1975-11-30,ATL,34,3,1,0,0,0,0,0,0,0,0,0,0,5,-1,4
348,22,12,1975-12-08,DEN,10,10,4,0,0,0,0,0,0,0,0,0,0,18,4,22
349,22,13,1975-12-14,HOU,27,4,3,0,0,0,0,0,0,0,0,0,0,10,0,10
350,22,14,1975-12-21,KC,20,2,3,1,0,0,0,0,0,0,0,0,0,10,1,11
351,22,15,1976-09-12,PIT,28,2,1,2,0,0,0,0,0,0,0,0,0,8,-1,7
352,22,16,1976-09-20,KC,21,3,0,1,0,0,0,0,0,0,0,0,0,5,0,5
353,23,1,1990-09-09,IND,10,3,1,1,0,0,0,0,0,0,0,0,0,7,4,11
354,23,2,1990-09-16,MIA,30,0,0,1,0,0,0,0,0,0,0,0,0,2,-1,1
355,23,3,1990-09-24,NYJ,7,3,0,2,0,0,0,0,0,0,0,0,0,7,4,11
356,23,4,1990-09-30,DEN,28,2,2,3,1,0,0,0,1,0,1,0,2,26,-1,25
357,23,5,1990-10-07,OAK,24,2,1,3,1,0,0,0,0,1,1,0,2,24,0,24
358,23,6,1990-10-21,NYJ,27,3,1,0,0,0,0,0,0,0,0,0,0,5,0,5
359,23,7,1990-10-28,NE,10,3,2,1,0,0,0,0,0,0,0,0,0,9,4,13
360,23,8,1990-11-04,CLE,0,1,2,0,0,0,0,0,1,0,0,0,1,11,10,21
361,23,9,1990-11-11,AZ,14,4,1,3,0,0,0,0,0,0,0,0,0,12,1,13
362,23,10,1990-11-18,NE,0,4,2,0,0,0,0,0,0,0,0,0,0,8,10,18
363,23,11,1990-11-26,HOU,27,3,0,1,0,0,0,0,0,0,0,0,0,5,0,5
364,23,12,1990-12-02,PHI,23,6,1,1,0,0,0,0,0,0,0,0,0,10,0,10
365,23,13,1990-12-09,IND,7,5,3,0,0,0,0,0,0,0,0,0,0,11,4,15
366,23,14,1990-12-15,NYG,13,1,0,0,0,0,0,0,0,0,0,0,0,1,4,5
367,23,15,1990-12-23,MIA,14,3,1,1,0,0,0,0,0,0,0,0,0,7,1,8
368,23,16,1990-12-30,WAS,29,0,1,0,0,0,0,0,0,0,0,0,0,2,-1,1
369,24,1,2004-09-09,IND,24,1,1,2,0,0,0,0,0,0,0,0,0,7,0,7
370,24,2,2004-09-19,AZ,12,5,2,0,0,0,0,0,0,0,0,0,0,9,4,13
371,24,3,2004-10-03,BUF,17,6,1,1,0,0,0,0,0,1,0,0,1,16,1,17
372,24,4,2004-10-10,MIA,10,3,1,1,0,0,0,0,0,0,0,0,0,7,4,11
373,24,5,2004-10-17,SEA,20,3,2,0,0,0,0,0,0,0,0,0,0,7,1,8
374,24,6,2004-10-24,NYJ,7,0,0,1,0,0,0,0,0,0,0,0,0,2,4,6
375,24,7,2004-10-31,PIT,34,0,0,0,0,0,0,0,0,0,0,0,0,0,-1,-1
376,24,8,2004-11-07,STL,22,5,1,2,0,0,0,0,0,0,0,0,0,11,0,11
377,24,9,2004-11-14,BUF,6,3,4,1,0,0,0,0,0,0,0,0,0,13,7,20
378,24,10,2004-11-22,KC,19,4,1,0,0,0,0,0,0,0,0,0,0,6,1,7
379,24,11,2004-11-28,BAL,3,4,1,1,0,0,0,0,0,1,0,0,1,14,7,21
380,24,12,2004-12-05,CLE,15,3,2,2,0,0,1,0,0,1,0,0,1,23,1,24
381,24,13,2004-12-12,CIN,28,0,2,1,0,0,0,0,1,0,0,0,1,12,-1,11
382,24,14,2004-12-20,MIA,29,4,0,1,0,0,0,0,0,0,0,0,0,6,-1,5
383,24,15,2004-12-26,NYJ,7,3,2,1,0,0,0,0,0,0,0,0,0,9,4,13
384,24,16,2005-01-02,SF,7,1,0,2,0,0,0,0,0,0,0,0,0,5,4,9
385,25,1,1994-09-04,PIT,9,9,0,0,0,0,0,0,0,0,0,0,0,9,4,13
386,25,2,1994-09-11,HOU,17,5,2,0,0,0,0,0,0,0,0,0,0,9,1,10
387,25,3,1994-09-19,DET,20,1,0,0,0,0,0,0,0,0,0,0,0,1,1,2
388,25,4,1994-10-02,WAS,7,2,1,3,0,0,0,0,0,0,0,0,0,10,4,14
389,25,5,1994-10-09,AZ,3,1,5,0,0,0,1,0,0,0,0,0,0,17,7,24
390,25,6,1994-10-16,PHI,13,4,4,1,0,0,0,0,0,0,0,0,0,14,4,18
391,25,7,1994-10-23,AZ,21,1,0,0,1,0,0,0,0,0,0,0,0,3,0,3
392,25,8,1994-10-30,CIN,20,1,0,1,0,0,0,0,0,0,0,0,0,3,1,4
393,25,9,1994-11-07,NYG,10,4,1,2,0,0,0,0,0,0,0,0,0,10,4,14
394,25,10,1994-11-13,SF,21,3,0,0,0,0,0,0,0,0,0,0,0,3,0,3
395,25,11,1994-11-20,WAS,7,2,4,1,0,0,0,1,0,0,0,0,0,18,4,22
396,25,12,1994-11-24,GB,31,2,0,0,0,0,0,0,0,0,0,0,0,2,-1,1
397,25,13,1994-12-04,PHI,19,5,1,0,0,0,0,0,1,0,0,0,1,13,1,14
398,25,14,1994-12-10,CLE,19,1,1,1,0,0,0,0,0,0,0,0,0,5,1,6
399,25,15,1994-12-19,NO,16,2,3,0,1,0,0,0,2,0,0,0,2,22,1,23
400,25,16,1994-12-24,NYG,15,4,0,0,0,1,0,0,0,0,0,0,0,6,1,7
401,26,1,1994-09-04,DEN,34,4,2,1,0,0,0,0,1,0,0,0,1,16,-1,15
402,26,2,1994-09-11,CIN,10,2,1,2,0,0,0,0,0,0,0,0,0,8,4,12
403,26,3,1994-09-18,SEA,10,6,1,1,0,0,0,0,1,0,0,0,1,16,4,20
404,26,4,1994-09-25,OAK,24,3,0,1,0,0,0,1,0,0,0,0,0,11,0,11
405,26,5,1994-10-09,KC,6,2,1,1,0,0,0,0,0,0,0,0,0,6,7,13
406,26,6,1994-10-16,NO,22,3,0,2,0,0,0,0,0,0,0,0,0,7,0,7
407,26,7,1994-10-23,DEN,20,3,1,2,0,0,0,0,0,0,0,0,0,9,1,10
408,26,8,1994-10-30,SEA,15,3,0,2,0,0,0,0,0,0,0,0,0,7,1,8
409,26,9,1994-11-06,ATL,10,1,2,0,0,0,0,0,0,0,0,0,0,5,4,9
410,26,10,1994-11-13,KC,13,2,2,0,0,0,0,0,0,0,0,0,0,6,4,10
411,26,11,1994-11-20,NE,23,1,2,0,0,0,1,0,0,0,0,0,0,11,0,11
412,26,12,1994-11-27,LAR,17,4,4,1,0,0,0,1,1,0,0,0,1,26,1,27
413,26,13,1994-12-05,OAK,24,1,1,0,0,0,0,0,0,0,0,0,0,3,0,3
414,26,14,1994-12-11,SF,38,1,0,1,0,0,0,0,0,0,0,0,0,3,-4,-1
415,26,15,1994-12-18,NYJ,6,5,0,1,0,0,0,0,0,0,0,0,0,7,7,14
416,26,16,1994-12-24,PIT,34,2,0,0,0,0,1,0,0,0,0,0,0,8,-1,7
417,27,1,2015-09-13,BAL,13,2,2,0,0,0,0,0,1,0,0,0,1,12,4,16
418,27,2,2015-09-17,KC,24,5,2,3,0,0,0,0,0,1,0,0,1,21,0,21
419,27,3,2015-09-27,DET,12,4,2,1,1,0,0,0,0,0,0,0,0,12,4,16
420,27,4,2015-10-04,MIN,20,7,0,1,0,0,0,0,0,0,0,0,0,9,1,10
421,27,5,2015-10-11,OAK,10,4,1,3,1,0,0,0,1,0,0,0,1,20,4,24
422,27,6,2015-10-18,CLE,23,4,2,1,0,0,0,0,1,0,0,0,1,16,0,16
423,27,7,2015-11-01,GB,10,3,0,0,0,1,0,0,0,0,0,0,0,5,4,9
424,27,8,2015-11-08,IND,27,1,0,0,0,0,0,1,0,0,0,0,0,7,0,7
425,27,9,2015-11-15,KC,29,2,0,0,0,0,0,0,0,0,0,0,0,2,-1,1
426,27,10,2015-11-22,CHI,15,2,1,1,0,0,0,0,0,0,0,0,0,6,0,6
427,27,11,2015-11-29,NE,24,3,0,1,0,0,0,0,0,0,0,0,0,5,0,5
428,27,12,2015-12-06,SD,3,4,1,2,0,0,0,0,1,0,0,0,1,16,7,23
429,27,13,2015-12-13,OAK,15,3,0,0,0,0,0,0,0,0,0,0,0,3,1,4
430,27,14,2015-12-20,PIT,34,3,2,0,0,0,0,0,0,0,0,0,0,7,-1,6
431,27,15,2015-12-28,CIN,17,2,0,1,0,0,0,0,0,0,0,0,0,4,1,5
432,27,16,2016-01-03,SD,20,3,1,0,0,0,0,0,0,0,0,0,0,5,1,6
433,28,1,2015-09-13,JAX,9,5,2,1,0,0,0,0,1,0,0,0,1,17,4,21
434,28,2,2015-09-20,HOU,17,1,1,0,0,0,0,0,0,0,0,0,0,3,1,4
435,28,3,2015-09-27,NO,22,1,1,1,0,0,0,0,0,0,0,0,0,5,0,5
436,28,4,2015-10-04,TB,23,2,4,1,0,0,0,0,1,1,0,0,2,24,0,24
437,28,5,2015-10-18,SEA,23,4,0,0,0,0,0,0,0,0,0,0,0,4,0,4
438,28,6,2015-10-25,PHI,16,5,1,0,0,0,0,0,0,0,0,0,0,7,1,8
439,28,7,2015-11-02,IND,26,2,3,1,0,0,0,0,0,0,0,0,0,10,0,10
440,28,8,2015-11-08,GB,29,5,1,1,0,0,0,0,0,0,0,0,0,9,-1,8
441,28,9,2015-11-15,TEN,10,1,1,1,0,0,0,0,0,0,0,0,0,5,4,9
442,28,10,2015-11-22,WAS,16,5,1,4,0,0,0,0,0,0,0,0,0,15,1,16
443,28,11,2015-11-26,DAL,14,2,3,0,0,0,0,0,2,0,0,0,2,20,1,21
444,28,12,2015-12-06,NO,38,2,1,0,0,0,0,0,0,0,0,0,0,4,-4,0
445,28,13,2015-12-13,ARL,0,5,2,2,0,0,0,0,0,0,0,0,0,13,10,23
446,28,14,2015-12-20,NYG,35,0,1,1,0,0,0,0,0,0,0,0,0,4,-4,0
447,28,15,2015-12-27,ATL,20,2,0,2,0,0,0,0,0,0,0,0,0,6,1,7
448,28,16,2016-01-03,TB,10,2,2,1,0,0,0,0,0,0,0,0,0,8,4,12
449,29,1,1991-09-01,WAS,45,0,1,0,0,0,0,0,0,0,0,0,0,2,-4,-2
450,29,2,1991-09-08,GB,14,2,1,0,0,0,0,0,0,0,0,0,0,4,1,5
451,29,3,1991-09-15,MIA,13,2,0,0,0,0,0,0,0,0,0,0,0,2,4,6
452,29,4,1991-09-22,IND,24,4,1,0,0,1,0,0,0,0,0,0,0,8,0,8
453,29,5,1991-09-29,TB,3,1,2,2,0,0,0,0,0,0,0,0,0,9,7,16
454,29,6,1991-10-06,MIN,20,0,0,0,0,0,0,0,0,0,0,0,0,0,1,1
455,29,7,1991-10-20,SF,35,0,0,1,0,0,0,0,0,0,0,0,0,2,-4,-2
456,29,8,1991-10-27,DAL,10,2,2,2,1,0,0,0,1,0,1,0,2,24,4,28
457,29,9,1991-11-03,CHI,20,3,0,1,0,0,0,0,0,0,0,0,0,5,1,6
458,29,10,1991-11-10,TB,30,0,0,1,0,0,0,0,0,0,0,0,0,2,-1,1
459,29,11,1991-11-17,LAR,10,0,1,1,0,0,0,0,0,0,0,0,0,4,4,8
460,29,12,1991-11-24,MIN,14,6,3,3,0,0,0,0,0,0,0,0,0,18,1,19
461,29,13,1991-11-28,CHI,6,1,4,2,0,0,0,0,0,0,0,0,0,13,7,20
462,29,14,1991-12-08,NYJ,20,5,2,3,0,0,0,0,0,1,0,0,1,21,1,22
463,29,15,1991-12-15,GB,17,0,1,1,0,0,0,1,0,0,0,0,0,10,1,11
464,29,16,1991-12-22,BUF,14,4,1,0,0,0,0,0,1,0,0,0,1,12,1,13
465,30,1,1988-09-04,NO,33,5,2,1,0,0,0,0,0,0,0,0,0,11,-1,10
466,30,2,1988-09-11,NYG,17,3,0,0,0,0,0,0,0,0,0,0,0,3,1,4
467,30,3,1988-09-18,ATL,34,1,2,0,0,0,0,0,0,0,0,0,0,5,-1,4
468,30,4,1988-09-25,SEA,7,3,4,1,0,0,0,0,0,0,0,0,0,13,4,17
469,30,5,1988-10-02,DET,13,4,0,2,0,0,0,1,0,0,0,0,0,14,4,18
470,30,6,1988-10-09,DEN,16,5,2,1,0,0,0,0,0,0,0,0,0,11,1,12
471,30,7,1988-10-16,LAR,21,1,2,2,0,0,0,0,0,0,0,0,0,9,0,9
472,30,8,1988-10-24,CHI,10,3,1,0,0,1,0,0,0,0,0,0,0,7,4,11
473,30,9,1988-10-30,MIN,21,2,2,1,0,0,0,0,0,0,0,0,0,8,0,8
474,30,10,1988-11-06,AZ,24,7,0,3,0,0,0,0,0,0,0,0,0,13,0,13
475,30,11,1988-11-13,OAK,9,2,0,1,0,0,0,0,0,0,0,0,0,4,4,8
476,30,12,1988-11-21,WAS,21,0,2,2,0,0,0,1,0,0,0,0,0,14,0,14
477,30,13,1988-11-27,SD,10,1,2,1,0,0,0,0,0,0,0,0,0,7,4,11
478,30,14,1988-12-04,ATL,3,3,1,0,0,0,0,0,0,0,0,0,0,5,7,12
479,30,15,1988-12-11,NO,17,2,1,1,0,0,0,0,0,0,0,0,0,6,1,7
480,30,16,1988-12-18,LAR,38,0,1,0,0,0,0,0,0,0,0,0,0,2,-4,-2
481,31,1,1988-09-04,AZ,14,2,2,0,0,0,0,0,0,0,0,0,0,6,1,7
482,31,2,1988-09-11,PHI,24,4,1,0,0,0,0,0,0,0,0,0,0,6,0,6
483,31,3,1988-09-18,PIT,20,5,2,4,0,0,0,0,0,0,0,0,0,17,1,18
484,31,4,1988-09-25,CLE,17,0,0,1,0,0,0,0,0,1,0,0,1,8,1,9
485,31,5,1988-10-02,OAK,21,2,4,1,0,0,0,0,0,0,0,0,0,12,0,12
486,31,6,1988-10-09,NYJ,19,4,0,1,0,0,0,0,0,0,0,0,0,6,1,7
487,31,7,1988-10-16,NE,27,2,0,0,0,0,0,0,0,0,0,0,0,2,0,2
488,31,8,1988-10-23,HOU,21,4,2,2,0,1,0,0,0,1,0,0,1,20,0,20
489,31,9,1988-10-30,CLE,23,1,2,0,0,0,0,0,1,0,0,0,1,11,0,11
490,31,10,1988-11-06,PIT,7,4,0,0,0,0,0,0,0,0,0,0,0,4,4,8
491,31,11,1988-11-13,KC,31,1,0,0,0,0,1,0,0,0,0,0,0,7,-1,6
492,31,12,1988-11-20,DAL,24,6,2,0,0,0,0,0,0,0,0,0,0,10,0,10
493,31,13,1988-11-27,BUF,21,2,2,2,0,0,0,0,0,0,0,0,0,10,0,10
494,31,14,1988-12-04,SD,10,3,3,1,0,0,0,0,0,0,0,0,0,11,4,15
495,31,15,1988-12-11,HOU,41,1,1,1,0,0,0,0,0,0,0,0,0,5,-4,1
496,31,16,1988-12-17,WAS,17,1,1,1,0,0,0,0,0,0,0,0,0,5,1,6
497,32,1,2008-09-07,SF,13,4,1,4,0,0,0,0,0,0,0,0,0,14,4,18
498,32,2,2008-09-14,MIA,10,2,0,0,0,0,0,0,0,0,0,0,0,2,4,6
499,32,3,2008-09-21,WAS,24,2,0,0,0,0,0,0,0,0,0,0,0,2,0,2
500,32,4,2008-09-28,NYJ,56,2,1,0,0,0,0,0,0,0,0,0,0,4,-4,0
501,32,5,2008-10-05,BUF,17,5,1,3,0,0,0,0,0,0,0,0,0,13,1,14
502,32,6,2008-10-12,DAL,24,3,0,1,1,0,1,0,0,0,1,0,1,19,0,19
503,32,7,2008-10-26,CAR,27,1,0,1,0,0,0,0,0,0,0,0,0,3,0,3
504,32,8,2008-11-02,LAR,13,2,2,1,0,0,0,0,1,0,0,0,1,14,4,18
505,32,9,2008-11-10,SF,24,0,2,1,0,0,0,0,0,0,0,0,0,6,0,6
506,32,10,2008-11-16,SEA,20,2,3,1,0,0,0,0,0,0,0,0,0,10,1,11
507,32,11,2008-11-23,NYG,37,1,0,0,0,0,0,0,0,0,0,0,0,1,-4,-3
508,32,12,2008-11-27,PHI,48,1,0,1,0,0,0,0,0,0,0,0,0,3,-4,-1
509,32,13,2008-12-07,LAR,10,1,1,2,0,0,0,0,1,1,0,0,2,19,4,23
510,32,14,2008-12-14,MIN,35,3,0,1,1,0,0,0,0,0,1,0,1,13,-4,9
511,32,15,2008-12-21,NE,47,1,0,0,0,0,0,0,0,0,0,0,0,1,-4,-3
512,32,16,2008-12-28,SEA,21,1,2,1,0,0,0,0,0,0,0,0,0,7,0,7
