rowID,playerID,gameID,game_date,away,opp,game_result,passYDS,passTD,passINT,rushYDS,rushTD,rec,recYDS,recTD,krtd,prtd,passBonus,rushBonus,recBonus,fpts
1,1,1,2002-12-01,1,KAN,L 0-49,88,0,3,0,0,0,0,0,0,0,0,0,0,0.52
2,1,2,2000-09-24,0,GNB,L 3-29,189,0,4,0,0,0,0,0,0,0,0,0,0,3.56
3,1,3,2002-12-15,1,STL,L 28-30,258,2,1,33,0,0,0,0,0,0,0,0,0,20.62
4,1,4,1999-10-17,0,WAS,L 10-24,99,0,2,0,0,0,0,0,0,0,0,0,0,1.96
5,1,5,1999-10-10,0,NYG,W 14-3,156,1,0,3,1,0,0,0,0,0,0,0,0,16.54
6,1,6,2000-09-10,0,DAL,W 32-31,243,2,0,0,0,0,0,0,0,0,0,0,0,17.72
7,1,7,1997-11-30,0,PIT,L 20-26,270,2,0,19,0,0,0,0,0,0,0,0,0,20.7
8,1,8,1999-09-19,1,MIA,L 16-19,112,0,4,4,0,0,0,0,0,0,0,0,0,0.88
9,1,9,2001-10-21,0,KAN,W 24-16,228,1,0,20,0,0,0,0,0,0,0,0,0,15.12
10,1,10,2001-11-18,0,DET,W 45-38,334,4,1,5,0,0,0,0,0,0,3,0,0,31.86
11,1,11,2001-12-30,1,CAR,W 30-7,173,2,0,-1,0,0,0,0,0,0,0,0,0,14.82
12,1,12,2000-12-24,1,WAS,L 3-20,144,0,3,30,0,0,0,0,0,0,0,0,0,5.76
13,1,13,1998-11-22,1,WAS,W 45-42,251,2,1,10,3,0,0,0,0,0,0,0,0,36.04
14,1,14,1998-11-08,0,WAS,W 29-27,186,1,0,50,0,0,0,0,0,0,0,0,0,16.44
15,1,15,2000-10-08,0,CLE,W 29-21,171,2,0,-1,0,0,0,0,0,0,0,0,0,14.74
16,1,16,1999-12-12,1,WAS,L 3-28,147,0,3,6,0,0,0,0,0,0,0,0,0,3.48
17,2,1,1988-10-09,1,DET,W 24-7,78,1,0,0,0,0,0,0,0,0,0,0,0,7.12
18,2,2,1988-09-25,1,GNB,W 24-6,114,0,2,18,0,0,0,0,0,0,0,0,0,4.36
19,2,3,1988-10-24,0,SFO,W 10-9,132,0,1,27,1,0,0,0,0,0,0,0,0,12.98
20,2,4,1988-10-02,0,BUF,W 24-3,260,2,1,24,0,0,0,0,0,0,0,0,0,19.8
21,2,5,1983-11-13,0,PHI,W 17-14,140,2,0,43,0,0,0,0,0,0,0,0,0,17.9
22,2,6,1984-09-09,0,DEN,W 27-0,93,1,0,8,0,0,0,0,0,0,0,0,0,8.52
23,2,7,1982-12-05,0,NWE,W 26-13,192,2,1,7,1,0,0,0,0,0,0,0,0,21.38
24,2,8,1984-10-21,1,TAM,W 44-9,219,3,0,24,0,1,42,0,0,0,0,0,0,28.36
25,2,9,1984-11-04,0,RAI,W 17-6,68,0,1,10,0,0,0,0,0,0,0,0,0,2.72
26,2,10,1983-10-09,0,MIN,L 14-23,35,0,2,6,0,0,0,0,0,0,0,0,0,0
27,2,11,1984-10-07,0,NOR,W 20-7,128,1,0,25,0,0,0,0,0,0,0,0,0,11.62
28,2,12,1985-09-29,0,WAS,W 45-10,160,3,1,36,0,1,13,1,0,0,0,0,0,29.3
29,2,13,1982-12-26,1,RAM,W 34-26,280,2,0,23,0,0,0,0,0,0,0,0,0,21.5
30,2,14,1986-09-28,1,CIN,W 44-7,211,3,1,1,1,0,0,0,0,0,0,0,0,25.54
31,2,15,1988-10-30,1,NWE,L 7-30,4,0,1,1,1,0,0,0,0,0,0,0,0,5.26
32,2,16,1986-11-23,0,GNB,W 12-10,95,0,3,64,0,0,0,0,0,0,0,0,0,7.2
33,3,1,1995-11-12,0,CHI,W 35-28,336,5,0,2,0,0,0,0,0,0,3,0,0,36.64
34,3,2,2003-12-22,1,OAK,W 41-7,399,4,0,0,0,0,0,0,0,0,3,0,0,34.96
35,3,3,2005-01-02,1,CHI,W 31-14,196,2,0,0,0,0,0,0,0,0,0,0,0,15.84
36,3,4,2007-10-29,1,DEN,W 19-13,331,2,0,-8,0,0,0,0,0,0,3,0,0,23.44
37,3,5,1999-10-17,1,DEN,L 10-31,120,0,3,9,0,0,0,0,0,0,0,0,0,2.7
38,3,6,2007-11-29,1,DAL,L 27-37,56,0,2,0,0,0,0,0,0,0,0,0,0,0.24
39,3,7,2004-12-05,1,PHI,L 17-47,131,0,2,0,0,0,0,0,0,0,0,0,0,3.24
40,3,8,1999-11-01,0,SEA,L 7-27,180,1,4,16,0,0,0,0,0,0,0,0,0,8.8
41,3,9,1995-11-26,0,TAM,W 35-13,267,3,0,18,0,0,0,0,0,0,0,0,0,24.48
42,3,10,1998-12-20,0,TEN,W 30-22,253,3,0,49,0,0,0,0,0,0,0,0,0,27.02
43,3,11,1995-12-16,1,NOR,W 34-23,308,4,0,15,0,0,0,0,0,0,3,0,0,32.82
44,3,12,1994-10-20,1,MIN,L 10-13,32,0,1,0,0,0,0,0,0,0,0,0,0,0.28
45,3,13,2007-12-30,0,DET,W 34-13,99,2,0,21,0,0,0,0,0,0,0,0,0,14.06
46,3,14,1992-12-06,0,DET,W 38-10,214,3,0,11,0,0,0,0,0,0,0,0,0,21.66
47,3,15,1998-10-05,0,MIN,L 24-37,114,0,3,0,0,0,0,0,0,0,0,0,0,1.56
48,3,16,1992-09-27,0,PIT,W 17-3,210,2,0,12,0,0,0,0,0,0,0,0,0,17.6
49,4,1,1981-09-13,1,WAS,W 17-7,93,0,1,-5,0,0,0,0,0,0,0,0,0,2.22
50,4,2,1984-09-02,0,PHI,W 28-27,409,4,0,20,0,0,0,0,0,0,3,0,0,37.36
51,4,3,1980-10-05,1,DAL,L 3-24,87,0,1,20,0,0,0,0,0,0,0,0,0,4.48
52,4,4,1990-11-18,0,DET,W 20-0,170,2,0,0,0,0,0,0,0,0,0,0,0,14.8
53,4,5,1987-12-19,0,GNB,W 20-10,233,2,0,0,0,0,0,0,0,0,0,0,0,17.32
54,4,6,1993-10-10,1,WAS,W 41-7,182,3,0,-2,0,0,0,0,0,0,0,0,0,19.08
55,4,7,1984-12-15,0,NOR,L 3-10,127,0,2,43,0,0,0,0,0,0,0,0,0,7.38
56,4,8,1987-10-25,0,STL,W 30-7,253,3,0,-3,0,0,0,0,0,0,0,0,0,21.82
57,4,9,1980-11-30,0,STL,L 7-23,106,0,2,29,0,0,0,0,0,0,0,0,0,5.14
58,4,10,1990-10-14,1,WAS,W 24-20,283,2,0,-3,0,0,0,0,0,0,0,0,0,19.02
59,4,11,1986-11-09,1,PHI,W 17-14,130,0,2,10,0,0,0,0,0,0,0,0,0,4.2
60,4,12,1990-09-30,0,DAL,W 31-17,188,3,0,0,0,0,0,0,0,0,0,0,0,19.52
61,4,13,1989-09-17,0,DET,W 24-14,218,2,0,11,0,0,0,0,0,0,0,0,0,17.82
62,4,14,1984-10-28,0,WAS,W 37-13,339,2,0,1,0,0,0,0,0,0,3,0,0,24.66
63,4,15,1991-12-21,0,HOU,W 24-20,200,1,0,19,0,0,0,0,0,0,0,0,0,13.9
64,4,16,1986-11-02,0,DAL,W 17-14,67,0,1,-4,0,0,0,0,0,0,0,0,0,1.28
65,5,1,1996-09-29,1,TAM,W 27-0,230,2,0,4,0,0,0,0,0,0,0,0,0,17.6
66,5,2,1995-10-29,0,GNB,W 24-16,249,3,0,2,0,0,0,0,0,0,0,0,0,22.16
67,5,3,1997-11-02,1,GNB,L 10-20,158,0,4,18,0,0,0,0,0,0,0,0,0,4.12
68,5,4,1994-11-06,1,GNB,L 30-38,63,0,2,0,0,0,0,0,0,0,0,0,0,0.52
69,5,5,1997-10-12,1,TAM,W 27-9,222,1,0,7,0,0,0,0,0,0,0,0,0,13.58
70,5,6,1996-10-27,0,NYG,L 7-35,71,0,3,1,1,6,0,0,0,0,0,0,0,11.94
71,5,7,1995-11-23,0,MIN,W 44-38,410,4,1,1,0,0,0,0,0,0,3,0,0,34.5
72,5,8,1997-09-14,1,CHI,W 32-7,215,2,0,11,0,0,0,0,0,0,0,0,0,17.7
73,5,9,1995-12-17,0,JAX,W 44-0,233,2,0,12,0,0,0,0,0,0,0,0,0,18.52
74,5,10,1997-11-16,0,MIN,W 38-15,271,2,0,0,0,0,0,0,0,0,0,0,0,18.84
75,5,11,1996-09-01,1,MIN,L 13-17,260,1,4,3,0,0,0,0,0,0,0,0,0,10.7
76,5,12,1996-11-24,1,CHI,L 14-31,230,0,3,2,1,6,0,0,0,0,0,0,0,18.4
77,5,13,1995-12-04,0,CHI,W 27-7,320,3,0,1,0,0,0,0,0,0,3,0,0,27.9
78,5,14,1994-09-25,0,NWE,L 17-23,189,0,2,3,0,0,0,0,0,0,0,0,0,5.86
79,5,15,1996-10-06,0,ATL,W 28-24,276,3,0,9,1,6,0,0,0,0,0,0,0,35.94
80,5,16,1996-09-22,0,CHI,W 35-16,336,4,1,8,1,6,0,0,0,0,3,0,0,44.24
81,6,1,1991-11-17,1,PIT,W 41-14,325,2,0,0,0,0,0,0,0,0,3,0,0,24
82,6,2,1993-12-26,1,DAL,L 3-38,81,0,2,0,0,0,0,0,0,0,0,0,0,1.24
83,6,3,1991-12-22,1,PHI,L 22-24,130,0,1,0,0,0,0,0,0,0,0,0,0,4.2
84,6,4,1990-12-02,0,MIA,W 42-20,245,3,1,8,0,0,0,0,0,0,0,0,0,21.6
85,6,5,1988-10-09,1,DAL,W 35-17,187,3,0,17,1,6,0,0,0,0,0,0,0,33.18
86,6,6,1991-11-10,0,ATL,W 56-17,442,6,0,4,1,6,0,0,0,0,3,0,0,57.08
87,6,7,1990-11-18,0,NOR,W 31-17,311,4,0,-5,0,0,0,0,0,0,3,0,0,30.94
88,6,8,1990-12-15,1,NWE,W 25-10,100,0,1,-2,0,0,0,0,0,0,0,0,0,2.8
89,6,9,1991-12-15,0,NYG,W 34-17,230,3,0,0,0,0,0,0,0,0,0,0,0,21.2
90,6,10,1991-09-01,0,DET,W 45-0,183,2,1,11,0,0,0,0,0,0,0,0,0,15.42
91,6,11,1992-09-20,0,DET,W 13-10,136,0,3,0,0,0,0,0,0,0,0,0,0,2.44
92,6,12,1988-10-16,0,PHO,W 33-17,303,4,1,-1,0,0,0,0,0,0,3,0,0,30.02
93,6,13,1991-12-01,1,RAM,W 27-6,269,3,1,0,0,0,0,0,0,0,0,0,0,21.76
94,6,14,1992-12-06,1,NYG,W 28-10,216,2,0,-3,0,0,0,0,0,0,0,0,0,16.34
95,6,15,1990-12-09,0,CHI,W 10-9,148,1,5,0,0,0,0,0,0,0,0,0,0,4.92
96,6,16,1993-11-01,1,BUF,L 10-24,169,0,4,0,0,0,0,0,0,0,0,0,0,2.76
97,7,1,2004-09-12,0,NYG,W 31-17,330,4,0,12,0,0,0,0,0,0,3,0,0,33.4
98,7,2,2009-11-01,0,NYG,W 40-17,240,3,0,14,0,1,1,0,0,0,0,0,0,24.1
99,7,3,2007-11-18,0,MIA,W 17-7,34,0,2,28,0,0,0,0,0,0,0,0,0,2.16
100,7,4,2000-12-10,1,CLE,W 35-24,390,4,0,12,0,0,0,0,0,0,3,0,0,35.8
101,7,5,2004-12-27,1,STL,L 7-20,36,1,0,0,0,0,0,0,0,0,0,0,0,5.44
102,7,6,2006-11-19,0,TEN,L 13-31,78,0,1,0,0,0,0,0,0,0,0,0,0,2.12
103,7,7,2004-11-15,1,DAL,W 49-21,345,4,0,14,0,0,0,0,0,0,3,0,0,34.2
104,7,8,2009-10-11,0,TAM,W 33-14,264,3,0,30,0,0,0,0,0,0,0,0,0,25.56
105,7,9,2003-09-14,0,NWE,L 10-31,186,0,2,54,0,0,0,0,0,0,0,0,0,10.84
106,7,10,2003-10-19,1,NYG,W 14-10,64,0,1,-1,0,0,0,0,0,0,0,0,0,1.46
107,7,11,2004-12-05,0,GNB,W 47-17,464,5,0,0,0,0,0,0,0,0,3,0,0,41.56
108,7,12,2008-11-23,1,BAL,L 7-36,59,0,2,7,0,0,0,0,0,0,0,0,0,1.06
109,7,13,2005-09-18,0,SFO,W 42-3,342,5,0,0,0,0,0,0,0,0,3,0,0,36.68
110,7,14,1999-12-12,1,DAL,L 10-20,49,0,1,24,0,0,0,0,0,0,0,0,0,3.36
111,7,15,2007-09-23,0,DET,W 56-21,381,4,0,7,0,0,0,0,0,0,3,0,0,34.94
112,7,16,2007-11-11,1,WAS,W 33-25,251,4,0,37,0,0,0,0,0,0,0,0,0,29.74
113,8,1,1972-11-12,0,KAN,W 16-7,92,0,3,34,0,0,0,0,0,0,0,0,0,4.08
114,8,2,1972-10-22,0,NWE,W 33-3,173,1,0,15,0,0,0,0,0,0,0,0,0,12.42
115,8,3,1982-12-12,1,BUF,L 0-13,3,0,2,0,0,0,0,0,0,0,0,0,0,-1.88
116,8,4,1978-09-17,1,CIN,W 28-3,242,2,1,10,0,0,0,0,0,0,0,0,0,17.68
117,8,5,1978-11-19,0,CIN,W 7-6,117,0,4,-3,0,0,0,0,0,0,0,0,0,0.38
118,8,6,1982-12-19,1,CLE,L 9-10,144,1,4,0,0,0,0,0,0,0,0,0,0,5.76
119,8,7,1975-12-20,1,RAM,L 3-10,28,0,1,2,0,0,0,0,0,0,0,0,0,0.32
120,8,8,1978-12-16,1,DEN,W 21-17,131,2,0,0,0,0,0,0,0,0,0,0,0,13.24
121,8,9,1977-11-20,0,DAL,W 28-13,106,2,0,1,0,0,0,0,0,0,0,0,0,12.34
122,8,10,1975-10-05,1,CLE,W 42-6,151,1,0,-5,0,0,0,0,0,0,0,0,0,9.54
123,8,11,1982-12-05,0,KAN,W 35-14,231,3,1,0,0,0,0,0,0,0,0,0,0,20.24
124,8,12,1978-10-08,0,ATL,W 31-7,231,1,0,3,1,0,0,1,0,0,0,0,0,25.54
125,8,13,1974-12-14,0,CIN,W 27-3,132,2,0,4,0,0,0,0,0,0,0,0,0,13.68
126,8,14,1977-11-13,0,CLE,W 35-31,283,3,0,0,0,0,0,0,0,0,0,0,0,23.32
127,8,15,1983-12-10,1,NYJ,W 34-7,77,2,0,3,0,0,0,0,0,0,0,0,0,11.38
128,8,16,1971-12-05,1,HOU,L 3-29,111,0,3,8,0,0,0,0,0,0,0,0,0,2.24
129,9,1,2000-10-01,0,SDG,W 57-31,390,4,0,6,0,0,0,0,0,0,3,0,0,35.2
130,9,2,2000-12-03,1,CAR,L 3-16,189,0,4,0,0,0,0,0,0,0,0,0,0,3.56
131,9,3,2001-12-17,1,NOR,W 34-21,338,4,0,2,0,0,0,0,0,0,3,0,0,32.72
132,9,4,2002-09-29,0,DAL,L 10-13,17,0,1,0,0,0,0,0,0,0,0,0,0,-0.32
133,9,5,1999-10-24,0,CLE,W 34-3,203,3,0,0,0,0,0,0,0,0,0,0,0,20.12
134,9,6,1999-10-03,1,CIN,W 38-10,310,3,0,0,0,0,0,0,0,0,3,0,0,27.4
135,9,7,2001-12-30,0,IND,W 42-17,359,3,1,-1,0,0,0,0,0,0,3,0,0,28.26
136,9,8,2001-11-26,0,TAM,L 17-24,291,1,2,0,0,0,0,0,0,0,0,0,0,13.64
137,9,9,2002-09-23,1,TAM,L 14-26,301,0,4,19,0,0,0,0,0,0,3,0,0,12.94
138,9,10,1999-10-10,0,SFO,W 42-20,323,5,1,10,0,0,0,0,0,0,3,0,0,35.92
139,9,11,2001-10-28,0,NOR,L 31-34,385,1,4,0,0,0,0,0,0,0,3,0,0,18.4
140,9,12,1999-09-26,0,ATL,W 35-7,275,3,0,7,1,0,0,0,0,0,0,0,0,29.7
141,9,13,2002-12-01,1,PHI,L 3-10,218,0,2,1,0,0,0,0,0,0,0,0,0,6.82
142,9,14,2001-09-30,0,MIA,W 42-10,328,4,0,-1,0,0,0,0,0,0,3,0,0,32.02
143,9,15,2001-10-08,1,DET,W 35-0,291,3,0,0,0,0,0,0,0,0,0,0,0,23.64
144,9,16,2001-12-02,1,ATL,W 35-6,342,4,0,3,0,0,0,0,0,0,3,0,0,32.98
145,10,1,1990-10-28,0,CLE,W 20-17,185,1,2,32,0,0,0,0,0,0,0,0,0,12.6
146,10,2,1990-12-30,1,MIN,W 20-17,88,0,1,5,0,0,0,0,0,0,0,0,0,3.02
147,10,3,1989-09-24,1,PHI,W 38-28,428,5,1,14,0,0,0,0,0,0,3,0,0,40.52
148,10,4,1985-10-27,1,RAM,W 28-14,306,3,0,4,0,0,0,0,0,0,3,0,0,27.64
149,10,5,1981-12-20,1,NOR,W 21-17,106,2,0,10,0,0,0,0,0,0,0,0,0,13.24
150,10,6,1987-11-29,0,CLE,W 38-24,342,4,1,43,0,0,0,0,0,0,3,0,0,35.98
151,10,7,1984-12-08,0,MIN,W 51-7,246,3,0,4,0,0,0,0,0,0,0,0,0,22.24
152,10,8,1988-11-27,1,SDG,W 48-10,271,3,0,14,0,0,0,0,0,0,0,0,0,24.24
153,10,9,1985-09-29,0,NOR,L 17-20,120,0,2,14,0,0,0,0,0,0,0,0,0,4.2
154,10,10,1989-11-12,0,ATL,W 45-3,270,3,0,13,1,6,0,0,0,0,0,0,0,36.1
155,10,11,1979-12-02,1,STL,L 10-13,36,0,0,22,0,0,0,0,0,0,0,0,0,3.64
156,10,12,1989-10-08,1,NOR,W 24-20,291,3,0,11,0,0,0,0,0,0,0,0,0,24.74
157,10,13,1985-10-20,1,DET,L 21-23,97,0,1,17,1,6,0,0,0,0,0,0,0,16.58
158,10,14,1983-09-03,0,PHI,L 17-22,118,0,1,10,0,0,0,0,0,0,0,0,0,4.72
159,10,15,1984-10-28,1,RAM,W 33-0,365,3,0,11,0,0,0,0,0,0,3,0,0,30.7
160,10,16,1983-09-08,1,MIN,W 48-17,230,4,0,8,0,0,0,0,0,0,0,0,0,26
161,11,1,1992-12-06,0,CIN,W 37-21,239,2,0,0,0,0,0,0,0,0,0,0,0,17.56
162,11,2,1986-11-16,1,RAI,L 14-27,188,0,2,2,0,0,0,0,0,0,0,0,0,5.72
163,11,3,1987-12-13,0,CIN,W 38-24,241,4,0,0,0,0,0,0,0,0,0,0,0,25.64
164,11,4,1989-09-25,1,CIN,L 14-21,203,2,0,1,0,0,0,0,0,0,0,0,0,16.22
165,11,5,1987-11-22,1,HOU,W 40-7,257,2,0,0,0,0,0,0,0,0,0,0,0,18.28
166,11,6,1989-11-05,1,TAM,W 42-31,164,3,0,-6,0,0,0,0,0,0,0,0,0,17.96
167,11,7,1985-10-27,0,WAS,L 7-14,84,0,2,-2,0,0,0,0,0,0,0,0,0,1.16
168,11,8,1988-12-04,0,DAL,W 24-21,308,3,0,0,0,0,0,0,0,0,3,0,0,27.32
169,11,9,1990-09-23,0,SDG,L 14-24,232,0,3,0,0,0,0,0,0,0,0,0,0,6.28
170,11,10,1989-10-23,0,CHI,W 27-7,281,2,0,1,0,0,0,0,0,0,0,0,0,19.34
171,11,11,1991-09-08,1,NWE,W 20-0,187,2,0,-3,0,0,0,0,0,0,0,0,0,15.18
172,11,12,1986-11-30,0,HOU,W 13-10,172,1,3,12,0,0,0,0,0,0,0,0,0,9.08
173,11,13,1993-09-19,1,RAI,W 19-16,71,0,3,0,0,0,0,0,0,0,0,0,0,-0.16
174,11,14,1986-12-21,0,SDG,W 47-17,258,2,0,17,0,0,0,0,0,0,0,0,0,20.02
175,11,15,1986-11-02,1,IND,W 24-9,238,3,0,-2,0,0,0,0,0,0,0,0,0,21.32
176,11,16,1989-10-15,0,PIT,L 7-17,162,0,4,9,0,1,-7,0,0,0,0,0,0,3.68
177,12,1,2003-09-28,1,NOR,W 55-21,314,6,0,1,0,0,0,0,0,0,3,0,0,39.66
178,12,2,2008-11-30,1,CLE,W 10-6,125,0,2,-2,0,0,0,0,0,0,0,0,0,2.8
179,12,3,2001-12-10,1,MIA,L 6-41,173,0,3,5,0,0,0,0,0,0,0,0,0,4.42
180,12,4,2000-10-22,0,NWE,W 30-23,268,3,0,0,0,0,0,0,0,0,0,0,0,22.72
181,12,5,2008-10-19,1,GNB,L 14-34,229,0,2,-1,0,0,0,0,0,0,0,0,0,7.06
182,12,6,2005-12-04,0,TEN,W 35-3,187,3,0,-1,0,0,0,0,0,0,0,0,0,19.38
183,12,7,2007-12-09,1,BAL,W 44-20,249,4,0,0,0,0,0,0,0,0,0,0,0,25.96
184,12,8,1998-09-20,1,NYJ,L 6-44,193,0,2,26,0,0,0,0,0,0,0,0,0,8.32
185,12,9,1998-11-08,1,MIA,L 14-27,140,1,2,0,0,0,0,0,0,0,0,0,0,7.6
186,12,10,2010-09-19,0,NYG,W 38-14,255,3,0,-3,0,0,0,0,0,0,0,0,0,21.9
187,12,11,2002-11-10,1,PHI,W 35-13,319,3,0,11,0,0,0,0,0,0,3,0,0,28.86
188,12,12,2003-12-14,0,ATL,W 38-7,290,5,0,0,0,0,0,0,0,0,0,0,0,31.6
189,12,13,2005-09-18,0,JAX,W 10-3,122,0,1,0,0,0,0,0,0,0,0,0,0,3.88
190,12,14,2004-11-08,0,MIN,W 31-28,268,4,0,20,0,0,0,0,0,0,0,0,0,28.72
191,12,15,2005-10-02,1,TEN,W 31-10,264,4,0,3,0,0,0,0,0,0,0,0,0,26.86
192,12,16,2008-12-28,0,TEN,W 23-0,95,1,0,0,0,0,0,0,0,0,0,0,0,7.8
193,13,1,1989-09-24,0,WAS,L 7-30,83,0,2,3,0,0,0,0,0,0,0,0,0,1.62
194,13,2,1989-11-23,0,PHI,L 0-27,54,0,3,25,0,0,0,0,0,0,0,0,0,1.66
195,13,3,1993-11-07,0,NYG,W 31-9,162,2,0,17,0,0,0,0,0,0,0,0,0,16.18
196,13,4,1994-10-23,1,ARI,W 28-21,51,1,0,0,0,0,0,0,0,0,0,0,0,6.04
197,13,5,2000-10-29,0,JAX,L 17-23,43,1,0,0,0,0,0,0,0,0,0,0,0,5.72
198,13,6,2000-09-03,0,PHI,L 14-41,0,0,1,0,0,0,0,0,0,0,0,0,0,-1
199,13,7,1992-09-20,0,PHO,W 31-20,263,3,0,8,0,0,0,0,0,0,0,0,0,23.32
200,13,8,2000-10-22,0,ARI,W 48-7,154,2,0,0,0,0,0,0,0,0,0,0,0,14.16
201,13,9,1992-12-21,1,ATL,W 41-17,239,3,0,0,0,0,0,0,0,0,0,0,0,21.56
202,13,10,1991-09-15,0,PHI,L 0-24,112,0,3,0,0,1,-6,0,0,0,0,0,0,1.88
203,13,11,1994-10-09,0,ARI,W 38-3,231,2,0,5,0,0,0,0,0,0,0,0,0,17.74
204,13,12,1993-12-26,0,WAS,W 38-3,193,2,0,1,0,0,0,0,0,0,0,0,0,15.82
205,13,13,1996-10-20,0,ATL,W 32-28,265,2,0,0,0,0,0,0,0,0,0,0,0,18.6
206,13,14,1990-10-14,1,PHO,L 3-20,61,0,2,6,0,0,0,0,0,0,0,0,0,1.04
207,13,15,1997-08-31,1,PIT,W 37-7,295,4,0,0,0,0,0,0,0,0,0,0,0,27.8
208,13,16,1999-09-20,0,ATL,W 24-7,109,0,2,2,0,0,0,0,0,0,0,0,0,2.56
209,14,1,1967-10-08,0,MIA,W 41-0,250,5,0,6,0,0,0,0,0,0,0,0,0,30.6
210,14,2,1967-11-23,0,OAK,L 22-44,130,1,4,0,0,0,0,0,0,0,0,0,0,5.2
211,14,3,1963-11-08,0,OAK,L 7-22,49,0,2,25,0,0,0,0,0,0,0,0,0,2.46
212,14,4,1967-10-29,0,DEN,W 52-9,222,3,0,5,0,0,0,0,0,0,0,0,0,21.38
213,14,5,1963-09-07,1,DEN,W 59-7,278,4,0,0,0,0,0,0,0,0,0,0,0,27.12
214,14,6,1968-09-28,1,MIA,W 48-3,205,3,0,3,0,0,0,0,0,0,0,0,0,20.5
215,14,7,1963-10-06,0,HOU,W 28-7,225,4,0,12,0,0,0,0,0,0,0,0,0,26.2
216,14,8,1973-10-29,1,BUF,L 14-23,26,0,2,0,0,0,0,0,0,0,0,0,0,-0.96
217,14,9,1966-09-11,1,BUF,W 42-20,129,2,0,0,0,0,0,0,0,0,0,0,0,13.16
218,14,10,1964-09-27,1,OAK,W 21-9,189,2,0,-1,1,6,0,0,0,0,0,0,0,27.46
219,14,11,1970-10-04,1,DEN,L 13-26,109,0,3,0,0,0,0,0,0,0,0,0,0,1.36
220,14,12,1964-11-08,0,OAK,W 42-7,222,4,0,12,0,0,0,0,0,0,0,0,0,26.08
221,14,13,1970-11-22,0,STL,T 6-6,38,0,2,13,0,0,0,0,0,0,0,0,0,0.82
222,14,14,1974-09-15,0,NYJ,W 24-16,119,0,2,16,0,0,0,0,0,0,0,0,0,4.36
223,14,15,1970-11-15,1,PIT,W 31-14,257,3,1,21,0,0,0,0,0,0,0,0,0,23.38
224,14,16,1965-11-28,0,HOU,W 52-21,211,3,0,5,1,6,0,0,0,0,0,0,0,32.94
225,15,1,1984-09-02,1,MIN,W 42-13,292,2,0,0,0,0,0,0,0,0,0,0,0,19.68
226,15,2,1974-11-24,1,GNB,L 0-34,17,0,1,0,0,0,0,0,0,0,0,0,0,-0.32
227,15,3,1973-10-21,0,ATL,L 0-41,99,0,4,0,0,0,0,0,0,0,0,0,0,-0.04
228,15,4,1976-09-26,0,STL,W 43-24,259,4,0,4,0,0,0,0,0,0,0,0,0,26.76
229,15,5,1982-12-11,1,SFO,W 41-37,444,5,0,-2,0,0,0,0,0,0,3,0,0,40.56
230,15,6,1977-12-04,0,CLE,W 37-14,237,3,0,11,0,0,0,0,0,0,0,0,0,22.58
231,15,7,1980-11-30,0,PHI,W 22-21,342,2,0,-5,0,0,0,0,0,0,3,0,0,24.18
232,15,8,1975-10-05,0,OAK,L 0-6,29,0,2,37,0,0,0,0,0,0,0,0,0,2.86
233,15,9,1980-09-07,1,SEA,W 34-13,230,4,0,3,0,0,0,0,0,0,0,0,0,25.5
234,15,10,1985-09-29,0,CLE,L 7-21,82,1,0,0,0,0,0,0,0,0,0,0,0,7.28
235,15,11,1976-12-12,1,OAK,L 0-24,82,0,2,0,0,0,0,0,0,0,0,0,0,1.28
236,15,12,1979-10-14,0,SEA,W 20-10,318,3,0,-2,0,0,0,0,0,0,3,0,0,27.52
237,15,13,1974-10-06,0,PHI,L 7-13,134,1,3,0,0,0,0,0,0,0,0,0,0,6.36
238,15,14,1973-11-04,0,KAN,L 0-19,128,0,3,0,0,0,0,0,0,0,0,0,0,2.12
239,15,15,1976-10-17,0,HOU,W 30-27,279,2,0,0,0,0,0,0,0,0,0,0,0,19.16
240,15,16,1981-09-07,1,CLE,W 44-14,330,3,0,9,0,0,0,0,0,0,3,0,0,29.1
241,16,1,1998-11-22,0,OAK,W 40-14,197,3,0,2,0,1,14,0,0,0,0,0,0,22.48
242,16,2,1993-11-07,1,CLE,W 29-14,244,3,0,7,0,0,0,0,0,0,0,0,0,22.46
243,16,3,1983-09-04,1,PIT,W 14-10,14,0,1,0,0,0,0,0,0,0,0,0,0,-0.44
244,16,4,1983-12-18,1,KAN,L 17-48,143,0,4,11,0,0,0,0,0,0,0,0,0,2.82
245,16,5,1990-11-04,1,MIN,L 22-27,88,1,0,16,0,0,0,0,0,0,0,0,0,9.12
246,16,6,1998-12-27,0,SEA,W 28-21,338,4,0,8,0,0,0,0,0,0,3,0,0,33.32
247,16,7,1995-11-05,0,ARI,W 38-6,256,3,0,0,0,0,0,0,0,0,0,0,0,22.24
248,16,8,1998-12-21,1,MIA,L 21-31,151,0,2,39,0,0,0,0,0,0,0,0,0,7.94
249,16,9,1986-11-09,0,SDG,L 3-9,196,0,3,22,0,0,0,0,0,0,0,0,0,7.04
250,16,10,1983-10-02,1,CHI,L 14-31,36,0,1,10,0,0,0,0,0,0,0,0,0,1.44
251,16,11,1989-11-26,0,SEA,W 41-14,217,4,0,17,0,0,0,0,0,0,0,0,0,26.38
252,16,12,1983-11-27,1,SDG,L 7-31,147,0,3,1,0,0,0,0,0,0,0,0,0,2.98
253,16,13,1995-11-12,1,PHI,L 13-31,54,1,0,0,0,0,0,0,0,0,0,0,0,6.16
254,16,14,1986-11-02,1,RAI,W 21-10,141,1,0,0,0,0,0,0,0,0,0,0,0,9.64
255,16,15,1998-09-13,0,DAL,W 42-23,268,2,0,1,1,0,0,0,0,0,0,0,0,24.82
256,16,16,1984-11-18,0,MIN,W 42-21,218,5,0,0,0,0,0,0,0,0,0,0,0,28.72
257,17,1,1975-10-19,0,MIA,L 0-43,96,0,6,0,0,0,0,0,0,0,0,0,0,-2.16
258,17,2,1975-10-05,0,NWE,W 36-7,218,4,1,-4,0,0,0,0,0,0,0,0,0,23.32
259,17,3,1967-12-24,1,SDG,W 42-31,343,4,0,5,0,0,0,0,0,0,3,0,0,33.22
260,17,4,1975-10-26,0,BAL,L 28-45,333,3,1,5,0,0,0,0,0,0,3,0,0,27.82
261,17,5,1974-09-22,1,CHI,W 23-21,257,1,0,0,0,0,0,0,0,0,0,0,0,14.28
262,17,6,1969-12-14,1,MIA,W 27-9,99,2,0,0,0,0,0,0,0,0,0,0,0,11.96
263,17,7,1967-10-22,1,MIA,W 33-14,199,2,0,0,0,0,0,0,0,0,0,0,0,15.96
264,17,8,1974-09-29,1,BUF,L 12-16,33,0,3,0,0,0,0,0,0,0,0,0,0,-1.68
265,17,9,1972-09-24,1,BAL,W 44-34,496,6,1,1,0,0,0,0,0,0,3,0,0,45.94
266,17,10,1966-12-17,0,BOS,W 38-28,287,3,0,0,0,0,0,0,0,0,0,0,0,23.48
267,17,11,1971-12-04,1,DAL,L 10-52,20,0,1,0,0,0,0,0,0,0,0,0,0,-0.2
268,17,12,1976-12-12,0,CIN,L 3-42,20,0,4,0,0,0,0,0,0,0,0,0,0,-3.2
269,17,13,1966-10-16,1,HOU,L 0-24,143,0,4,0,0,0,0,0,0,0,0,0,0,1.72
270,17,14,1968-12-01,0,MIA,W 35-17,104,2,0,4,0,0,0,0,0,0,0,0,0,12.56
271,17,15,1974-10-13,0,NWE,L 0-24,63,0,2,0,0,0,0,0,0,0,0,0,0,0.52
272,17,16,1974-12-15,1,BAL,W 45-38,281,2,0,0,0,0,0,0,0,0,0,0,0,19.24
273,18,1,1996-11-24,0,IND,W 27-13,242,2,0,4,0,0,0,0,0,0,0,0,0,18.08
274,18,2,2000-10-01,1,DEN,W 28-19,271,4,1,-2,0,0,0,0,0,0,0,0,0,25.64
275,18,3,1996-12-15,1,DAL,L 6-12,178,0,3,0,0,0,0,0,0,0,0,0,0,4.12
276,18,4,1996-12-01,1,SDG,W 45-7,232,4,0,-1,0,0,0,0,0,0,0,0,0,25.18
277,18,5,1994-10-30,0,MIA,L 3-23,125,0,3,8,0,0,0,0,0,0,0,0,0,2.8
278,18,6,1994-11-06,1,CLE,L 6-13,166,0,4,0,0,0,0,0,0,0,0,0,0,2.64
279,18,7,1993-12-26,0,IND,W 38-0,143,2,0,2,0,0,0,0,0,0,0,0,0,13.92
280,18,8,1995-09-17,1,SFO,L 3-28,241,0,3,0,0,0,0,0,0,0,0,0,0,6.64
281,18,9,1999-10-31,1,ARI,W 27-3,276,4,0,0,0,0,0,0,0,0,0,0,0,27.04
282,18,10,1998-10-11,0,KAN,W 40-10,226,3,0,8,0,0,0,0,0,0,0,0,0,21.84
283,18,11,2000-10-15,0,NYJ,L 17-34,208,0,3,16,1,0,0,0,0,0,0,0,0,12.92
284,18,12,1996-10-06,1,BAL,W 46-38,310,4,0,1,0,0,0,0,0,0,3,0,0,31.5
285,18,13,1997-09-07,1,IND,W 31-6,267,4,0,1,0,0,0,0,0,0,0,0,0,26.78
286,18,14,1994-12-18,1,BUF,W 41-17,276,3,0,0,0,0,0,0,0,0,0,0,0,23.04
287,18,15,1993-12-05,1,PIT,L 14-17,296,1,5,-1,0,0,0,0,0,0,0,0,0,10.74
288,18,16,1997-08-31,0,SDG,W 41-7,340,4,0,8,0,0,0,0,0,0,3,0,0,33.4
289,19,1,1973-10-22,1,DEN,T 23-23,313,2,0,34,0,0,0,0,0,0,3,0,0,26.92
290,19,2,1973-10-28,1,BAL,W 34-21,304,2,0,8,0,0,0,0,0,0,3,0,0,23.96
291,19,3,1972-09-17,1,PIT,L 28-34,54,0,3,0,0,0,0,0,0,0,0,0,0,-0.84
292,19,4,1976-11-07,1,CHI,W 28-27,234,3,0,-3,0,0,0,0,0,0,0,0,0,21.06
293,19,5,1975-12-21,0,KAN,W 28-20,134,1,0,0,0,0,0,0,0,0,0,0,0,9.36
294,19,6,1974-10-27,1,SFO,W 35-24,140,2,0,0,0,0,0,0,0,0,0,0,0,13.6
295,19,7,1977-12-11,0,MIN,W 35-13,143,3,0,0,0,0,0,0,0,0,0,0,0,17.72
296,19,8,1974-11-10,0,DET,W 35-13,248,2,0,0,0,0,0,0,0,0,0,0,0,17.92
297,19,9,1976-10-10,1,SDG,W 27-17,339,3,1,0,0,0,0,0,0,0,3,0,0,27.56
298,19,10,1977-12-04,1,RAM,L 14-20,194,1,4,0,0,0,0,0,0,0,0,0,0,7.76
299,19,11,1975-10-19,1,CIN,L 10-14,113,0,4,0,0,0,0,0,0,0,0,0,0,0.52
300,19,12,1974-11-03,1,DEN,W 28-17,217,4,0,3,0,0,0,0,0,0,0,0,0,24.98
301,19,13,1975-12-08,0,DEN,W 17-10,85,0,2,-1,0,0,0,0,0,0,0,0,0,1.3
302,19,14,1979-09-23,1,KAN,L 7-35,91,0,2,0,0,0,0,0,0,0,0,0,0,1.64
303,19,15,1975-10-12,1,KAN,L 10-42,142,0,3,-3,0,0,0,0,0,0,0,0,0,2.38
304,19,16,1979-10-25,0,SDG,W 45-22,212,1,0,-2,0,0,0,0,0,0,0,0,0,12.28
305,20,1,2003-11-09,0,MIA,W 31-7,201,2,0,3,0,0,0,0,0,0,0,0,0,16.34
306,20,2,2000-01-02,1,PIT,W 47-36,107,1,0,14,0,0,0,0,0,0,0,0,0,9.68
307,20,3,1997-11-16,1,JAX,L 9-17,162,0,2,33,0,0,0,0,0,0,0,0,0,7.78
308,20,4,2000-12-10,0,CIN,W 35-3,229,3,0,10,0,0,0,0,0,0,0,0,0,22.16
309,20,5,2003-10-12,0,HOU,W 38-17,421,3,0,2,0,0,0,0,0,0,3,0,0,32.04
310,20,6,2000-09-10,0,KAN,W 17-14,93,0,2,42,0,0,0,0,0,0,0,0,0,5.92
311,20,7,2003-11-23,1,ATL,W 38-31,95,2,0,9,0,0,0,0,0,0,0,0,0,12.7
312,20,8,2004-10-17,0,HOU,L 10-20,210,1,4,33,0,0,0,0,0,0,0,0,0,11.7
313,20,9,2005-12-24,1,MIA,L 10-24,34,0,2,8,0,0,0,0,0,0,0,0,0,0.16
314,20,10,1997-12-21,0,PIT,W 16-6,102,0,1,90,0,0,0,0,0,0,0,0,0,12.08
315,20,11,2000-10-16,0,JAX,W 27-13,234,2,0,4,0,0,0,0,0,0,0,0,0,17.76
316,20,12,1999-12-26,0,JAX,W 41-14,291,5,0,34,0,0,0,0,0,0,0,0,0,35.04
317,20,13,1997-10-05,1,SEA,L 13-16,101,1,2,11,0,0,0,0,0,0,0,0,0,7.14
318,20,14,2001-12-02,1,CLE,W 31-15,244,3,0,10,0,0,0,0,0,0,0,0,0,22.76
319,20,15,1998-10-18,0,CIN,W 44-14,277,1,0,16,1,0,0,0,0,0,0,0,0,22.68
320,20,16,2003-09-28,1,PIT,W 30-13,161,3,0,5,0,0,0,0,0,0,0,0,0,18.94
321,21,1,1990-12-15,1,NYG,W 17-13,115,1,0,5,0,0,0,0,0,0,0,0,0,9.1
322,21,2,1991-11-24,1,NWE,L 13-16,204,1,4,0,0,0,0,0,0,0,0,0,0,8.16
323,21,3,1989-11-26,0,CIN,W 24-7,123,3,0,15,0,0,0,0,0,0,0,0,0,18.42
324,21,4,1994-10-30,0,KAN,W 44-10,184,4,0,0,0,0,0,0,0,0,0,0,0,23.36
325,21,5,1992-11-29,1,IND,L 13-16,184,1,2,5,0,0,0,0,0,0,0,0,0,9.86
326,21,6,1992-11-08,0,PIT,W 28-20,290,3,0,3,0,0,0,0,0,0,0,0,0,23.9
327,21,7,1996-09-16,1,PIT,L 6-24,116,0,4,0,0,0,0,0,0,0,0,0,0,0.64
328,21,8,1987-11-29,0,MIA,W 27-0,217,2,0,11,0,0,0,0,0,0,0,0,0,17.78
329,21,9,1992-12-27,1,HOU,L 3-27,47,0,1,0,0,0,0,0,0,0,0,0,0,0.88
330,21,10,1991-09-29,0,CHI,W 35-20,303,3,0,0,0,0,0,0,0,0,3,0,0,27.12
331,21,11,1986-10-26,0,NWE,L 3-23,166,0,2,29,0,0,0,0,0,0,0,0,0,7.54
332,21,12,1993-10-11,0,HOU,W 35-7,247,3,0,0,0,0,0,0,0,0,0,0,0,21.88
333,21,13,1995-09-10,0,CAR,W 31-9,176,1,3,0,0,0,0,0,0,0,0,0,0,8.04
334,21,14,1989-10-01,0,NWE,W 31-10,278,3,0,-1,0,0,0,0,0,0,0,0,0,23.02
335,21,15,1992-09-27,1,NWE,W 41-7,308,3,0,1,0,0,0,0,0,0,3,0,0,27.42
336,21,16,1991-12-15,1,IND,W 35-7,119,3,0,-4,0,0,0,0,0,0,0,0,0,16.36
337,22,1,1961-12-10,1,DET,L 7-13,141,1,3,42,0,0,0,0,0,0,0,0,0,10.84
338,22,2,1961-09-24,1,DAL,L 7-21,117,0,2,11,0,0,0,0,0,0,0,0,0,3.78
339,22,3,1977-11-13,0,CIN,W 42-10,195,1,0,1,0,0,0,0,0,0,0,0,0,11.9
340,22,4,1972-11-19,1,RAM,W 45-41,319,4,0,9,0,0,0,0,0,0,3,0,0,32.66
341,22,5,1977-10-24,1,RAM,L 3-35,108,0,2,0,0,0,0,0,0,0,0,0,0,2.32
342,22,6,1974-10-13,0,HOU,W 51-10,274,3,0,15,0,0,0,0,0,0,0,0,0,24.46
343,22,7,1965-11-28,0,SFO,L 24-45,33,0,1,0,0,0,0,0,0,0,0,0,0,0.32
344,22,8,1976-12-11,1,MIA,W 29-7,184,3,0,5,0,0,0,0,0,0,0,0,0,19.86
345,22,9,1966-11-13,0,DET,L 31-32,106,0,5,53,0,0,0,0,0,0,0,0,0,4.54
346,22,10,1972-09-24,1,DET,W 34-10,158,2,0,19,0,0,0,0,0,0,0,0,0,16.22
347,22,11,1973-11-11,0,DET,W 28-7,177,1,0,-1,0,0,0,0,0,0,0,0,0,10.98
348,22,12,1973-11-25,0,CHI,W 31-13,161,1,0,8,1,6,0,0,0,0,0,0,0,23.24
349,22,13,1964-12-13,1,CHI,W 41-14,182,1,0,41,0,0,0,0,0,0,0,0,0,15.38
350,22,14,1963-11-17,0,BAL,L 34-37,225,2,0,46,0,0,0,0,0,0,0,0,0,21.6
351,22,15,1978-09-11,0,DEN,W 12-9,98,0,3,4,0,0,0,0,0,0,0,0,0,1.32
352,22,16,1974-12-01,0,NOR,W 29-9,317,3,0,6,0,0,0,0,0,0,3,0,0,28.28
353,23,1,2005-01-02,1,SEA,L 26-28,35,1,0,13,0,0,0,0,0,0,0,0,0,6.7
354,23,2,2006-12-24,0,CAR,L 3-10,109,0,2,32,0,0,0,0,0,0,0,0,0,5.56
355,23,3,2004-12-05,1,TAM,L 0-27,115,0,2,81,0,0,0,0,0,0,0,0,0,10.7
356,23,4,2004-11-21,1,NYG,W 14-10,115,2,0,104,0,0,0,0,0,0,0,3,0,26
357,23,5,2004-10-31,1,DEN,W 41-28,252,2,0,115,0,0,0,0,0,0,0,3,0,32.58
358,23,6,2006-10-29,1,CIN,W 29-27,291,3,0,55,0,0,0,0,0,0,0,0,0,29.14
359,23,7,2005-12-18,1,CHI,L 3-16,122,0,2,35,0,1,-14,0,0,0,0,0,0,5.98
360,23,8,2005-10-24,0,NYJ,W 27-14,116,0,3,18,2,0,0,0,0,0,0,0,0,15.44
361,23,9,2004-09-19,0,STL,W 34-17,179,1,0,109,0,0,0,0,0,0,0,3,0,25.06
362,23,10,2006-12-16,0,DAL,L 28-38,237,4,1,56,0,0,0,0,0,0,0,0,0,30.08
363,23,11,2003-12-14,1,IND,L 7-38,47,0,1,30,0,0,0,0,0,0,0,0,0,3.88
364,23,12,2005-10-02,0,MIN,W 30-10,49,1,0,58,0,0,0,0,0,0,0,0,0,11.76
365,23,13,2003-12-20,1,TAM,W 30-28,119,2,0,39,0,0,0,0,0,0,0,0,0,16.66
366,23,14,2002-11-24,1,CAR,W 41-0,272,2,0,20,0,0,0,0,0,0,0,0,0,20.88
367,23,15,2004-10-24,1,KAN,L 10-56,119,0,2,62,0,0,0,0,0,0,0,0,0,8.96
368,23,16,2006-12-03,1,WAS,W 24-14,122,2,0,59,0,0,0,0,0,0,0,0,0,18.78
369,24,1,1996-11-10,0,IND,W 37-13,204,3,0,-2,0,0,0,0,0,0,0,0,0,19.96
370,24,2,1987-10-25,0,BUF,L 31-34,303,4,0,0,0,0,0,0,0,0,3,0,0,31.12
371,24,3,1991-12-09,0,CIN,W 37-13,281,3,0,0,0,0,0,0,0,0,0,0,0,23.24
372,24,4,1986-11-24,0,NYJ,W 45-3,288,4,0,0,0,0,0,0,0,0,0,0,0,27.52
373,24,5,1992-10-18,0,NWE,W 38-17,294,4,1,12,0,0,0,0,0,0,0,0,0,27.96
374,24,6,1992-11-08,1,IND,W 28-0,245,2,0,12,0,0,0,0,0,0,0,0,0,19
375,24,7,1997-11-02,1,BUF,L 6-9,76,0,1,0,0,0,0,0,0,0,0,0,0,2.04
376,24,8,1987-11-29,1,BUF,L 0-27,165,0,3,0,0,0,0,0,0,0,0,0,0,3.6
377,24,9,1984-10-14,0,HOU,W 28-10,321,3,0,4,0,0,0,0,0,0,3,0,0,28.24
378,24,10,1990-09-23,1,NYG,L 3-20,115,0,2,0,0,0,0,0,0,0,0,0,0,2.6
379,24,11,1999-10-17,1,NWE,W 31-30,8,0,1,0,0,0,0,0,0,0,0,0,0,-0.68
380,24,12,1999-11-25,1,DAL,L 0-20,178,0,5,0,0,0,0,0,0,0,0,0,0,2.12
381,24,13,1984-09-30,1,STL,W 36-28,429,3,0,-2,0,0,0,0,0,0,3,0,0,31.96
382,24,14,1991-09-01,1,BUF,L 31-35,267,3,0,0,0,0,0,0,0,0,0,0,0,22.68
383,24,15,1984-09-02,1,WAS,W 35-17,311,5,0,-7,0,0,0,0,0,0,3,0,0,34.74
384,24,16,1989-10-01,1,HOU,L 7-39,103,0,2,0,0,0,0,0,0,0,0,0,0,2.12
385,25,1,2004-09-19,0,SFO,W 30-27,279,3,0,4,0,0,0,0,0,0,0,0,0,23.56
386,25,2,2001-09-09,1,BUF,W 24-6,209,3,0,10,0,0,0,0,0,0,0,0,0,21.36
387,25,3,2001-11-18,0,IND,W 34-20,249,2,0,26,1,0,0,0,0,0,0,0,0,26.56
388,25,4,2003-12-14,0,NYG,W 45-7,296,5,0,11,0,0,0,0,0,0,0,0,0,32.94
389,25,5,2001-10-28,1,STL,W 34-31,254,3,0,1,0,0,0,0,0,0,0,0,0,22.26
390,25,6,2005-12-04,0,TAM,L 3-10,215,0,4,9,0,0,0,0,0,0,0,0,0,5.5
391,25,7,2002-12-29,0,CAR,L 6-10,145,0,2,8,0,0,0,0,0,0,0,0,0,4.6
392,25,8,2005-11-27,1,NYJ,W 21-19,181,3,0,-2,0,0,0,0,0,0,0,0,0,19.04
393,25,9,2002-01-06,0,SFO,L 0-38,119,0,4,6,0,0,0,0,0,0,0,0,0,1.36
394,25,10,2001-11-04,0,NYJ,L 9-16,164,0,2,50,0,0,0,0,0,0,0,0,0,9.56
395,25,11,2001-12-30,0,WAS,L 10-40,127,1,3,24,0,0,0,0,0,0,0,0,0,8.48
396,25,12,2005-10-09,1,GNB,L 3-52,146,0,2,32,0,0,0,0,0,0,0,0,0,7.04
397,25,13,2003-09-14,0,HOU,W 31-10,189,2,0,4,0,0,0,0,0,0,0,0,0,15.96
398,25,14,2004-12-19,1,TAM,W 21-17,169,2,0,17,0,0,0,0,0,0,0,0,0,16.46
399,25,15,2002-10-20,0,SFO,W 35-27,254,3,0,26,1,0,0,0,0,0,0,0,0,30.76
400,25,16,2003-10-19,1,ATL,W 45-17,352,3,0,14,0,0,0,0,0,0,3,0,0,30.48
401,26,1,1992-09-27,0,MIN,L 7-42,97,0,4,15,0,0,0,0,0,0,0,0,0,1.38
402,26,2,1988-10-09,0,NYJ,W 36-19,220,3,0,61,0,0,0,0,0,0,0,0,0,26.9
403,26,3,1985-10-13,0,NYG,W 35-30,193,3,0,-27,0,0,0,0,0,0,0,0,0,17.02
404,26,4,1987-11-15,1,ATL,W 16-10,159,0,2,77,0,0,0,0,0,0,0,0,0,12.06
405,26,5,1989-12-17,0,HOU,W 61-7,326,4,0,9,0,0,0,0,0,0,3,0,0,32.94
406,26,6,1986-12-14,0,CLE,L 3-34,151,0,2,0,0,0,0,0,0,0,0,0,0,4.04
407,26,7,1992-11-22,0,DET,L 13-19,64,0,2,9,0,0,0,0,0,0,0,0,0,1.46
408,26,8,1988-09-11,1,PHI,W 28-24,363,4,1,-2,0,0,0,0,0,0,3,0,0,32.32
409,26,9,1992-11-15,1,NYJ,L 14-17,109,0,2,4,0,0,0,0,0,0,0,0,0,2.76
410,26,10,1985-12-01,0,HOU,W 45-27,320,3,0,0,0,0,0,0,0,0,3,0,0,27.8
411,26,11,1986-12-21,0,NYJ,W 52-21,425,5,1,45,0,0,0,0,0,0,3,0,0,43.5
412,26,12,1986-10-05,1,GNB,W 34-28,207,3,0,11,0,0,0,0,0,0,0,0,0,21.38
413,26,13,1988-10-02,1,RAI,W 45-21,332,3,0,6,0,0,0,0,0,0,3,0,0,28.88
414,26,14,1985-12-08,0,DAL,W 50-24,265,3,0,0,0,0,0,0,0,0,0,0,0,22.6
415,26,15,1990-10-07,1,RAM,W 34-31,490,3,0,0,0,0,0,0,0,0,3,0,0,34.6
416,26,16,1991-12-15,1,PIT,L 10-17,125,0,2,2,0,0,0,0,0,0,0,0,0,3.2
417,27,1,1988-12-18,1,RAI,W 43-37,410,4,1,8,0,0,0,0,0,0,3,0,0,35.2
418,27,2,1986-12-14,1,SDG,W 34-24,305,4,0,6,0,0,0,0,0,0,3,0,0,31.8
419,27,3,1985-11-17,0,NWE,L 13-20,229,0,3,24,1,0,0,0,0,0,0,0,0,14.56
420,27,4,1990-09-09,1,CHI,L 0-17,91,0,3,1,0,0,0,0,0,0,0,0,0,0.74
421,27,5,1990-11-11,1,KAN,W 17-16,306,2,0,0,0,0,0,0,0,0,3,0,0,23.24
422,27,6,1985-12-08,0,CLE,W 31-13,268,4,0,-1,0,0,0,0,0,0,0,0,0,26.62
423,27,7,1986-12-08,0,RAI,W 37-0,243,2,0,23,0,0,0,0,0,0,0,0,0,20.02
424,27,8,1983-12-18,0,NWE,W 24-6,230,2,0,11,1,0,0,0,0,0,0,0,0,24.3
425,27,9,1988-09-18,1,SDG,L 6-17,134,0,3,-2,0,0,0,0,0,0,0,0,0,2.16
426,27,10,1987-09-20,0,KAN,W 43-14,152,3,0,22,0,0,0,0,0,0,0,0,0,20.28
427,27,11,1985-09-15,1,SDG,W 49-35,307,5,0,10,0,0,0,0,0,0,3,0,0,36.28
428,27,12,1990-10-21,0,KAN,W 19-7,132,0,4,3,0,0,0,0,0,0,0,0,0,1.58
429,27,13,1985-09-08,1,CIN,W 28-24,236,3,0,9,0,0,0,0,0,0,0,0,0,22.34
430,27,14,1991-11-24,0,DEN,W 13-10,70,1,2,-2,0,0,0,0,0,0,0,0,0,4.6
431,27,15,1988-12-11,0,DEN,W 42-14,220,2,0,-3,0,0,0,0,0,0,0,0,0,16.5
432,27,16,1985-10-20,1,DEN,L 10-13,115,1,3,1,0,0,0,0,0,0,0,0,0,5.7
433,28,1,1990-10-14,0,GNB,W 26-14,292,1,0,0,0,1,3,0,0,0,0,0,0,16.98
434,28,2,1990-09-09,1,DET,W 38-21,237,3,1,-6,0,0,0,0,0,0,0,0,0,19.88
435,28,3,1991-10-06,0,PHI,W 14-13,52,0,1,-4,0,0,0,0,0,0,0,0,0,0.68
436,28,4,1992-10-25,0,DET,L 7-38,26,0,1,0,0,0,0,0,0,0,0,0,0,0.04
437,28,5,1990-09-23,0,DET,W 23-20,181,1,0,16,0,0,0,0,0,0,0,0,0,12.84
438,28,6,1990-12-02,0,ATL,W 23-17,351,2,1,16,0,0,0,0,0,0,3,0,0,25.64
439,28,7,1988-11-20,0,CHI,L 15-27,86,0,2,55,0,0,0,0,0,0,0,0,0,6.94
440,28,8,1990-10-07,1,DAL,L 10-14,194,1,0,19,0,0,0,0,0,0,0,0,0,13.66
441,28,9,1989-12-03,0,GNB,L 16-17,188,0,5,0,0,0,0,0,0,0,0,0,0,2.52
442,28,10,1992-09-13,0,GNB,W 31-3,363,2,0,18,1,0,0,0,0,0,3,0,0,33.32
443,28,11,1989-12-17,1,DET,L 7-33,18,0,1,16,0,0,0,0,0,0,0,0,0,1.32
444,28,12,1992-11-22,1,SDG,L 14-29,187,1,0,28,1,0,0,0,0,0,0,0,0,20.28
445,28,13,1989-09-10,1,GNB,W 23-21,205,1,0,14,0,0,0,0,0,0,0,0,0,13.6
446,28,14,1990-09-30,1,MIN,W 23-20,162,1,0,32,0,0,0,0,0,0,0,0,0,13.68
447,28,15,1991-11-17,1,ATL,L 7-43,71,0,2,19,0,0,0,0,0,0,0,0,0,2.74
448,28,16,1991-12-08,0,MIN,L 24-26,330,2,0,15,0,0,0,0,0,0,3,0,0,25.7
449,29,1,2008-10-19,0,NOR,W 30-7,195,2,0,8,0,0,0,0,0,0,0,0,0,16.6
450,29,2,2005-10-30,0,MIN,W 38-13,341,3,0,2,0,0,0,0,0,0,3,0,0,28.84
451,29,3,2006-01-01,1,ATL,W 44-11,163,2,0,0,0,0,0,0,0,0,0,0,0,14.52
452,29,4,2009-11-29,1,NYJ,L 6-17,130,0,4,0,0,0,0,0,0,0,0,0,0,1.2
453,29,5,2008-10-26,0,ARI,W 27-23,248,2,0,-2,0,0,0,0,0,0,0,0,0,17.72
454,29,6,2004-12-26,1,TAM,W 37-20,214,4,0,12,0,0,0,0,0,0,0,0,0,25.76
455,29,7,2004-10-17,1,PHI,L 8-30,205,1,4,2,0,0,0,0,0,0,0,0,0,8.4
456,29,8,2008-10-12,1,TAM,L 3-27,242,0,3,-1,0,0,0,0,0,0,0,0,0,6.58
457,29,9,2008-12-28,1,NOR,W 33-31,250,1,0,0,0,0,0,0,0,0,0,0,0,14
458,29,10,2006-12-31,1,NOR,W 31-21,207,2,0,-3,0,0,0,0,0,0,0,0,0,15.98
459,29,11,2008-11-09,1,OAK,W 17-6,72,1,4,0,0,0,0,0,0,0,0,0,0,2.88
460,29,12,2007-09-09,1,STL,W 27-13,199,3,0,12,0,0,0,0,0,0,0,0,0,21.16
461,29,13,2003-09-14,1,TAM,W 12-9,96,0,2,2,0,0,0,0,0,0,0,0,0,2.04
462,29,14,2008-09-28,0,ATL,W 24-9,294,2,0,0,0,0,0,0,0,0,0,0,0,19.76
463,29,15,2005-10-03,0,GNB,W 32-29,206,2,0,-3,0,0,0,0,0,0,0,0,0,15.94
464,29,16,2009-09-13,0,PHI,L 10-38,73,0,4,9,0,0,0,1,0,0,0,0,0,5.82
465,30,1,1998-09-20,0,BAL,W 24-10,376,2,0,1,0,0,0,0,0,0,3,0,0,26.14
466,30,2,2002-10-20,1,BAL,L 10-17,231,0,3,18,0,0,0,0,0,0,0,0,0,8.04
467,30,3,1997-12-21,1,OAK,W 20-9,243,2,0,27,0,0,0,0,0,0,0,0,0,20.42
468,30,4,1999-12-26,1,TEN,L 14-41,95,0,1,14,0,0,0,0,0,0,0,0,0,4.2
469,30,5,1996-10-13,0,NYJ,W 21-17,248,2,0,3,0,0,0,0,0,0,0,0,0,18.22
470,30,6,1998-10-12,0,MIA,W 28-21,213,2,1,22,0,0,0,0,0,0,0,0,0,17.72
471,30,7,1998-11-22,1,PIT,L 15-30,212,1,3,9,0,0,0,0,0,0,0,0,0,10.38
472,30,8,2002-12-15,1,CIN,W 29-15,223,3,0,7,0,0,0,0,0,0,0,0,0,21.62
473,30,9,2000-12-10,0,ARI,W 44-10,182,2,0,30,0,0,0,0,0,0,0,0,0,18.28
474,30,10,1997-09-28,1,WAS,L 12-24,153,0,2,4,0,0,0,0,0,0,0,0,0,4.52
475,30,11,1998-12-06,0,DET,W 37-22,0,0,0,0,0,0,0,0,0,0,0,0,0,0
476,30,12,2001-09-30,0,CLE,L 14-23,34,0,1,0,0,0,0,0,0,0,0,0,0,0.36
477,30,13,2000-10-29,1,DAL,W 23-17,231,3,0,41,0,0,0,0,0,0,0,0,0,25.34
478,30,14,2001-09-09,0,PIT,W 21-3,198,3,0,7,0,0,0,0,0,0,0,0,0,20.62
479,30,15,2003-09-07,1,CAR,L 23-24,272,2,0,-2,0,0,0,0,0,0,0,0,0,18.68
480,30,16,1996-12-15,0,SEA,W 20-13,231,2,0,34,0,0,0,0,0,0,0,0,0,20.64
481,31,1,2004-11-28,1,NWE,L 3-24,93,0,1,10,0,0,0,0,0,0,0,0,0,3.72
482,31,2,2004-10-04,0,KAN,L 24-27,154,1,0,3,0,0,0,0,0,0,0,0,0,10.46
483,31,3,2005-12-19,0,GNB,W 48-3,253,3,0,9,0,0,0,0,0,0,0,0,0,23.02
484,31,4,2004-11-21,0,DAL,W 30-10,232,2,0,9,0,0,0,0,0,0,0,0,0,18.18
485,31,5,2004-09-26,1,CIN,W 23-9,126,1,0,24,1,6,0,0,0,0,0,0,0,23.44
486,31,6,2005-11-13,1,JAX,L 3-30,142,0,3,9,0,0,0,0,0,0,0,0,0,3.58
487,31,7,2003-09-28,0,KAN,L 10-17,140,0,3,15,0,0,0,0,0,0,0,0,0,4.1
488,31,8,2007-12-03,0,NWE,L 24-27,210,2,1,4,0,0,0,0,0,0,0,0,0,15.8
489,31,9,2004-12-12,0,NYG,W 37-14,219,4,0,19,0,0,0,0,0,0,0,0,0,26.66
490,31,10,2007-09-16,0,NYJ,W 20-13,185,2,0,7,0,0,0,0,0,0,0,0,0,16.1
491,31,11,2004-10-10,1,WAS,W 17-10,81,0,3,-6,0,0,0,0,0,0,0,0,0,-0.36
492,31,12,2003-10-19,1,CIN,L 26-34,302,2,1,8,0,0,0,0,0,0,3,0,0,22.88
493,31,13,2006-01-01,1,CLE,L 16-20,151,0,2,4,0,0,0,0,0,0,0,0,0,4.44
494,31,14,2005-12-25,0,MIN,W 30-23,289,3,1,1,0,0,0,0,0,0,0,0,0,22.66
495,31,15,2004-11-14,1,NYJ,W 20-17,213,2,0,5,0,0,0,0,0,0,0,0,0,17.02
496,31,16,2003-09-14,0,CLE,W 33-13,78,0,1,3,0,0,0,0,0,0,0,0,0,2.42
497,32,1,1990-11-26,0,BUF,W 27-24,300,2,0,4,0,0,0,0,0,0,3,0,0,23.4
498,32,2,1984-09-30,0,NOR,L 10-27,36,0,2,13,0,0,0,0,0,0,0,0,0,0.74
499,32,3,1990-12-16,1,KAN,W 27-10,527,3,0,2,0,0,0,0,0,0,3,0,0,36.28
500,32,4,1986-11-30,1,CLE,L 10-13,68,0,4,4,0,0,0,0,0,0,0,0,0,-0.88
501,32,5,1990-11-18,1,CLE,W 35-23,322,5,0,15,0,0,0,0,0,0,3,0,0,37.38
502,32,6,1984-11-18,0,NYJ,W 31-20,207,3,0,5,0,0,0,0,0,0,0,0,0,20.78
503,32,7,1987-11-15,1,PIT,W 23-3,239,2,0,6,0,0,0,0,0,0,0,0,0,18.16
504,32,8,1988-10-16,1,PIT,W 34-14,174,2,0,0,0,0,0,0,0,0,0,0,0,14.96
505,32,9,1990-10-14,0,CIN,W 48-17,369,5,1,19,0,0,0,0,0,0,3,0,0,38.66
506,32,10,1993-11-14,1,CIN,W 38-3,225,4,0,0,0,0,0,0,0,0,0,0,0,25
507,32,11,1984-11-25,1,CLE,L 10-27,84,0,2,4,0,0,0,0,0,0,0,0,0,1.76
508,32,12,1986-10-26,0,RAI,L 17-28,304,0,4,9,0,0,0,0,0,0,3,0,0,12.06
509,32,13,1989-12-03,1,PIT,W 23-16,171,2,0,21,0,0,0,0,0,0,0,0,0,16.94
510,32,14,1985-11-10,1,BUF,L 0-20,22,0,3,-1,0,0,0,0,0,0,0,0,0,-2.22
511,32,15,1989-12-17,1,CIN,L 7-61,96,0,2,0,0,0,0,0,0,0,0,0,0,1.84
512,32,16,1989-10-01,0,MIA,W 39-7,254,2,0,6,0,0,0,0,0,0,0,0,0,18.76
