-- phpMyAdmin SQL Dump
-- version 4.7.4
-- https://www.phpmyadmin.net/
--
-- Host: 127.0.0.1:3306
-- Generation Time: Oct 12, 2017 at 07:30 PM
-- Server version: 5.7.19
-- PHP Version: 5.6.31

SET SQL_MODE = "NO_AUTO_VALUE_ON_ZERO";
SET AUTOCOMMIT = 0;
START TRANSACTION;
SET time_zone = "+00:00";


/*!40101 SET @OLD_CHARACTER_SET_CLIENT=@@CHARACTER_SET_CLIENT */;
/*!40101 SET @OLD_CHARACTER_SET_RESULTS=@@CHARACTER_SET_RESULTS */;
/*!40101 SET @OLD_COLLATION_CONNECTION=@@COLLATION_CONNECTION */;
/*!40101 SET NAMES utf8mb4 */;

--
-- Database: `psdevdb`
--

-- --------------------------------------------------------

--
-- Table structure for table `contests`
--

DROP TABLE IF EXISTS `contests`;
CREATE TABLE IF NOT EXISTS `contests` (
  `contestID` int(11) NOT NULL AUTO_INCREMENT,
  `iconID` varchar(50) NOT NULL,
  `styleID` varchar(4) NOT NULL,
  `contest_name` varchar(140) NOT NULL,
  `entry_fee` int(6) NOT NULL,
  `entries` int(11) NOT NULL,
  `entry_limit` varchar(11) NOT NULL,
  `prize_total` int(11) NOT NULL,
  `contest_date_start` date NOT NULL,
  `contest_date_end` date NOT NULL,
  `contest_status` int(1) NOT NULL,
  PRIMARY KEY (`contestID`)
) ENGINE=MyISAM AUTO_INCREMENT=3 DEFAULT CHARSET=latin1;

--
-- Dumping data for table `contests`
--

INSERT INTO `contests` (`contestID`, `iconID`, `styleID`, `contest_name`, `entry_fee`, `entries`, `entry_limit`, `prize_total`, `contest_date_start`, `contest_date_end`, `contest_status`) VALUES
(1, '1', '1', 'NFL Legends Alpha Testing Tournament #2', 0, 0, 'Unlimited', 0, '2017-10-24', '2017-10-25', 1),
(2, '2', '2', 'NFL Legends Alpha Test Tournament #1', 0, 10, '10', 0, '2017-10-17', '2017-10-18', 2);

-- --------------------------------------------------------

--
-- Table structure for table `conteststatus`
--

DROP TABLE IF EXISTS `conteststatus`;
CREATE TABLE IF NOT EXISTS `conteststatus` (
  `statusID` int(1) NOT NULL AUTO_INCREMENT,
  `status` varchar(15) NOT NULL,
  PRIMARY KEY (`statusID`)
) ENGINE=MyISAM AUTO_INCREMENT=5 DEFAULT CHARSET=latin1;

--
-- Dumping data for table `conteststatus`
--

INSERT INTO `conteststatus` (`statusID`, `status`) VALUES
(1, 'Open'),
(2, 'Full'),
(3, 'In Progress'),
(4, 'Closed');

-- --------------------------------------------------------

--
-- Table structure for table `icons`
--

DROP TABLE IF EXISTS `icons`;
CREATE TABLE IF NOT EXISTS `icons` (
  `iconID` int(3) NOT NULL AUTO_INCREMENT,
  `sport` varchar(50) NOT NULL,
  `league` varchar(15) NOT NULL,
  `icon_html` varchar(255) NOT NULL,
  PRIMARY KEY (`iconID`)
) ENGINE=MyISAM AUTO_INCREMENT=3 DEFAULT CHARSET=latin1;

--
-- Dumping data for table `icons`
--

INSERT INTO `icons` (`iconID`, `sport`, `league`, `icon_html`) VALUES
(1, 'football', 'NFL', 'ion-ios-americanfootball'),
(2, 'basketball', 'NBA', 'ion-ios-basketball');

-- --------------------------------------------------------

--
-- Table structure for table `legends_dst`
--

DROP TABLE IF EXISTS `legends_dst`;
CREATE TABLE IF NOT EXISTS `legends_dst` (
  `dstID` int(2) NOT NULL AUTO_INCREMENT,
  `dst_city` varchar(25) NOT NULL,
  `dst_team` varchar(25) NOT NULL,
  `dst_abbrv` varchar(4) NOT NULL,
  `dst_year` int(4) NOT NULL,
  `dst_fppg` decimal(4,2) NOT NULL,
  `dst_salary` int(5) NOT NULL,
  PRIMARY KEY (`dstID`)
) ENGINE=MyISAM AUTO_INCREMENT=33 DEFAULT CHARSET=latin1;

--
-- Dumping data for table `legends_dst`
--

INSERT INTO `legends_dst` (`dstID`, `dst_city`, `dst_team`, `dst_abbrv`, `dst_year`, `dst_fppg`, `dst_salary`) VALUES
(1, 'Chicago ', 'Bears', 'CHI', 1985, '17.19', 6000),
(2, 'Cleveland', 'Browns', 'CLE', 1950, '16.50', 5700),
(3, 'Minnesota', 'Vikings', 'MIN', 1969, '16.13', 5600),
(4, 'Kansas City', 'Chiefs', 'KC', 1969, '16.06', 5600),
(5, 'Atlanta ', 'Falcons', 'ATL', 1977, '15.56', 5400),
(6, 'Green Bay', 'Packers', 'GB', 1962, '15.13', 5200),
(7, 'Pittsburgh', 'Steelers', 'PIT', 1976, '14.44', 5000),
(8, 'Los Angeles', 'Rams', 'LAR', 1973, '14.44', 5000),
(9, 'Indianapolis', 'Colts', 'IND', 1968, '14.19', 4900),
(10, 'Baltimore', 'Ravens', 'BAL', 2000, '13.81', 4800),
(11, 'Houston', 'Oilers', 'HOU', 1993, '13.63', 4700),
(12, 'Tampa Bay', 'Buccaneers', 'TB', 2002, '13.44', 4600),
(13, 'Philadelphia', 'Eagles', 'PHI', 1991, '13.38', 4600),
(14, 'Washington', 'Redskins', 'WAS', 1991, '13.38', 4600),
(15, 'Jacksonville', 'Jaguars', 'JAX', 1999, '13.19', 4500),
(16, 'Tennesee', 'Titans', 'TEN', 2000, '13.19', 4500),
(17, 'Miami', 'Dolphins', 'MIA', 1972, '12.81', 4400),
(18, 'Seattle ', 'Seahawks', 'SEA', 2013, '12.31', 4300),
(19, 'New York', 'Giants', 'NYG', 1986, '12.06', 4200),
(20, 'New Orleans', 'Saints', 'NO', 1987, '11.94', 4100),
(21, 'New York', 'Jets', 'NYJ', 1968, '11.94', 4100),
(22, 'Oakland', 'Raiders', 'OAK', 1975, '11.69', 4000),
(23, 'Buffalo', 'Bills', 'BUF', 1990, '11.63', 4000),
(24, 'New England', 'Patriots', 'NE', 2004, '11.38', 3900),
(25, 'Dallas', 'Cowboys', 'DAL', 1994, '11.06', 3800),
(26, 'San Diego', 'Chargers', 'SD', 1994, '11.00', 3800),
(27, 'Denver ', 'Broncos', 'DEN', 2015, '10.94', 3700),
(28, 'Carolina', 'Panthers', 'CAR', 2015, '10.75', 3700),
(29, 'Detroit', 'Lions', 'DET', 1991, '10.00', 3500),
(30, 'San Francisco', '49ers', 'SF', 1988, '9.75', 3400),
(31, 'Cincinatti', 'Bengals', 'CIN', 1988, '9.25', 3200),
(32, 'Arizona', 'Cardinals', 'AZ', 2008, '8.06', 2800);

-- --------------------------------------------------------

--
-- Table structure for table `legends_dstdata`
--

DROP TABLE IF EXISTS `legends_dstdata`;
CREATE TABLE IF NOT EXISTS `legends_dstdata` (
  `rowID` int(11) NOT NULL,
  `dstID` int(6) NOT NULL,
  `gameID` int(6) NOT NULL,
  `game_date` date NOT NULL,
  `opp` varchar(4) NOT NULL,
  `pa` int(2) NOT NULL,
  `sack` int(2) NOT NULL,
  `interception` int(2) NOT NULL,
  `dfr` int(2) NOT NULL,
  `blocked_kicks` int(2) NOT NULL,
  `safety` int(2) NOT NULL,
  `krtd` int(2) NOT NULL,
  `prtd` int(2) NOT NULL,
  `intrettd` int(2) NOT NULL,
  `fumrettd` int(2) NOT NULL,
  `blkrettd` int(2) NOT NULL,
  `fgrettd` int(2) NOT NULL,
  `deftd` int(2) NOT NULL,
  `subtotal` float NOT NULL,
  `ptnet` float NOT NULL,
  `total` float NOT NULL
) ENGINE=MyISAM DEFAULT CHARSET=latin1;

--
-- Dumping data for table `legends_dstdata`
--

INSERT INTO `legends_dstdata` (`rowID`, `dstID`, `gameID`, `game_date`, `opp`, `pa`, `sack`, `interception`, `dfr`, `blocked_kicks`, `safety`, `krtd`, `prtd`, `intrettd`, `fumrettd`, `blkrettd`, `fgrettd`, `deftd`, `subtotal`, `ptnet`, `total`) VALUES
(1, 1, 1, '1985-09-08', 'TB', 28, 2, 1, 0, 0, 0, 0, 0, 1, 0, 0, 0, 1, 10, -1, 9),
(2, 1, 2, '1985-09-15', 'NE', 7, 6, 3, 1, 0, 0, 0, 0, 0, 0, 0, 0, 0, 14, 4, 18),
(3, 1, 3, '1985-09-19', 'MIN', 24, 4, 3, 2, 0, 0, 0, 0, 0, 0, 0, 0, 0, 14, 0, 14),
(4, 1, 4, '1985-09-29', 'WAS', 10, 4, 2, 1, 0, 0, 1, 0, 0, 0, 0, 0, 0, 16, 4, 20),
(5, 1, 5, '1985-10-06', 'TB', 19, 0, 2, 1, 0, 0, 0, 0, 0, 0, 0, 0, 0, 6, 1, 7),
(6, 1, 6, '1985-10-13', 'SF', 10, 7, 0, 2, 0, 0, 0, 0, 0, 0, 0, 0, 0, 11, 4, 15),
(7, 1, 7, '1985-10-21', 'GB', 7, 5, 4, 1, 0, 0, 0, 0, 0, 0, 0, 0, 0, 15, 4, 19),
(8, 1, 8, '1985-10-27', 'MIN', 9, 4, 5, 0, 0, 0, 0, 0, 1, 0, 0, 0, 1, 20, 4, 24),
(9, 1, 9, '1985-11-03', 'GB', 10, 3, 1, 0, 0, 1, 0, 0, 0, 0, 0, 0, 0, 7, 4, 11),
(10, 1, 10, '1985-11-10', 'DET', 3, 4, 2, 2, 0, 0, 0, 0, 0, 0, 0, 0, 0, 12, 7, 19),
(11, 1, 11, '1985-11-17', 'DAL', 0, 6, 4, 1, 0, 0, 0, 0, 2, 0, 0, 0, 2, 28, 10, 38),
(12, 1, 12, '1985-11-24', 'ATL', 0, 5, 2, 1, 0, 1, 0, 0, 0, 0, 0, 0, 0, 13, 10, 23),
(13, 1, 13, '1985-12-02', 'MIA', 38, 3, 1, 1, 0, 0, 0, 0, 0, 0, 0, 0, 0, 7, -4, 3),
(14, 1, 14, '1985-12-08', 'IND', 10, 1, 0, 0, 0, 0, 0, 0, 0, 0, 0, 0, 0, 1, 4, 5),
(15, 1, 15, '1985-12-14', 'NYJ', 6, 4, 0, 3, 0, 0, 0, 0, 0, 0, 0, 0, 0, 10, 7, 17),
(16, 1, 16, '1985-12-22', 'DET', 17, 6, 3, 4, 0, 0, 1, 0, 0, 1, 0, 0, 1, 32, 1, 33),
(17, 2, 1, '1950-09-16', 'PHI', 10, 2, 3, 2, 0, 0, 0, 0, 0, 0, 0, 0, 0, 12, 4, 16),
(18, 2, 2, '1950-09-24', 'IND', 0, 0, 4, 0, 0, 0, 0, 0, 0, 0, 0, 0, 0, 8, 10, 18),
(19, 2, 3, '1950-10-01', 'NYG', 6, 0, 0, 1, 0, 0, 0, 0, 0, 0, 0, 0, 0, 2, 7, 9),
(20, 2, 4, '1950-10-07', 'PIT', 17, 0, 1, 5, 0, 1, 0, 0, 0, 0, 0, 0, 0, 14, 1, 15),
(21, 2, 5, '1950-10-15', 'AZ', 24, 0, 2, 0, 0, 0, 0, 0, 0, 0, 0, 0, 0, 4, 0, 4),
(22, 2, 6, '1950-10-22', 'NYG', 17, 1, 1, 3, 0, 0, 0, 0, 0, 0, 0, 0, 0, 9, 1, 10),
(23, 2, 7, '1950-10-29', 'PIT', 7, 0, 6, 2, 0, 0, 0, 0, 0, 0, 0, 0, 0, 16, 4, 20),
(24, 2, 8, '1950-11-05', 'AZ', 7, 0, 4, 1, 0, 0, 0, 0, 0, 0, 0, 0, 0, 10, 4, 14),
(25, 2, 9, '1950-11-12', 'SF', 14, 0, 3, 6, 0, 0, 0, 0, 0, 0, 0, 0, 0, 18, 1, 19),
(26, 2, 10, '1950-11-19', 'WAS', 14, 0, 2, 1, 0, 0, 0, 0, 0, 0, 0, 0, 0, 6, 1, 7),
(27, 2, 11, '1950-12-03', 'PHI', 7, 0, 2, 2, 0, 0, 0, 0, 1, 0, 0, 0, 1, 14, 4, 18),
(28, 2, 12, '1950-12-10', 'WAS', 21, 2, 3, 1, 0, 0, 0, 1, 1, 0, 0, 0, 1, 22, 0, 22),
(29, 2, 13, '1951-09-30', 'SF', 24, 3, 1, 3, 0, 0, 0, 0, 0, 0, 0, 0, 0, 11, 0, 11),
(30, 2, 14, '1951-10-07', 'LAR', 23, 1, 3, 1, 0, 0, 0, 0, 1, 0, 0, 0, 1, 15, 0, 15),
(31, 2, 15, '1951-10-14', 'WAS', 0, 2, 3, 4, 0, 0, 0, 0, 0, 1, 0, 0, 1, 22, 10, 32),
(32, 2, 16, '1951-10-21', 'PIT', 0, 4, 2, 2, 0, 0, 0, 0, 1, 1, 0, 0, 2, 24, 10, 34),
(33, 3, 1, '1969-09-21', 'NYG', 24, 3, 0, 2, 0, 0, 0, 0, 0, 0, 0, 0, 0, 7, 0, 7),
(34, 3, 2, '1969-09-28', 'IND', 14, 2, 3, 0, 0, 0, 0, 0, 0, 0, 0, 0, 0, 8, 1, 9),
(35, 3, 3, '1969-10-05', 'GB', 7, 8, 1, 2, 0, 0, 0, 0, 0, 0, 0, 0, 0, 14, 4, 18),
(36, 3, 4, '1969-10-12', 'CHI', 0, 4, 3, 1, 0, 0, 0, 0, 0, 1, 0, 0, 1, 18, 10, 28),
(37, 3, 5, '1969-10-19', 'AZ', 10, 1, 1, 0, 0, 0, 0, 0, 0, 0, 0, 0, 0, 3, 4, 7),
(38, 3, 6, '1969-10-26', 'DET', 10, 6, 4, 0, 0, 0, 0, 0, 0, 0, 0, 0, 0, 14, 4, 18),
(39, 3, 7, '1969-11-02', 'CHI', 14, 9, 1, 1, 0, 0, 0, 0, 0, 0, 0, 0, 0, 13, 1, 14),
(40, 3, 8, '1969-11-09', 'CLE', 3, 2, 4, 0, 0, 0, 0, 0, 0, 0, 0, 0, 0, 10, 7, 17),
(41, 3, 9, '1969-11-16', 'GB', 7, 1, 2, 1, 0, 0, 0, 0, 0, 0, 0, 0, 0, 7, 4, 11),
(42, 3, 10, '1969-11-23', 'PIT', 14, 2, 4, 1, 0, 0, 0, 0, 1, 1, 0, 0, 2, 24, 1, 25),
(43, 3, 11, '1969-11-27', 'DET', 0, 7, 2, 1, 0, 0, 0, 0, 0, 0, 0, 0, 0, 13, 10, 23),
(44, 3, 12, '1969-12-07', 'LAR', 13, 0, 1, 0, 0, 0, 0, 0, 0, 0, 0, 0, 0, 2, 4, 6),
(45, 3, 13, '1969-12-14', 'SF', 7, 2, 3, 1, 0, 0, 0, 0, 0, 0, 0, 0, 0, 10, 4, 14),
(46, 3, 14, '1969-12-21', 'ATL', 10, 2, 1, 2, 0, 0, 0, 0, 0, 0, 0, 0, 0, 8, 4, 12),
(47, 3, 15, '1970-09-20', 'KC', 10, 1, 2, 2, 0, 0, 0, 0, 0, 1, 0, 0, 1, 15, 4, 19),
(48, 3, 16, '1970-09-27', 'NO', 0, 0, 2, 2, 0, 0, 0, 0, 0, 2, 0, 0, 2, 20, 10, 30),
(49, 4, 1, '1969-09-14', 'SD', 9, 2, 4, 1, 0, 0, 0, 0, 0, 0, 0, 0, 0, 12, 4, 16),
(50, 4, 2, '1969-09-21', 'NE', 0, 3, 0, 1, 0, 0, 0, 0, 0, 0, 0, 0, 0, 5, 10, 15),
(51, 4, 3, '1969-09-28', 'CIN', 24, 3, 3, 1, 0, 0, 0, 0, 0, 0, 0, 0, 0, 11, 0, 11),
(52, 4, 4, '1969-10-05', 'DEN', 13, 4, 1, 0, 0, 0, 0, 0, 1, 0, 0, 0, 1, 12, 4, 16),
(53, 4, 5, '1969-10-12', 'HOU', 0, 4, 5, 4, 0, 0, 0, 0, 0, 1, 0, 0, 1, 28, 10, 38),
(54, 4, 6, '1969-10-19', 'MIA', 10, 4, 3, 0, 0, 0, 0, 0, 0, 0, 0, 0, 0, 10, 4, 14),
(55, 4, 7, '1969-10-26', 'CIN', 22, 6, 0, 2, 0, 0, 0, 0, 0, 1, 0, 0, 1, 16, 0, 16),
(56, 4, 8, '1969-11-02', 'BUF', 7, 9, 4, 2, 0, 0, 0, 0, 0, 0, 0, 0, 0, 21, 4, 25),
(57, 4, 9, '1969-11-09', 'SD', 3, 4, 5, 0, 0, 0, 0, 0, 0, 0, 0, 0, 0, 14, 7, 21),
(58, 4, 10, '1969-11-16', 'NYJ', 16, 3, 3, 2, 0, 0, 0, 0, 0, 0, 0, 0, 0, 13, 1, 14),
(59, 4, 11, '1969-11-23', 'OAK', 27, 0, 0, 0, 0, 0, 0, 0, 0, 0, 0, 0, 0, 0, 0, 0),
(60, 4, 12, '1969-11-27', 'DEN', 17, 3, 2, 0, 0, 0, 1, 0, 1, 0, 0, 0, 1, 19, 1, 20),
(61, 4, 13, '1969-12-07', 'BUF', 19, 2, 0, 2, 0, 0, 0, 0, 0, 0, 0, 0, 0, 6, 1, 7),
(62, 4, 14, '1969-12-13', 'OAK', 10, 1, 2, 0, 0, 0, 0, 0, 0, 0, 0, 0, 0, 5, 4, 9),
(63, 4, 15, '1970-09-20', 'MIN', 27, 2, 2, 1, 0, 0, 0, 0, 0, 0, 0, 0, 0, 8, 0, 8),
(64, 4, 16, '1970-09-28', 'IND', 24, 7, 5, 2, 0, 0, 0, 0, 0, 1, 0, 0, 1, 27, 0, 27),
(65, 5, 1, '1977-09-18', 'LAR', 6, 3, 0, 3, 0, 0, 0, 0, 0, 0, 0, 0, 0, 9, 7, 16),
(66, 5, 2, '1977-09-25', 'WAS', 10, 3, 2, 1, 0, 0, 0, 0, 0, 0, 0, 0, 0, 9, 4, 13),
(67, 5, 3, '1977-10-02', 'NYG', 3, 9, 2, 2, 0, 0, 0, 0, 0, 0, 0, 0, 0, 17, 7, 24),
(68, 5, 4, '1977-10-09', 'SF', 0, 4, 1, 0, 0, 0, 0, 0, 0, 0, 0, 0, 0, 6, 10, 16),
(69, 5, 5, '1977-10-16', 'BUF', 3, 0, 0, 2, 0, 0, 0, 0, 0, 0, 0, 0, 0, 4, 7, 11),
(70, 5, 6, '1977-10-23', 'CHI', 10, 4, 3, 2, 0, 0, 0, 0, 0, 0, 0, 0, 0, 14, 4, 18),
(71, 5, 7, '1977-10-30', 'MIN', 14, 2, 3, 2, 0, 0, 0, 0, 0, 0, 0, 0, 0, 12, 1, 13),
(72, 5, 8, '1977-11-06', 'SF', 10, 3, 0, 2, 0, 0, 0, 0, 0, 0, 0, 0, 0, 7, 4, 11),
(73, 5, 9, '1977-11-13', 'DET', 6, 3, 2, 2, 0, 0, 0, 0, 1, 1, 0, 0, 2, 23, 7, 30),
(74, 5, 10, '1977-11-20', 'NO', 21, 1, 3, 0, 0, 0, 0, 0, 1, 0, 0, 0, 1, 13, 0, 13),
(75, 5, 11, '1977-11-27', 'TB', 0, 4, 4, 1, 0, 0, 0, 0, 0, 0, 0, 0, 0, 14, 10, 24),
(76, 5, 12, '1977-12-04', 'NE', 16, 1, 3, 0, 0, 0, 0, 0, 0, 0, 0, 0, 0, 7, 1, 8),
(77, 5, 13, '1977-12-11', 'LAR', 23, 2, 1, 2, 0, 0, 0, 0, 0, 0, 0, 0, 0, 8, 0, 8),
(78, 5, 14, '1977-12-18', 'NO', 7, 3, 2, 3, 0, 0, 0, 0, 0, 0, 0, 0, 0, 13, 4, 17),
(79, 5, 15, '1978-09-03', 'HOU', 14, 4, 0, 1, 0, 0, 0, 0, 0, 1, 0, 0, 1, 12, 1, 13),
(80, 5, 16, '1978-09-10', 'LAR', 10, 2, 2, 2, 0, 0, 0, 0, 0, 0, 0, 0, 0, 10, 4, 14),
(81, 6, 1, '1962-09-16', 'MIN', 7, 6, 5, 2, 0, 0, 0, 0, 0, 0, 0, 0, 0, 20, 4, 24),
(82, 6, 2, '1962-09-23', 'AZ', 0, 5, 2, 3, 0, 0, 0, 0, 0, 0, 0, 0, 0, 15, 10, 25),
(83, 6, 3, '1962-09-30', 'CHI', 0, 5, 5, 0, 0, 0, 0, 0, 1, 0, 0, 0, 1, 21, 10, 31),
(84, 6, 4, '1962-10-07', 'DET', 7, 2, 1, 0, 0, 0, 0, 0, 0, 0, 0, 0, 0, 4, 4, 8),
(85, 6, 5, '1962-10-14', 'MIN', 21, 3, 3, 0, 0, 0, 0, 0, 0, 0, 0, 0, 0, 9, 0, 9),
(86, 6, 6, '1962-10-21', 'SF', 13, 2, 3, 0, 0, 0, 0, 0, 0, 0, 0, 0, 0, 8, 4, 12),
(87, 6, 7, '1962-10-28', 'IND', 6, 1, 2, 1, 0, 0, 0, 0, 0, 0, 0, 0, 0, 7, 7, 14),
(88, 6, 8, '1962-11-04', 'CHI', 7, 0, 3, 4, 0, 0, 0, 0, 0, 0, 0, 0, 0, 14, 4, 18),
(89, 6, 9, '1962-11-11', 'PHI', 0, 4, 1, 0, 0, 0, 0, 0, 0, 0, 0, 0, 0, 6, 10, 16),
(90, 6, 10, '1962-11-18', 'IND', 13, 5, 1, 2, 0, 0, 1, 0, 0, 0, 0, 0, 0, 17, 4, 21),
(91, 6, 11, '1962-11-22', 'DET', 26, 0, 2, 3, 0, 0, 0, 0, 0, 1, 0, 0, 1, 16, 0, 16),
(92, 6, 12, '1962-12-02', 'LAR', 10, 5, 1, 2, 0, 0, 0, 0, 0, 0, 0, 0, 0, 11, 4, 15),
(93, 6, 13, '1962-12-09', 'SF', 21, 0, 2, 1, 0, 0, 0, 0, 0, 0, 0, 0, 0, 6, 0, 6),
(94, 6, 14, '1962-12-16', 'LAR', 17, 1, 0, 1, 0, 0, 0, 0, 0, 0, 0, 0, 0, 3, 1, 4),
(95, 6, 15, '1963-09-15', 'CHI', 10, 1, 1, 1, 0, 0, 0, 0, 0, 0, 0, 0, 0, 5, 4, 9),
(96, 6, 16, '1963-09-22', 'DET', 10, 2, 4, 0, 0, 0, 0, 0, 0, 0, 0, 0, 0, 10, 4, 14),
(97, 7, 1, '1976-09-12', 'OAK', 31, 2, 4, 0, 0, 0, 0, 0, 0, 0, 0, 0, 0, 10, -1, 9),
(98, 7, 2, '1976-09-19', 'CLE', 14, 1, 0, 4, 0, 0, 0, 0, 0, 0, 0, 0, 0, 9, 1, 10),
(99, 7, 3, '1976-09-26', 'NE', 30, 0, 2, 2, 0, 0, 0, 0, 0, 0, 0, 0, 0, 8, -1, 7),
(100, 7, 4, '1976-10-04', 'MIN', 17, 2, 2, 2, 0, 0, 0, 0, 0, 0, 0, 0, 0, 10, 1, 11),
(101, 7, 5, '1976-10-10', 'CLE', 18, 1, 0, 2, 0, 0, 0, 0, 0, 0, 0, 0, 0, 5, 1, 6),
(102, 7, 6, '1976-10-17', 'CIN', 6, 5, 2, 1, 0, 0, 0, 0, 0, 0, 0, 0, 0, 11, 7, 18),
(103, 7, 7, '1976-10-24', 'NYG', 0, 5, 1, 1, 0, 0, 0, 0, 0, 0, 0, 0, 0, 9, 10, 19),
(104, 7, 8, '1976-10-31', 'SD', 0, 5, 1, 4, 0, 0, 0, 0, 0, 0, 0, 0, 0, 15, 10, 25),
(105, 7, 9, '1976-11-07', 'KC', 0, 2, 4, 2, 0, 0, 0, 0, 0, 0, 0, 0, 0, 14, 10, 24),
(106, 7, 10, '1976-11-14', 'MIA', 3, 5, 0, 0, 0, 0, 0, 0, 0, 0, 0, 0, 0, 5, 7, 12),
(107, 7, 11, '1976-11-21', 'HOU', 16, 1, 2, 2, 1, 1, 0, 0, 0, 0, 0, 0, 0, 13, 1, 14),
(108, 7, 12, '1976-11-28', 'CIN', 3, 4, 1, 1, 0, 0, 0, 0, 0, 0, 0, 0, 0, 8, 7, 15),
(109, 7, 13, '1976-12-05', 'TB', 0, 5, 2, 2, 0, 0, 0, 0, 0, 0, 0, 0, 0, 13, 10, 23),
(110, 7, 14, '1976-12-11', 'HOU', 0, 3, 1, 1, 0, 0, 0, 0, 0, 0, 0, 0, 0, 7, 10, 17),
(111, 7, 15, '1977-09-19', 'SF', 0, 4, 2, 1, 0, 0, 0, 0, 0, 0, 0, 0, 0, 10, 10, 20),
(112, 7, 16, '1977-09-25', 'OAK', 16, 0, 0, 0, 0, 0, 0, 0, 0, 0, 0, 0, 0, 0, 1, 1),
(113, 8, 1, '1973-09-16', 'KC', 13, 5, 1, 1, 0, 0, 0, 0, 0, 0, 0, 0, 0, 9, 4, 13),
(114, 8, 2, '1973-09-23', 'ATL', 0, 2, 1, 0, 0, 0, 0, 0, 0, 0, 0, 0, 0, 4, 10, 14),
(115, 8, 3, '1973-09-30', 'SF', 20, 0, 3, 0, 0, 0, 1, 0, 0, 0, 0, 0, 0, 12, 1, 13),
(116, 8, 4, '1973-10-07', 'HOU', 26, 4, 2, 2, 0, 0, 0, 0, 0, 0, 0, 0, 0, 12, 0, 12),
(117, 8, 5, '1973-10-14', 'DAL', 31, 3, 3, 2, 0, 0, 0, 0, 0, 0, 0, 0, 0, 13, -1, 12),
(118, 8, 6, '1973-10-21', 'GB', 7, 4, 1, 1, 0, 2, 0, 0, 0, 0, 0, 0, 0, 12, 4, 16),
(119, 8, 7, '1973-10-28', 'MIN', 10, 3, 0, 1, 0, 0, 0, 0, 0, 0, 0, 0, 0, 5, 4, 9),
(120, 8, 8, '1973-11-04', 'ATL', 15, 6, 1, 1, 0, 0, 0, 0, 0, 0, 0, 0, 0, 10, 1, 11),
(121, 8, 9, '1973-11-11', 'NO', 7, 3, 0, 3, 0, 0, 0, 0, 0, 0, 0, 0, 0, 9, 4, 13),
(122, 8, 10, '1973-11-18', 'SF', 13, 2, 2, 0, 0, 0, 0, 0, 0, 0, 0, 0, 0, 6, 4, 10),
(123, 8, 11, '1973-11-25', 'NO', 13, 2, 0, 2, 0, 0, 0, 0, 0, 0, 0, 0, 0, 6, 4, 10),
(124, 8, 12, '1973-12-02', 'CHI', 0, 4, 0, 2, 0, 0, 0, 0, 0, 0, 0, 0, 0, 8, 10, 18),
(125, 8, 13, '1973-12-10', 'NYG', 6, 3, 4, 0, 0, 1, 0, 0, 1, 0, 0, 0, 1, 19, 7, 26),
(126, 8, 14, '1973-12-16', 'CLE', 17, 4, 2, 4, 0, 0, 0, 0, 0, 0, 0, 0, 0, 16, 1, 17),
(127, 8, 15, '1974-09-15', 'DEN', 10, 6, 0, 0, 0, 0, 1, 0, 0, 0, 0, 0, 0, 12, 4, 16),
(128, 8, 16, '1974-09-22', 'NO', 0, 5, 2, 1, 0, 0, 0, 0, 0, 0, 0, 0, 0, 11, 10, 21),
(129, 9, 1, '1968-09-15', 'SF', 10, 2, 1, 0, 0, 0, 0, 0, 0, 0, 0, 0, 0, 4, 4, 8),
(130, 9, 2, '1968-09-22', 'ATL', 20, 2, 1, 1, 0, 0, 0, 0, 0, 0, 0, 0, 0, 6, 1, 7),
(131, 9, 3, '1968-09-29', 'PIT', 7, 5, 3, 1, 0, 0, 0, 0, 3, 0, 0, 0, 3, 31, 4, 35),
(132, 9, 4, '1968-10-06', 'CHI', 7, 2, 1, 0, 0, 0, 0, 0, 0, 0, 0, 0, 0, 4, 4, 8),
(133, 9, 5, '1968-10-13', 'SF', 14, 4, 3, 1, 0, 0, 1, 0, 0, 0, 0, 0, 0, 18, 1, 19),
(134, 9, 6, '1968-10-20', 'CLE', 30, 2, 0, 1, 0, 0, 0, 0, 0, 0, 0, 0, 0, 4, -1, 3),
(135, 9, 7, '1968-10-27', 'LAR', 10, 5, 2, 2, 0, 0, 0, 0, 0, 0, 0, 0, 0, 13, 4, 17),
(136, 9, 8, '1968-11-03', 'NYG', 0, 2, 3, 0, 0, 0, 0, 0, 0, 0, 0, 0, 0, 8, 10, 18),
(137, 9, 9, '1968-11-10', 'DET', 10, 4, 0, 0, 0, 0, 1, 0, 0, 0, 0, 0, 0, 10, 4, 14),
(138, 9, 10, '1968-11-17', 'AZ', 0, 2, 5, 0, 0, 0, 0, 0, 0, 0, 0, 0, 0, 12, 10, 22),
(139, 9, 11, '1968-11-24', 'MIN', 9, 5, 2, 0, 0, 0, 0, 0, 0, 0, 0, 0, 0, 9, 4, 13),
(140, 9, 12, '1968-12-01', 'ATL', 0, 4, 4, 2, 0, 0, 0, 0, 0, 0, 0, 0, 0, 16, 10, 26),
(141, 9, 13, '1968-12-07', 'GB', 3, 2, 1, 4, 0, 0, 0, 0, 0, 0, 0, 0, 0, 12, 7, 19),
(142, 9, 14, '1968-12-15', 'LAR', 24, 5, 1, 0, 0, 0, 0, 0, 1, 0, 0, 0, 1, 13, 0, 13),
(143, 9, 15, '1969-09-21', 'LAR', 27, 2, 0, 0, 0, 0, 0, 0, 0, 0, 0, 0, 0, 2, 0, 2),
(144, 9, 16, '1969-09-28', 'MIN', 52, 1, 2, 1, 0, 0, 0, 0, 0, 0, 0, 0, 0, 7, -4, 3),
(145, 10, 1, '2000-09-03', 'PIT', 0, 1, 0, 1, 0, 0, 0, 0, 0, 0, 0, 0, 0, 3, 10, 13),
(146, 10, 2, '2000-09-10', 'JAX', 36, 4, 2, 2, 0, 0, 0, 0, 0, 0, 0, 0, 0, 12, -4, 8),
(147, 10, 3, '2000-09-17', 'MIA', 19, 1, 1, 0, 0, 0, 0, 0, 0, 0, 0, 0, 0, 3, 1, 4),
(148, 10, 4, '2000-09-24', 'CIN', 0, 4, 2, 2, 0, 0, 0, 0, 0, 0, 0, 0, 0, 12, 10, 22),
(149, 10, 5, '2000-10-01', 'CLE', 0, 0, 3, 1, 0, 0, 0, 0, 0, 0, 0, 0, 0, 8, 10, 18),
(150, 10, 6, '2000-10-08', 'JAX', 10, 3, 3, 3, 0, 0, 0, 0, 0, 0, 0, 0, 0, 15, 4, 19),
(151, 10, 7, '2000-10-15', 'WAS', 10, 1, 1, 1, 0, 0, 0, 0, 0, 0, 0, 0, 0, 5, 4, 9),
(152, 10, 8, '2000-10-22', 'TEN', 14, 0, 1, 1, 0, 0, 0, 0, 0, 0, 0, 0, 0, 4, 1, 5),
(153, 10, 9, '2000-10-29', 'PIT', 9, 5, 0, 1, 0, 0, 0, 0, 0, 0, 0, 0, 0, 7, 4, 11),
(154, 10, 10, '2000-11-05', 'CIN', 7, 3, 0, 1, 0, 0, 0, 0, 0, 0, 0, 0, 0, 5, 4, 9),
(155, 10, 11, '2000-11-12', 'TEN', 23, 1, 0, 2, 0, 0, 0, 0, 0, 0, 0, 0, 0, 5, 0, 5),
(156, 10, 12, '2000-11-19', 'DAL', 0, 1, 3, 0, 0, 0, 0, 0, 0, 0, 0, 0, 0, 7, 10, 17),
(157, 10, 13, '2000-11-26', 'CLE', 7, 6, 1, 2, 0, 0, 0, 0, 0, 0, 0, 0, 0, 12, 4, 16),
(158, 10, 14, '2000-12-10', 'SD', 3, 2, 1, 4, 0, 0, 0, 0, 0, 0, 0, 0, 0, 12, 7, 19),
(159, 10, 15, '2000-12-17', 'AZ', 7, 2, 2, 2, 0, 0, 0, 0, 0, 0, 0, 0, 0, 10, 4, 14),
(160, 10, 16, '2000-12-24', 'NYJ', 20, 1, 3, 3, 0, 0, 0, 2, 1, 0, 0, 0, 1, 31, 1, 32),
(161, 11, 1, '1993-09-05', 'NO', 33, 2, 0, 1, 0, 0, 0, 0, 0, 1, 0, 0, 1, 10, -1, 9),
(162, 11, 2, '1993-09-12', 'KC', 0, 4, 2, 3, 0, 0, 0, 0, 0, 1, 0, 0, 1, 20, 10, 30),
(163, 11, 3, '1993-09-19', 'SD', 18, 1, 1, 0, 0, 0, 0, 0, 1, 0, 0, 0, 1, 9, 1, 10),
(164, 11, 4, '1993-09-26', 'LAR', 28, 0, 0, 0, 0, 0, 0, 0, 0, 0, 0, 0, 0, 0, -1, -1),
(165, 11, 5, '1993-10-11', 'BUF', 35, 2, 0, 1, 0, 0, 0, 0, 0, 0, 0, 0, 0, 4, -4, 0),
(166, 11, 6, '1993-10-17', 'NE', 14, 5, 3, 0, 0, 0, 0, 0, 1, 0, 0, 0, 1, 17, 1, 18),
(167, 11, 7, '1993-10-24', 'CIN', 12, 4, 0, 2, 0, 0, 0, 0, 0, 0, 0, 0, 0, 8, 4, 12),
(168, 11, 8, '1993-11-07', 'SEA', 24, 2, 1, 0, 0, 1, 0, 0, 0, 0, 0, 0, 0, 6, 0, 6),
(169, 11, 9, '1993-11-14', 'CIN', 3, 5, 0, 2, 0, 0, 0, 0, 0, 0, 0, 0, 0, 9, 7, 16),
(170, 11, 10, '1993-11-21', 'CLE', 20, 2, 4, 1, 0, 0, 0, 0, 0, 0, 0, 0, 0, 12, 1, 13),
(171, 11, 11, '1993-11-28', 'PIT', 3, 6, 2, 2, 0, 0, 0, 0, 0, 0, 0, 0, 0, 14, 7, 21),
(172, 11, 12, '1993-12-05', 'ATL', 17, 3, 6, 1, 0, 0, 0, 0, 0, 1, 0, 0, 1, 23, 1, 24),
(173, 11, 13, '1993-12-12', 'CLE', 17, 2, 2, 1, 0, 0, 0, 0, 0, 0, 0, 0, 0, 8, 1, 9),
(174, 11, 14, '1993-12-19', 'PIT', 17, 6, 2, 1, 0, 0, 0, 0, 1, 0, 0, 0, 1, 18, 1, 19),
(175, 11, 15, '1993-12-25', 'SF', 7, 2, 2, 1, 0, 0, 0, 0, 0, 0, 0, 0, 0, 8, 4, 12),
(176, 11, 16, '1994-01-02', 'NYJ', 0, 6, 1, 1, 0, 0, 0, 0, 0, 0, 0, 0, 0, 10, 10, 20),
(177, 12, 1, '2002-09-08', 'NO', 26, 2, 1, 0, 0, 0, 0, 0, 0, 0, 0, 0, 0, 4, 0, 4),
(178, 12, 2, '2002-09-15', 'BAL', 0, 3, 1, 0, 1, 1, 0, 0, 1, 0, 0, 0, 1, 15, 10, 25),
(179, 12, 3, '2002-09-23', 'LAR', 14, 5, 4, 0, 0, 0, 0, 0, 1, 0, 0, 0, 1, 19, 1, 20),
(180, 12, 4, '2002-09-29', 'CIN', 7, 3, 1, 1, 0, 0, 0, 0, 1, 0, 0, 0, 1, 13, 4, 17),
(181, 12, 5, '2002-10-06', 'ATL', 6, 4, 4, 0, 0, 0, 0, 0, 1, 0, 0, 0, 1, 18, 7, 25),
(182, 12, 6, '2002-10-13', 'CLE', 3, 2, 1, 0, 0, 0, 0, 0, 0, 0, 0, 0, 0, 4, 7, 11),
(183, 12, 7, '2002-10-20', 'PHI', 20, 2, 1, 1, 0, 0, 0, 0, 0, 1, 0, 0, 1, 12, 1, 13),
(184, 12, 8, '2002-10-27', 'CAR', 9, 3, 3, 1, 0, 0, 0, 0, 0, 0, 0, 0, 0, 11, 4, 15),
(185, 12, 9, '2002-11-03', 'MIN', 24, 3, 2, 1, 0, 0, 0, 0, 0, 0, 0, 0, 0, 9, 4, 13),
(186, 12, 10, '2002-11-17', 'CAR', 10, 4, 3, 1, 0, 0, 0, 0, 0, 0, 0, 0, 0, 12, 4, 16),
(187, 12, 11, '2002-11-24', 'GB', 7, 3, 4, 0, 0, 0, 0, 0, 0, 0, 0, 0, 0, 11, 4, 15),
(188, 12, 12, '2002-12-01', 'NO', 23, 4, 0, 1, 0, 0, 0, 0, 0, 0, 0, 0, 0, 6, 0, 6),
(189, 12, 13, '2002-12-08', 'ATL', 10, 1, 1, 0, 0, 0, 0, 0, 0, 0, 0, 0, 0, 3, 4, 7),
(190, 12, 14, '2002-12-15', 'DET', 20, 1, 1, 0, 0, 0, 0, 0, 0, 0, 0, 0, 0, 3, 1, 4),
(191, 12, 15, '2002-12-23', 'PIT', 17, 2, 0, 1, 0, 0, 0, 0, 0, 0, 0, 0, 0, 4, 1, 5),
(192, 12, 16, '2002-12-29', 'CHI', 0, 1, 4, 0, 0, 0, 0, 0, 0, 0, 0, 0, 0, 9, 10, 19),
(193, 13, 1, '1991-09-01', 'GB', 3, 4, 3, 2, 0, 0, 0, 0, 0, 0, 0, 0, 0, 14, 7, 21),
(194, 13, 2, '1991-09-08', 'AZ', 26, 1, 1, 1, 0, 0, 0, 0, 0, 0, 0, 0, 0, 5, 0, 5),
(195, 13, 3, '1991-09-15', 'DAL', 0, 11, 3, 1, 0, 0, 0, 0, 0, 0, 0, 0, 0, 19, 10, 29),
(196, 13, 4, '1991-09-22', 'PIT', 14, 3, 1, 0, 0, 0, 0, 0, 0, 0, 0, 0, 0, 5, 1, 6),
(197, 13, 5, '1991-09-30', 'WAS', 23, 2, 2, 2, 0, 0, 0, 0, 0, 0, 0, 0, 0, 10, 0, 10),
(198, 13, 6, '1991-10-06', 'TB', 14, 3, 3, 3, 0, 0, 0, 0, 0, 1, 0, 0, 1, 21, 1, 22),
(199, 13, 7, '1991-10-13', 'NO', 13, 2, 2, 0, 0, 0, 0, 0, 0, 0, 0, 0, 0, 6, 4, 10),
(200, 13, 8, '1991-10-27', 'SF', 23, 2, 0, 1, 0, 0, 0, 0, 0, 0, 0, 0, 0, 4, 0, 4),
(201, 13, 9, '1991-11-04', 'NYG', 7, 4, 0, 1, 0, 0, 0, 0, 0, 0, 0, 0, 0, 6, 4, 10),
(202, 13, 10, '1991-11-10', 'CLE', 30, 2, 1, 1, 0, 0, 0, 0, 0, 0, 0, 0, 0, 6, -1, 5),
(203, 13, 11, '1991-11-17', 'CIN', 10, 6, 3, 1, 0, 0, 0, 0, 0, 0, 0, 0, 0, 14, 4, 18),
(204, 13, 12, '1991-11-24', 'AZ', 14, 3, 4, 3, 0, 0, 0, 0, 0, 2, 0, 0, 2, 29, 1, 30),
(205, 13, 13, '1991-12-02', 'HOU', 6, 4, 0, 5, 0, 0, 0, 0, 0, 0, 0, 0, 0, 14, 7, 21),
(206, 13, 14, '1991-12-08', 'NYG', 14, 4, 2, 1, 0, 0, 0, 0, 0, 0, 0, 0, 0, 10, 1, 11),
(207, 13, 15, '1991-12-15', 'DAL', 25, 1, 0, 0, 0, 0, 0, 0, 0, 0, 0, 0, 0, 1, 0, 1),
(208, 13, 16, '1991-12-22', 'WAS', 22, 3, 1, 0, 0, 0, 0, 0, 1, 0, 0, 0, 1, 11, 0, 11),
(209, 14, 1, '1991-09-01', 'DET', 0, 3, 3, 1, 0, 0, 0, 1, 0, 0, 0, 0, 0, 17, 10, 27),
(210, 14, 2, '1991-09-09', 'DAL', 31, 2, 0, 2, 0, 0, 0, 0, 0, 0, 0, 0, 0, 6, -1, 5),
(211, 14, 3, '1991-09-15', 'AZ', 0, 4, 3, 1, 0, 0, 0, 0, 1, 0, 0, 0, 1, 18, 10, 28),
(212, 14, 4, '1991-09-22', 'CIN', 27, 4, 1, 0, 0, 0, 0, 1, 0, 0, 0, 0, 0, 12, 0, 12),
(213, 14, 5, '1991-09-30', 'PHI', 0, 2, 2, 2, 0, 0, 0, 0, 0, 0, 0, 0, 0, 10, 10, 20),
(214, 14, 6, '1991-10-06', 'CHI', 7, 1, 3, 0, 0, 0, 0, 0, 0, 0, 0, 0, 0, 7, 4, 11),
(215, 14, 7, '1991-10-13', 'CLE', 17, 4, 1, 1, 0, 0, 0, 0, 0, 0, 0, 0, 0, 8, 1, 9),
(216, 14, 8, '1991-10-27', 'NYG', 13, 0, 1, 0, 0, 0, 0, 0, 0, 0, 0, 0, 0, 2, 4, 6),
(217, 14, 9, '1991-11-03', 'HOU', 13, 1, 2, 1, 0, 0, 0, 0, 0, 0, 0, 0, 0, 7, 4, 11),
(218, 14, 10, '1991-11-10', 'ATL', 17, 6, 3, 3, 0, 0, 0, 0, 1, 0, 0, 0, 1, 24, 1, 25),
(219, 14, 11, '1991-11-17', 'PIT', 14, 5, 1, 1, 0, 0, 0, 0, 0, 0, 0, 0, 0, 9, 1, 10),
(220, 14, 12, '1991-11-24', 'DAL', 24, 5, 1, 0, 0, 0, 0, 0, 1, 0, 0, 0, 1, 13, 0, 13),
(221, 14, 13, '1991-12-01', 'LAR', 6, 3, 0, 1, 0, 0, 0, 0, 0, 0, 0, 0, 0, 5, 7, 12),
(222, 14, 14, '1991-12-08', 'AZ', 14, 1, 2, 0, 0, 0, 0, 0, 0, 0, 0, 0, 0, 5, 1, 6),
(223, 14, 15, '1991-12-15', 'NYG', 17, 4, 2, 1, 0, 0, 0, 0, 0, 0, 0, 0, 0, 10, 1, 11),
(224, 14, 16, '1991-12-22', 'PHI', 24, 2, 1, 2, 0, 0, 0, 0, 0, 0, 0, 0, 0, 8, 0, 8),
(225, 15, 1, '1999-09-12', 'SF', 3, 4, 3, 2, 0, 0, 0, 0, 1, 1, 0, 0, 2, 26, 7, 33),
(226, 15, 2, '1999-09-19', 'CAR', 20, 4, 1, 0, 0, 0, 0, 0, 0, 0, 0, 0, 0, 6, 1, 7),
(227, 15, 3, '1999-09-26', 'TEN', 20, 2, 1, 1, 0, 1, 0, 0, 1, 0, 0, 0, 1, 14, 1, 15),
(228, 15, 4, '1999-10-03', 'PIT', 3, 4, 1, 1, 0, 2, 0, 0, 0, 0, 0, 0, 0, 12, 7, 19),
(229, 15, 5, '1999-10-11', 'NYJ', 6, 4, 2, 0, 0, 0, 0, 0, 0, 0, 0, 0, 0, 8, 7, 15),
(230, 15, 6, '1999-10-17', 'CLE', 7, 4, 0, 1, 0, 0, 0, 0, 0, 0, 0, 0, 0, 6, 4, 10),
(231, 15, 7, '1999-10-31', 'CIN', 10, 4, 2, 1, 0, 0, 0, 0, 0, 0, 0, 0, 0, 10, 4, 14),
(232, 15, 8, '1999-11-07', 'ATL', 7, 9, 3, 1, 0, 0, 0, 0, 0, 0, 0, 0, 0, 17, 4, 21),
(233, 15, 9, '1999-11-14', 'BAL', 3, 4, 0, 1, 1, 0, 0, 0, 0, 0, 0, 0, 0, 8, 7, 15),
(234, 15, 10, '1999-11-21', 'NO', 23, 2, 1, 0, 0, 0, 0, 1, 0, 0, 0, 0, 0, 10, 0, 10),
(235, 15, 11, '1999-11-28', 'BAL', 23, 3, 1, 2, 0, 0, 0, 0, 1, 0, 0, 0, 1, 15, 0, 15),
(236, 15, 12, '1999-12-02', 'PIT', 6, 3, 0, 0, 0, 0, 0, 0, 0, 0, 0, 0, 0, 3, 7, 10),
(237, 15, 13, '1999-12-13', 'DEN', 24, 1, 2, 0, 0, 0, 0, 0, 0, 0, 0, 0, 0, 5, 0, 5),
(238, 15, 14, '1999-12-19', 'CLE', 14, 6, 0, 1, 0, 0, 0, 0, 0, 0, 0, 0, 0, 8, 1, 9),
(239, 15, 15, '1999-12-26', 'TEN', 41, 0, 0, 0, 0, 0, 1, 0, 0, 0, 0, 0, 0, 6, -4, 2),
(240, 15, 16, '2000-01-02', 'CIN', 7, 3, 2, 0, 0, 0, 0, 0, 0, 0, 0, 0, 0, 7, 4, 11),
(241, 16, 1, '2000-09-03', 'BUF', 16, 5, 0, 0, 0, 0, 0, 0, 0, 0, 0, 0, 0, 5, 1, 6),
(242, 16, 2, '2000-09-10', 'KC', 14, 3, 0, 0, 0, 0, 0, 0, 0, 0, 0, 0, 0, 3, 1, 4),
(243, 16, 3, '2000-09-24', 'PIT', 20, 3, 0, 1, 0, 0, 0, 0, 0, 0, 0, 0, 0, 5, 1, 6),
(244, 16, 4, '2000-10-01', 'NYG', 14, 1, 3, 1, 0, 0, 0, 0, 0, 0, 0, 0, 0, 9, 1, 10),
(245, 16, 5, '2000-10-08', 'CIN', 14, 1, 0, 2, 1, 0, 0, 0, 0, 0, 0, 0, 0, 7, 1, 8),
(246, 16, 6, '2000-10-16', 'JAX', 13, 5, 0, 2, 0, 0, 0, 0, 0, 0, 0, 0, 0, 9, 4, 13),
(247, 16, 7, '2000-10-22', 'BAL', 6, 5, 4, 0, 0, 0, 0, 0, 1, 0, 0, 0, 1, 19, 7, 26),
(248, 16, 8, '2000-10-30', 'WAS', 21, 3, 3, 0, 0, 0, 0, 1, 1, 0, 0, 0, 1, 21, 0, 21),
(249, 16, 9, '2000-11-05', 'PIT', 7, 2, 1, 3, 0, 0, 0, 0, 0, 0, 0, 0, 0, 10, 4, 14),
(250, 16, 10, '2000-11-12', 'BAL', 24, 5, 1, 0, 0, 0, 0, 0, 1, 0, 0, 0, 1, 13, 0, 13),
(251, 16, 11, '2000-11-19', 'CLE', 10, 4, 1, 0, 0, 0, 0, 0, 0, 0, 0, 0, 0, 6, 4, 10),
(252, 16, 12, '2000-11-26', 'JAX', 16, 3, 2, 0, 0, 0, 0, 0, 0, 0, 0, 0, 0, 7, 1, 8),
(253, 16, 13, '2000-12-03', 'PHI', 13, 5, 0, 0, 0, 0, 0, 0, 0, 0, 0, 0, 0, 5, 4, 9),
(254, 16, 14, '2000-12-10', 'CIN', 3, 4, 0, 0, 0, 0, 0, 0, 0, 0, 0, 0, 0, 4, 7, 11),
(255, 16, 15, '2000-12-17', 'CLE', 0, 2, 0, 2, 0, 0, 0, 0, 0, 0, 0, 0, 0, 6, 10, 16),
(256, 16, 16, '2000-12-25', 'DAL', 0, 4, 2, 3, 0, 0, 0, 0, 1, 1, 0, 0, 2, 26, 10, 36),
(257, 17, 1, '1972-09-17', 'KC', 10, 4, 2, 2, 0, 0, 0, 0, 0, 0, 0, 0, 0, 12, 4, 16),
(258, 17, 2, '1972-09-24', 'HOU', 13, 0, 1, 2, 0, 0, 0, 0, 0, 0, 0, 0, 0, 6, 4, 10),
(259, 17, 3, '1972-10-01', 'MIN', 14, 5, 3, 1, 0, 0, 0, 0, 0, 0, 0, 0, 0, 13, 1, 14),
(260, 17, 4, '1972-10-08', 'NYJ', 17, 1, 1, 0, 0, 0, 0, 0, 0, 0, 0, 0, 0, 3, 1, 4),
(261, 17, 5, '1972-10-15', 'SD', 10, 1, 2, 1, 0, 0, 0, 0, 0, 1, 0, 0, 1, 13, 4, 17),
(262, 17, 6, '1972-10-22', 'BUF', 23, 2, 0, 1, 0, 0, 0, 0, 0, 0, 0, 0, 0, 4, 0, 4),
(263, 17, 7, '1972-10-29', 'IND', 0, 3, 0, 2, 0, 0, 0, 0, 0, 0, 0, 0, 0, 7, 10, 17),
(264, 17, 8, '1972-11-05', 'BUF', 16, 4, 2, 0, 0, 0, 0, 0, 0, 0, 0, 0, 0, 8, 1, 9),
(265, 17, 9, '1972-11-12', 'NE', 0, 4, 3, 0, 0, 0, 0, 0, 0, 0, 0, 0, 0, 10, 10, 20),
(266, 17, 10, '1972-11-19', 'NYJ', 24, 0, 2, 1, 0, 0, 0, 0, 0, 0, 0, 0, 0, 6, 0, 6),
(267, 17, 11, '1972-11-27', 'AZ', 10, 3, 3, 3, 0, 0, 0, 0, 1, 0, 0, 0, 1, 21, 4, 25),
(268, 17, 12, '1972-12-03', 'NE', 21, 4, 2, 0, 0, 0, 0, 0, 0, 0, 0, 0, 0, 8, 0, 8),
(269, 17, 13, '1972-12-10', 'NYG', 13, 1, 2, 4, 0, 0, 0, 0, 0, 0, 0, 0, 0, 13, 4, 17),
(270, 17, 14, '1972-12-16', 'IND', 0, 1, 3, 3, 0, 0, 0, 0, 0, 0, 0, 0, 0, 13, 10, 23),
(271, 17, 15, '1973-09-16', 'SF', 13, 3, 0, 0, 0, 1, 0, 0, 0, 0, 0, 0, 0, 5, 4, 9),
(272, 17, 16, '1973-09-23', 'OAK', 12, 0, 1, 0, 0, 0, 0, 0, 0, 0, 0, 0, 0, 2, 4, 6),
(273, 18, 1, '2013-09-08', 'CAR', 7, 1, 0, 2, 0, 0, 0, 0, 0, 0, 0, 0, 0, 5, 4, 9),
(274, 18, 2, '2013-09-15', 'SF', 3, 3, 3, 2, 0, 1, 0, 0, 0, 0, 0, 0, 0, 15, 7, 22),
(275, 18, 3, '2013-09-22', 'JAX', 17, 3, 2, 1, 0, 0, 0, 0, 0, 0, 0, 0, 0, 9, 1, 10),
(276, 18, 4, '2013-09-29', 'HOU', 20, 4, 2, 1, 0, 0, 0, 0, 1, 0, 0, 0, 1, 16, 1, 17),
(277, 18, 5, '2013-10-06', 'IND', 34, 2, 0, 2, 1, 1, 0, 0, 0, 0, 0, 0, 0, 10, -1, 9),
(278, 18, 6, '2013-10-13', 'TEN', 13, 3, 2, 0, 0, 0, 0, 0, 0, 0, 0, 0, 0, 7, 4, 11),
(279, 18, 7, '2013-10-17', 'AZ', 22, 7, 2, 0, 0, 0, 0, 0, 0, 0, 0, 0, 0, 11, 0, 11),
(280, 18, 8, '2013-10-28', 'LAR', 9, 3, 2, 0, 0, 0, 0, 0, 0, 0, 0, 0, 0, 7, 4, 11),
(281, 18, 9, '2013-11-03', 'TB', 24, 3, 0, 0, 0, 0, 0, 0, 0, 0, 0, 0, 0, 3, 0, 3),
(282, 18, 10, '2013-11-10', 'ATL', 10, 2, 0, 1, 0, 0, 0, 0, 0, 0, 0, 0, 0, 4, 4, 8),
(283, 18, 11, '2013-11-17', 'MIN', 20, 2, 3, 1, 0, 0, 0, 0, 1, 0, 0, 0, 1, 16, 1, 17),
(284, 18, 12, '2013-12-02', 'NO', 7, 1, 0, 1, 0, 0, 0, 0, 0, 1, 0, 0, 1, 9, 4, 13),
(285, 18, 13, '2013-12-08', 'SF', 19, 2, 1, 0, 0, 0, 0, 0, 0, 0, 0, 0, 0, 4, 1, 5),
(286, 18, 14, '2013-12-15', 'NYG', 0, 4, 5, 0, 0, 0, 0, 0, 0, 0, 0, 0, 0, 14, 10, 24),
(287, 18, 15, '2013-12-22', 'AZ', 17, 2, 4, 0, 0, 0, 0, 0, 0, 0, 0, 0, 0, 10, 1, 11),
(288, 18, 16, '2013-12-29', 'LAR', 9, 2, 2, 0, 0, 0, 0, 0, 1, 0, 0, 0, 1, 12, 4, 16),
(289, 19, 1, '1986-09-08', 'DAL', 31, 2, 0, 2, 0, 0, 0, 0, 0, 0, 0, 0, 0, 6, -1, 5),
(290, 19, 2, '1986-09-14', 'SD', 7, 1, 5, 2, 0, 0, 0, 0, 0, 0, 0, 0, 0, 15, 4, 19),
(291, 19, 3, '1986-09-21', 'OAK', 9, 3, 0, 2, 0, 0, 0, 0, 0, 0, 0, 0, 0, 7, 4, 11),
(292, 19, 4, '1986-09-28', 'NO', 17, 2, 0, 1, 0, 0, 0, 0, 0, 0, 0, 0, 0, 4, 1, 5),
(293, 19, 5, '1986-10-05', 'AZ', 6, 7, 1, 1, 0, 0, 0, 0, 0, 0, 0, 0, 0, 11, 7, 18),
(294, 19, 6, '1986-10-12', 'PHI', 3, 6, 1, 1, 0, 0, 0, 0, 0, 0, 0, 0, 0, 10, 7, 17),
(295, 19, 7, '1986-10-19', 'SEA', 17, 2, 1, 1, 0, 0, 0, 0, 0, 0, 0, 0, 0, 6, 1, 7),
(296, 19, 8, '1986-10-27', 'WAS', 20, 4, 2, 0, 0, 0, 0, 0, 0, 0, 0, 0, 0, 8, 1, 9),
(297, 19, 9, '1986-11-02', 'DAL', 14, 6, 0, 3, 0, 0, 0, 0, 0, 0, 0, 0, 0, 12, 1, 13),
(298, 19, 10, '1986-11-09', 'PHI', 14, 7, 2, 0, 0, 0, 0, 0, 0, 0, 0, 0, 0, 11, 1, 12),
(299, 19, 11, '1986-11-16', 'MIN', 20, 3, 0, 1, 0, 0, 0, 0, 0, 0, 0, 0, 0, 5, 1, 6),
(300, 19, 12, '1986-11-23', 'DEN', 16, 2, 2, 2, 0, 0, 0, 0, 1, 0, 0, 0, 1, 16, 1, 17),
(301, 19, 13, '1986-12-01', 'SF', 17, 0, 1, 0, 0, 0, 0, 0, 0, 0, 0, 0, 0, 2, 1, 3),
(302, 19, 14, '1986-12-07', 'WAS', 14, 4, 6, 1, 0, 0, 0, 0, 0, 0, 0, 0, 0, 18, 1, 19),
(303, 19, 15, '1986-12-14', 'AZ', 7, 9, 1, 1, 0, 0, 0, 0, 0, 0, 0, 0, 0, 13, 4, 17),
(304, 19, 16, '1986-12-20', 'GB', 24, 1, 2, 1, 1, 0, 0, 0, 0, 0, 1, 0, 1, 15, 0, 15),
(305, 20, 1, '1987-09-13', 'CLE', 21, 4, 1, 1, 0, 2, 0, 0, 0, 0, 0, 0, 0, 12, 0, 12),
(306, 20, 2, '1987-09-20', 'PHI', 27, 3, 1, 2, 0, 0, 0, 0, 0, 0, 0, 0, 0, 9, 0, 9),
(307, 20, 3, '1987-10-04', 'LAR', 10, 2, 1, 1, 1, 0, 0, 0, 0, 0, 1, 0, 1, 14, 4, 18),
(308, 20, 4, '1987-10-11', 'AZ', 24, 1, 1, 0, 0, 0, 0, 0, 0, 0, 0, 0, 0, 3, 0, 3),
(309, 20, 5, '1987-10-18', 'CHI', 17, 5, 4, 0, 0, 0, 0, 0, 0, 0, 0, 0, 0, 13, 1, 14),
(310, 20, 6, '1987-10-25', 'SF', 24, 4, 0, 2, 0, 0, 0, 0, 0, 0, 1, 0, 1, 14, 0, 14),
(311, 20, 7, '1987-11-01', 'ATL', 0, 4, 5, 0, 0, 0, 0, 0, 0, 0, 0, 0, 0, 14, 10, 24),
(312, 20, 8, '1987-11-08', 'LAR', 14, 0, 1, 1, 0, 0, 0, 0, 0, 0, 0, 0, 0, 4, 1, 5),
(313, 20, 9, '1987-11-15', 'SF', 24, 3, 2, 0, 0, 0, 0, 0, 0, 0, 1, 0, 1, 13, 0, 13),
(314, 20, 10, '1987-11-22', 'NYG', 14, 5, 5, 2, 0, 0, 0, 0, 0, 0, 0, 0, 0, 19, 1, 20),
(315, 20, 11, '1987-11-29', 'PIT', 16, 4, 3, 3, 0, 0, 0, 0, 0, 0, 0, 0, 0, 16, 1, 17),
(316, 20, 12, '1987-12-06', 'TB', 34, 3, 2, 2, 0, 0, 0, 0, 0, 0, 0, 0, 0, 11, -1, 10),
(317, 20, 13, '1987-12-13', 'HOU', 10, 2, 0, 0, 0, 0, 0, 0, 0, 0, 0, 0, 0, 2, 4, 6),
(318, 20, 14, '1987-12-20', 'CIN', 24, 6, 2, 2, 0, 0, 0, 0, 0, 0, 0, 0, 0, 14, 0, 14),
(319, 20, 15, '1987-12-27', 'GB', 24, 1, 1, 2, 0, 0, 0, 0, 0, 0, 0, 0, 0, 7, 0, 7),
(320, 20, 16, '1988-09-04', 'SF', 34, 0, 1, 1, 0, 1, 0, 0, 0, 0, 0, 0, 0, 6, -1, 5),
(321, 21, 1, '1968-09-15', 'KC', 19, 2, 0, 1, 0, 0, 0, 0, 0, 0, 0, 0, 0, 4, 1, 5),
(322, 21, 2, '1968-09-22', 'NE', 31, 4, 4, 2, 1, 0, 0, 0, 1, 0, 1, 0, 2, 30, -1, 29),
(323, 21, 3, '1968-09-29', 'BUF', 37, 2, 1, 1, 0, 0, 0, 0, 0, 0, 0, 0, 0, 6, -4, 2),
(324, 21, 4, '1968-10-05', 'SD', 20, 1, 3, 1, 0, 0, 0, 0, 0, 0, 0, 0, 0, 9, 1, 10),
(325, 21, 5, '1968-10-13', 'DEN', 21, 3, 0, 0, 0, 0, 0, 0, 0, 0, 0, 0, 0, 3, 0, 3),
(326, 21, 6, '1968-10-20', 'HOU', 14, 6, 1, 1, 1, 1, 0, 0, 0, 0, 0, 0, 0, 14, 1, 15),
(327, 21, 7, '1968-10-27', 'NE', 14, 7, 5, 3, 0, 0, 0, 0, 0, 0, 0, 0, 0, 23, 1, 24),
(328, 21, 8, '1968-11-03', 'BUF', 21, 3, 3, 2, 0, 0, 0, 0, 1, 0, 0, 0, 1, 19, 0, 19),
(329, 21, 9, '1968-11-10', 'HOU', 7, 3, 3, 0, 0, 0, 0, 0, 0, 0, 0, 0, 0, 9, 4, 13),
(330, 21, 10, '1968-11-17', 'OAK', 43, 2, 2, 2, 0, 0, 0, 0, 0, 0, 0, 0, 0, 10, -4, 6),
(331, 21, 11, '1968-11-24', 'SD', 15, 0, 4, 0, 0, 0, 0, 0, 0, 0, 0, 0, 0, 8, 1, 9),
(332, 21, 12, '1968-12-01', 'MIA', 17, 5, 0, 1, 0, 0, 0, 0, 0, 0, 0, 0, 0, 7, 1, 8),
(333, 21, 13, '1968-12-08', 'CIN', 14, 1, 0, 1, 0, 0, 0, 0, 0, 0, 0, 0, 0, 3, 1, 4),
(334, 21, 14, '1968-12-15', 'MIA', 7, 4, 2, 0, 0, 0, 0, 0, 0, 0, 0, 0, 0, 8, 4, 12),
(335, 21, 15, '1969-09-14', 'BUF', 19, 4, 4, 2, 0, 0, 0, 0, 1, 0, 0, 0, 1, 22, 1, 23),
(336, 21, 16, '1969-09-21', 'DEN', 21, 3, 2, 1, 0, 0, 0, 0, 0, 0, 0, 0, 0, 9, 0, 9),
(337, 22, 1, '1975-09-22', 'MIA', 21, 3, 4, 1, 0, 0, 1, 0, 0, 0, 0, 0, 0, 19, 0, 19),
(338, 22, 2, '1975-09-28', 'IND', 20, 6, 1, 0, 0, 0, 0, 0, 0, 0, 0, 0, 0, 8, 1, 9),
(339, 22, 3, '1975-10-05', 'SD', 0, 5, 2, 0, 0, 0, 0, 0, 0, 0, 0, 0, 0, 9, 10, 19),
(340, 22, 4, '1975-10-12', 'KC', 42, 3, 1, 0, 0, 0, 0, 0, 0, 0, 0, 0, 0, 5, -4, 1),
(341, 22, 5, '1975-10-19', 'CIN', 14, 0, 4, 1, 0, 0, 0, 0, 0, 0, 0, 0, 0, 10, 1, 11),
(342, 22, 6, '1975-10-26', 'SD', 0, 4, 1, 0, 0, 2, 0, 0, 0, 0, 0, 0, 0, 10, 10, 20),
(343, 22, 7, '1975-11-02', 'DEN', 17, 5, 3, 0, 0, 0, 0, 0, 0, 0, 0, 0, 0, 11, 1, 12),
(344, 22, 8, '1975-11-09', 'NO', 10, 4, 3, 2, 0, 0, 0, 0, 0, 0, 0, 0, 0, 14, 4, 18),
(345, 22, 9, '1975-11-16', 'CLE', 17, 2, 3, 1, 0, 0, 0, 0, 0, 0, 0, 0, 0, 10, 1, 11),
(346, 22, 10, '1975-11-23', 'WAS', 23, 4, 2, 0, 0, 0, 0, 0, 0, 0, 0, 0, 0, 8, 0, 8),
(347, 22, 11, '1975-11-30', 'ATL', 34, 3, 1, 0, 0, 0, 0, 0, 0, 0, 0, 0, 0, 5, -1, 4),
(348, 22, 12, '1975-12-08', 'DEN', 10, 10, 4, 0, 0, 0, 0, 0, 0, 0, 0, 0, 0, 18, 4, 22),
(349, 22, 13, '1975-12-14', 'HOU', 27, 4, 3, 0, 0, 0, 0, 0, 0, 0, 0, 0, 0, 10, 0, 10),
(350, 22, 14, '1975-12-21', 'KC', 20, 2, 3, 1, 0, 0, 0, 0, 0, 0, 0, 0, 0, 10, 1, 11),
(351, 22, 15, '1976-09-12', 'PIT', 28, 2, 1, 2, 0, 0, 0, 0, 0, 0, 0, 0, 0, 8, -1, 7),
(352, 22, 16, '1976-09-20', 'KC', 21, 3, 0, 1, 0, 0, 0, 0, 0, 0, 0, 0, 0, 5, 0, 5),
(353, 23, 1, '1990-09-09', 'IND', 10, 3, 1, 1, 0, 0, 0, 0, 0, 0, 0, 0, 0, 7, 4, 11),
(354, 23, 2, '1990-09-16', 'MIA', 30, 0, 0, 1, 0, 0, 0, 0, 0, 0, 0, 0, 0, 2, -1, 1),
(355, 23, 3, '1990-09-24', 'NYJ', 7, 3, 0, 2, 0, 0, 0, 0, 0, 0, 0, 0, 0, 7, 4, 11),
(356, 23, 4, '1990-09-30', 'DEN', 28, 2, 2, 3, 1, 0, 0, 0, 1, 0, 1, 0, 2, 26, -1, 25),
(357, 23, 5, '1990-10-07', 'OAK', 24, 2, 1, 3, 1, 0, 0, 0, 0, 1, 1, 0, 2, 24, 0, 24),
(358, 23, 6, '1990-10-21', 'NYJ', 27, 3, 1, 0, 0, 0, 0, 0, 0, 0, 0, 0, 0, 5, 0, 5),
(359, 23, 7, '1990-10-28', 'NE', 10, 3, 2, 1, 0, 0, 0, 0, 0, 0, 0, 0, 0, 9, 4, 13),
(360, 23, 8, '1990-11-04', 'CLE', 0, 1, 2, 0, 0, 0, 0, 0, 1, 0, 0, 0, 1, 11, 10, 21),
(361, 23, 9, '1990-11-11', 'AZ', 14, 4, 1, 3, 0, 0, 0, 0, 0, 0, 0, 0, 0, 12, 1, 13),
(362, 23, 10, '1990-11-18', 'NE', 0, 4, 2, 0, 0, 0, 0, 0, 0, 0, 0, 0, 0, 8, 10, 18),
(363, 23, 11, '1990-11-26', 'HOU', 27, 3, 0, 1, 0, 0, 0, 0, 0, 0, 0, 0, 0, 5, 0, 5),
(364, 23, 12, '1990-12-02', 'PHI', 23, 6, 1, 1, 0, 0, 0, 0, 0, 0, 0, 0, 0, 10, 0, 10),
(365, 23, 13, '1990-12-09', 'IND', 7, 5, 3, 0, 0, 0, 0, 0, 0, 0, 0, 0, 0, 11, 4, 15),
(366, 23, 14, '1990-12-15', 'NYG', 13, 1, 0, 0, 0, 0, 0, 0, 0, 0, 0, 0, 0, 1, 4, 5),
(367, 23, 15, '1990-12-23', 'MIA', 14, 3, 1, 1, 0, 0, 0, 0, 0, 0, 0, 0, 0, 7, 1, 8),
(368, 23, 16, '1990-12-30', 'WAS', 29, 0, 1, 0, 0, 0, 0, 0, 0, 0, 0, 0, 0, 2, -1, 1),
(369, 24, 1, '2004-09-09', 'IND', 24, 1, 1, 2, 0, 0, 0, 0, 0, 0, 0, 0, 0, 7, 0, 7),
(370, 24, 2, '2004-09-19', 'AZ', 12, 5, 2, 0, 0, 0, 0, 0, 0, 0, 0, 0, 0, 9, 4, 13),
(371, 24, 3, '2004-10-03', 'BUF', 17, 6, 1, 1, 0, 0, 0, 0, 0, 1, 0, 0, 1, 16, 1, 17),
(372, 24, 4, '2004-10-10', 'MIA', 10, 3, 1, 1, 0, 0, 0, 0, 0, 0, 0, 0, 0, 7, 4, 11),
(373, 24, 5, '2004-10-17', 'SEA', 20, 3, 2, 0, 0, 0, 0, 0, 0, 0, 0, 0, 0, 7, 1, 8),
(374, 24, 6, '2004-10-24', 'NYJ', 7, 0, 0, 1, 0, 0, 0, 0, 0, 0, 0, 0, 0, 2, 4, 6),
(375, 24, 7, '2004-10-31', 'PIT', 34, 0, 0, 0, 0, 0, 0, 0, 0, 0, 0, 0, 0, 0, -1, -1),
(376, 24, 8, '2004-11-07', 'STL', 22, 5, 1, 2, 0, 0, 0, 0, 0, 0, 0, 0, 0, 11, 0, 11),
(377, 24, 9, '2004-11-14', 'BUF', 6, 3, 4, 1, 0, 0, 0, 0, 0, 0, 0, 0, 0, 13, 7, 20),
(378, 24, 10, '2004-11-22', 'KC', 19, 4, 1, 0, 0, 0, 0, 0, 0, 0, 0, 0, 0, 6, 1, 7),
(379, 24, 11, '2004-11-28', 'BAL', 3, 4, 1, 1, 0, 0, 0, 0, 0, 1, 0, 0, 1, 14, 7, 21),
(380, 24, 12, '2004-12-05', 'CLE', 15, 3, 2, 2, 0, 0, 1, 0, 0, 1, 0, 0, 1, 23, 1, 24),
(381, 24, 13, '2004-12-12', 'CIN', 28, 0, 2, 1, 0, 0, 0, 0, 1, 0, 0, 0, 1, 12, -1, 11),
(382, 24, 14, '2004-12-20', 'MIA', 29, 4, 0, 1, 0, 0, 0, 0, 0, 0, 0, 0, 0, 6, -1, 5),
(383, 24, 15, '2004-12-26', 'NYJ', 7, 3, 2, 1, 0, 0, 0, 0, 0, 0, 0, 0, 0, 9, 4, 13),
(384, 24, 16, '2005-01-02', 'SF', 7, 1, 0, 2, 0, 0, 0, 0, 0, 0, 0, 0, 0, 5, 4, 9),
(385, 25, 1, '1994-09-04', 'PIT', 9, 9, 0, 0, 0, 0, 0, 0, 0, 0, 0, 0, 0, 9, 4, 13),
(386, 25, 2, '1994-09-11', 'HOU', 17, 5, 2, 0, 0, 0, 0, 0, 0, 0, 0, 0, 0, 9, 1, 10),
(387, 25, 3, '1994-09-19', 'DET', 20, 1, 0, 0, 0, 0, 0, 0, 0, 0, 0, 0, 0, 1, 1, 2),
(388, 25, 4, '1994-10-02', 'WAS', 7, 2, 1, 3, 0, 0, 0, 0, 0, 0, 0, 0, 0, 10, 4, 14),
(389, 25, 5, '1994-10-09', 'AZ', 3, 1, 5, 0, 0, 0, 1, 0, 0, 0, 0, 0, 0, 17, 7, 24),
(390, 25, 6, '1994-10-16', 'PHI', 13, 4, 4, 1, 0, 0, 0, 0, 0, 0, 0, 0, 0, 14, 4, 18),
(391, 25, 7, '1994-10-23', 'AZ', 21, 1, 0, 0, 1, 0, 0, 0, 0, 0, 0, 0, 0, 3, 0, 3),
(392, 25, 8, '1994-10-30', 'CIN', 20, 1, 0, 1, 0, 0, 0, 0, 0, 0, 0, 0, 0, 3, 1, 4),
(393, 25, 9, '1994-11-07', 'NYG', 10, 4, 1, 2, 0, 0, 0, 0, 0, 0, 0, 0, 0, 10, 4, 14),
(394, 25, 10, '1994-11-13', 'SF', 21, 3, 0, 0, 0, 0, 0, 0, 0, 0, 0, 0, 0, 3, 0, 3),
(395, 25, 11, '1994-11-20', 'WAS', 7, 2, 4, 1, 0, 0, 0, 1, 0, 0, 0, 0, 0, 18, 4, 22),
(396, 25, 12, '1994-11-24', 'GB', 31, 2, 0, 0, 0, 0, 0, 0, 0, 0, 0, 0, 0, 2, -1, 1),
(397, 25, 13, '1994-12-04', 'PHI', 19, 5, 1, 0, 0, 0, 0, 0, 1, 0, 0, 0, 1, 13, 1, 14),
(398, 25, 14, '1994-12-10', 'CLE', 19, 1, 1, 1, 0, 0, 0, 0, 0, 0, 0, 0, 0, 5, 1, 6),
(399, 25, 15, '1994-12-19', 'NO', 16, 2, 3, 0, 1, 0, 0, 0, 2, 0, 0, 0, 2, 22, 1, 23),
(400, 25, 16, '1994-12-24', 'NYG', 15, 4, 0, 0, 0, 1, 0, 0, 0, 0, 0, 0, 0, 6, 1, 7),
(401, 26, 1, '1994-09-04', 'DEN', 34, 4, 2, 1, 0, 0, 0, 0, 1, 0, 0, 0, 1, 16, -1, 15),
(402, 26, 2, '1994-09-11', 'CIN', 10, 2, 1, 2, 0, 0, 0, 0, 0, 0, 0, 0, 0, 8, 4, 12),
(403, 26, 3, '1994-09-18', 'SEA', 10, 6, 1, 1, 0, 0, 0, 0, 1, 0, 0, 0, 1, 16, 4, 20),
(404, 26, 4, '1994-09-25', 'OAK', 24, 3, 0, 1, 0, 0, 0, 1, 0, 0, 0, 0, 0, 11, 0, 11),
(405, 26, 5, '1994-10-09', 'KC', 6, 2, 1, 1, 0, 0, 0, 0, 0, 0, 0, 0, 0, 6, 7, 13),
(406, 26, 6, '1994-10-16', 'NO', 22, 3, 0, 2, 0, 0, 0, 0, 0, 0, 0, 0, 0, 7, 0, 7),
(407, 26, 7, '1994-10-23', 'DEN', 20, 3, 1, 2, 0, 0, 0, 0, 0, 0, 0, 0, 0, 9, 1, 10),
(408, 26, 8, '1994-10-30', 'SEA', 15, 3, 0, 2, 0, 0, 0, 0, 0, 0, 0, 0, 0, 7, 1, 8),
(409, 26, 9, '1994-11-06', 'ATL', 10, 1, 2, 0, 0, 0, 0, 0, 0, 0, 0, 0, 0, 5, 4, 9),
(410, 26, 10, '1994-11-13', 'KC', 13, 2, 2, 0, 0, 0, 0, 0, 0, 0, 0, 0, 0, 6, 4, 10),
(411, 26, 11, '1994-11-20', 'NE', 23, 1, 2, 0, 0, 0, 1, 0, 0, 0, 0, 0, 0, 11, 0, 11),
(412, 26, 12, '1994-11-27', 'LAR', 17, 4, 4, 1, 0, 0, 0, 1, 1, 0, 0, 0, 1, 26, 1, 27),
(413, 26, 13, '1994-12-05', 'OAK', 24, 1, 1, 0, 0, 0, 0, 0, 0, 0, 0, 0, 0, 3, 0, 3),
(414, 26, 14, '1994-12-11', 'SF', 38, 1, 0, 1, 0, 0, 0, 0, 0, 0, 0, 0, 0, 3, -4, -1),
(415, 26, 15, '1994-12-18', 'NYJ', 6, 5, 0, 1, 0, 0, 0, 0, 0, 0, 0, 0, 0, 7, 7, 14),
(416, 26, 16, '1994-12-24', 'PIT', 34, 2, 0, 0, 0, 0, 1, 0, 0, 0, 0, 0, 0, 8, -1, 7),
(417, 27, 1, '2015-09-13', 'BAL', 13, 2, 2, 0, 0, 0, 0, 0, 1, 0, 0, 0, 1, 12, 4, 16),
(418, 27, 2, '2015-09-17', 'KC', 24, 5, 2, 3, 0, 0, 0, 0, 0, 1, 0, 0, 1, 21, 0, 21),
(419, 27, 3, '2015-09-27', 'DET', 12, 4, 2, 1, 1, 0, 0, 0, 0, 0, 0, 0, 0, 12, 4, 16),
(420, 27, 4, '2015-10-04', 'MIN', 20, 7, 0, 1, 0, 0, 0, 0, 0, 0, 0, 0, 0, 9, 1, 10),
(421, 27, 5, '2015-10-11', 'OAK', 10, 4, 1, 3, 1, 0, 0, 0, 1, 0, 0, 0, 1, 20, 4, 24),
(422, 27, 6, '2015-10-18', 'CLE', 23, 4, 2, 1, 0, 0, 0, 0, 1, 0, 0, 0, 1, 16, 0, 16),
(423, 27, 7, '2015-11-01', 'GB', 10, 3, 0, 0, 0, 1, 0, 0, 0, 0, 0, 0, 0, 5, 4, 9),
(424, 27, 8, '2015-11-08', 'IND', 27, 1, 0, 0, 0, 0, 0, 1, 0, 0, 0, 0, 0, 7, 0, 7),
(425, 27, 9, '2015-11-15', 'KC', 29, 2, 0, 0, 0, 0, 0, 0, 0, 0, 0, 0, 0, 2, -1, 1),
(426, 27, 10, '2015-11-22', 'CHI', 15, 2, 1, 1, 0, 0, 0, 0, 0, 0, 0, 0, 0, 6, 0, 6),
(427, 27, 11, '2015-11-29', 'NE', 24, 3, 0, 1, 0, 0, 0, 0, 0, 0, 0, 0, 0, 5, 0, 5),
(428, 27, 12, '2015-12-06', 'SD', 3, 4, 1, 2, 0, 0, 0, 0, 1, 0, 0, 0, 1, 16, 7, 23),
(429, 27, 13, '2015-12-13', 'OAK', 15, 3, 0, 0, 0, 0, 0, 0, 0, 0, 0, 0, 0, 3, 1, 4),
(430, 27, 14, '2015-12-20', 'PIT', 34, 3, 2, 0, 0, 0, 0, 0, 0, 0, 0, 0, 0, 7, -1, 6),
(431, 27, 15, '2015-12-28', 'CIN', 17, 2, 0, 1, 0, 0, 0, 0, 0, 0, 0, 0, 0, 4, 1, 5),
(432, 27, 16, '2016-01-03', 'SD', 20, 3, 1, 0, 0, 0, 0, 0, 0, 0, 0, 0, 0, 5, 1, 6),
(433, 28, 1, '2015-09-13', 'JAX', 9, 5, 2, 1, 0, 0, 0, 0, 1, 0, 0, 0, 1, 17, 4, 21),
(434, 28, 2, '2015-09-20', 'HOU', 17, 1, 1, 0, 0, 0, 0, 0, 0, 0, 0, 0, 0, 3, 1, 4),
(435, 28, 3, '2015-09-27', 'NO', 22, 1, 1, 1, 0, 0, 0, 0, 0, 0, 0, 0, 0, 5, 0, 5),
(436, 28, 4, '2015-10-04', 'TB', 23, 2, 4, 1, 0, 0, 0, 0, 1, 1, 0, 0, 2, 24, 0, 24),
(437, 28, 5, '2015-10-18', 'SEA', 23, 4, 0, 0, 0, 0, 0, 0, 0, 0, 0, 0, 0, 4, 0, 4),
(438, 28, 6, '2015-10-25', 'PHI', 16, 5, 1, 0, 0, 0, 0, 0, 0, 0, 0, 0, 0, 7, 1, 8),
(439, 28, 7, '2015-11-02', 'IND', 26, 2, 3, 1, 0, 0, 0, 0, 0, 0, 0, 0, 0, 10, 0, 10),
(440, 28, 8, '2015-11-08', 'GB', 29, 5, 1, 1, 0, 0, 0, 0, 0, 0, 0, 0, 0, 9, -1, 8),
(441, 28, 9, '2015-11-15', 'TEN', 10, 1, 1, 1, 0, 0, 0, 0, 0, 0, 0, 0, 0, 5, 4, 9),
(442, 28, 10, '2015-11-22', 'WAS', 16, 5, 1, 4, 0, 0, 0, 0, 0, 0, 0, 0, 0, 15, 1, 16),
(443, 28, 11, '2015-11-26', 'DAL', 14, 2, 3, 0, 0, 0, 0, 0, 2, 0, 0, 0, 2, 20, 1, 21),
(444, 28, 12, '2015-12-06', 'NO', 38, 2, 1, 0, 0, 0, 0, 0, 0, 0, 0, 0, 0, 4, -4, 0),
(445, 28, 13, '2015-12-13', 'ARL', 0, 5, 2, 2, 0, 0, 0, 0, 0, 0, 0, 0, 0, 13, 10, 23),
(446, 28, 14, '2015-12-20', 'NYG', 35, 0, 1, 1, 0, 0, 0, 0, 0, 0, 0, 0, 0, 4, -4, 0),
(447, 28, 15, '2015-12-27', 'ATL', 20, 2, 0, 2, 0, 0, 0, 0, 0, 0, 0, 0, 0, 6, 1, 7),
(448, 28, 16, '2016-01-03', 'TB', 10, 2, 2, 1, 0, 0, 0, 0, 0, 0, 0, 0, 0, 8, 4, 12),
(449, 29, 1, '1991-09-01', 'WAS', 45, 0, 1, 0, 0, 0, 0, 0, 0, 0, 0, 0, 0, 2, -4, -2),
(450, 29, 2, '1991-09-08', 'GB', 14, 2, 1, 0, 0, 0, 0, 0, 0, 0, 0, 0, 0, 4, 1, 5),
(451, 29, 3, '1991-09-15', 'MIA', 13, 2, 0, 0, 0, 0, 0, 0, 0, 0, 0, 0, 0, 2, 4, 6),
(452, 29, 4, '1991-09-22', 'IND', 24, 4, 1, 0, 0, 1, 0, 0, 0, 0, 0, 0, 0, 8, 0, 8),
(453, 29, 5, '1991-09-29', 'TB', 3, 1, 2, 2, 0, 0, 0, 0, 0, 0, 0, 0, 0, 9, 7, 16),
(454, 29, 6, '1991-10-06', 'MIN', 20, 0, 0, 0, 0, 0, 0, 0, 0, 0, 0, 0, 0, 0, 1, 1),
(455, 29, 7, '1991-10-20', 'SF', 35, 0, 0, 1, 0, 0, 0, 0, 0, 0, 0, 0, 0, 2, -4, -2),
(456, 29, 8, '1991-10-27', 'DAL', 10, 2, 2, 2, 1, 0, 0, 0, 1, 0, 1, 0, 2, 24, 4, 28),
(457, 29, 9, '1991-11-03', 'CHI', 20, 3, 0, 1, 0, 0, 0, 0, 0, 0, 0, 0, 0, 5, 1, 6),
(458, 29, 10, '1991-11-10', 'TB', 30, 0, 0, 1, 0, 0, 0, 0, 0, 0, 0, 0, 0, 2, -1, 1),
(459, 29, 11, '1991-11-17', 'LAR', 10, 0, 1, 1, 0, 0, 0, 0, 0, 0, 0, 0, 0, 4, 4, 8),
(460, 29, 12, '1991-11-24', 'MIN', 14, 6, 3, 3, 0, 0, 0, 0, 0, 0, 0, 0, 0, 18, 1, 19),
(461, 29, 13, '1991-11-28', 'CHI', 6, 1, 4, 2, 0, 0, 0, 0, 0, 0, 0, 0, 0, 13, 7, 20),
(462, 29, 14, '1991-12-08', 'NYJ', 20, 5, 2, 3, 0, 0, 0, 0, 0, 1, 0, 0, 1, 21, 1, 22),
(463, 29, 15, '1991-12-15', 'GB', 17, 0, 1, 1, 0, 0, 0, 1, 0, 0, 0, 0, 0, 10, 1, 11),
(464, 29, 16, '1991-12-22', 'BUF', 14, 4, 1, 0, 0, 0, 0, 0, 1, 0, 0, 0, 1, 12, 1, 13),
(465, 30, 1, '1988-09-04', 'NO', 33, 5, 2, 1, 0, 0, 0, 0, 0, 0, 0, 0, 0, 11, -1, 10),
(466, 30, 2, '1988-09-11', 'NYG', 17, 3, 0, 0, 0, 0, 0, 0, 0, 0, 0, 0, 0, 3, 1, 4),
(467, 30, 3, '1988-09-18', 'ATL', 34, 1, 2, 0, 0, 0, 0, 0, 0, 0, 0, 0, 0, 5, -1, 4),
(468, 30, 4, '1988-09-25', 'SEA', 7, 3, 4, 1, 0, 0, 0, 0, 0, 0, 0, 0, 0, 13, 4, 17),
(469, 30, 5, '1988-10-02', 'DET', 13, 4, 0, 2, 0, 0, 0, 1, 0, 0, 0, 0, 0, 14, 4, 18),
(470, 30, 6, '1988-10-09', 'DEN', 16, 5, 2, 1, 0, 0, 0, 0, 0, 0, 0, 0, 0, 11, 1, 12),
(471, 30, 7, '1988-10-16', 'LAR', 21, 1, 2, 2, 0, 0, 0, 0, 0, 0, 0, 0, 0, 9, 0, 9),
(472, 30, 8, '1988-10-24', 'CHI', 10, 3, 1, 0, 0, 1, 0, 0, 0, 0, 0, 0, 0, 7, 4, 11),
(473, 30, 9, '1988-10-30', 'MIN', 21, 2, 2, 1, 0, 0, 0, 0, 0, 0, 0, 0, 0, 8, 0, 8),
(474, 30, 10, '1988-11-06', 'AZ', 24, 7, 0, 3, 0, 0, 0, 0, 0, 0, 0, 0, 0, 13, 0, 13),
(475, 30, 11, '1988-11-13', 'OAK', 9, 2, 0, 1, 0, 0, 0, 0, 0, 0, 0, 0, 0, 4, 4, 8),
(476, 30, 12, '1988-11-21', 'WAS', 21, 0, 2, 2, 0, 0, 0, 1, 0, 0, 0, 0, 0, 14, 0, 14),
(477, 30, 13, '1988-11-27', 'SD', 10, 1, 2, 1, 0, 0, 0, 0, 0, 0, 0, 0, 0, 7, 4, 11),
(478, 30, 14, '1988-12-04', 'ATL', 3, 3, 1, 0, 0, 0, 0, 0, 0, 0, 0, 0, 0, 5, 7, 12),
(479, 30, 15, '1988-12-11', 'NO', 17, 2, 1, 1, 0, 0, 0, 0, 0, 0, 0, 0, 0, 6, 1, 7),
(480, 30, 16, '1988-12-18', 'LAR', 38, 0, 1, 0, 0, 0, 0, 0, 0, 0, 0, 0, 0, 2, -4, -2),
(481, 31, 1, '1988-09-04', 'AZ', 14, 2, 2, 0, 0, 0, 0, 0, 0, 0, 0, 0, 0, 6, 1, 7),
(482, 31, 2, '1988-09-11', 'PHI', 24, 4, 1, 0, 0, 0, 0, 0, 0, 0, 0, 0, 0, 6, 0, 6),
(483, 31, 3, '1988-09-18', 'PIT', 20, 5, 2, 4, 0, 0, 0, 0, 0, 0, 0, 0, 0, 17, 1, 18),
(484, 31, 4, '1988-09-25', 'CLE', 17, 0, 0, 1, 0, 0, 0, 0, 0, 1, 0, 0, 1, 8, 1, 9),
(485, 31, 5, '1988-10-02', 'OAK', 21, 2, 4, 1, 0, 0, 0, 0, 0, 0, 0, 0, 0, 12, 0, 12),
(486, 31, 6, '1988-10-09', 'NYJ', 19, 4, 0, 1, 0, 0, 0, 0, 0, 0, 0, 0, 0, 6, 1, 7),
(487, 31, 7, '1988-10-16', 'NE', 27, 2, 0, 0, 0, 0, 0, 0, 0, 0, 0, 0, 0, 2, 0, 2),
(488, 31, 8, '1988-10-23', 'HOU', 21, 4, 2, 2, 0, 1, 0, 0, 0, 1, 0, 0, 1, 20, 0, 20),
(489, 31, 9, '1988-10-30', 'CLE', 23, 1, 2, 0, 0, 0, 0, 0, 1, 0, 0, 0, 1, 11, 0, 11),
(490, 31, 10, '1988-11-06', 'PIT', 7, 4, 0, 0, 0, 0, 0, 0, 0, 0, 0, 0, 0, 4, 4, 8),
(491, 31, 11, '1988-11-13', 'KC', 31, 1, 0, 0, 0, 0, 1, 0, 0, 0, 0, 0, 0, 7, -1, 6),
(492, 31, 12, '1988-11-20', 'DAL', 24, 6, 2, 0, 0, 0, 0, 0, 0, 0, 0, 0, 0, 10, 0, 10),
(493, 31, 13, '1988-11-27', 'BUF', 21, 2, 2, 2, 0, 0, 0, 0, 0, 0, 0, 0, 0, 10, 0, 10),
(494, 31, 14, '1988-12-04', 'SD', 10, 3, 3, 1, 0, 0, 0, 0, 0, 0, 0, 0, 0, 11, 4, 15),
(495, 31, 15, '1988-12-11', 'HOU', 41, 1, 1, 1, 0, 0, 0, 0, 0, 0, 0, 0, 0, 5, -4, 1),
(496, 31, 16, '1988-12-17', 'WAS', 17, 1, 1, 1, 0, 0, 0, 0, 0, 0, 0, 0, 0, 5, 1, 6),
(497, 32, 1, '2008-09-07', 'SF', 13, 4, 1, 4, 0, 0, 0, 0, 0, 0, 0, 0, 0, 14, 4, 18),
(498, 32, 2, '2008-09-14', 'MIA', 10, 2, 0, 0, 0, 0, 0, 0, 0, 0, 0, 0, 0, 2, 4, 6),
(499, 32, 3, '2008-09-21', 'WAS', 24, 2, 0, 0, 0, 0, 0, 0, 0, 0, 0, 0, 0, 2, 0, 2),
(500, 32, 4, '2008-09-28', 'NYJ', 56, 2, 1, 0, 0, 0, 0, 0, 0, 0, 0, 0, 0, 4, -4, 0),
(501, 32, 5, '2008-10-05', 'BUF', 17, 5, 1, 3, 0, 0, 0, 0, 0, 0, 0, 0, 0, 13, 1, 14),
(502, 32, 6, '2008-10-12', 'DAL', 24, 3, 0, 1, 1, 0, 1, 0, 0, 0, 1, 0, 1, 19, 0, 19),
(503, 32, 7, '2008-10-26', 'CAR', 27, 1, 0, 1, 0, 0, 0, 0, 0, 0, 0, 0, 0, 3, 0, 3),
(504, 32, 8, '2008-11-02', 'LAR', 13, 2, 2, 1, 0, 0, 0, 0, 1, 0, 0, 0, 1, 14, 4, 18),
(505, 32, 9, '2008-11-10', 'SF', 24, 0, 2, 1, 0, 0, 0, 0, 0, 0, 0, 0, 0, 6, 0, 6),
(506, 32, 10, '2008-11-16', 'SEA', 20, 2, 3, 1, 0, 0, 0, 0, 0, 0, 0, 0, 0, 10, 1, 11),
(507, 32, 11, '2008-11-23', 'NYG', 37, 1, 0, 0, 0, 0, 0, 0, 0, 0, 0, 0, 0, 1, -4, -3),
(508, 32, 12, '2008-11-27', 'PHI', 48, 1, 0, 1, 0, 0, 0, 0, 0, 0, 0, 0, 0, 3, -4, -1),
(509, 32, 13, '2008-12-07', 'LAR', 10, 1, 1, 2, 0, 0, 0, 0, 1, 1, 0, 0, 2, 19, 4, 23),
(510, 32, 14, '2008-12-14', 'MIN', 35, 3, 0, 1, 1, 0, 0, 0, 0, 0, 1, 0, 1, 13, -4, 9),
(511, 32, 15, '2008-12-21', 'NE', 47, 1, 0, 0, 0, 0, 0, 0, 0, 0, 0, 0, 0, 1, -4, -3),
(512, 32, 16, '2008-12-28', 'SEA', 21, 1, 2, 1, 0, 0, 0, 0, 0, 0, 0, 0, 0, 7, 0, 7);

-- --------------------------------------------------------

--
-- Table structure for table `legends_player`
--

DROP TABLE IF EXISTS `legends_player`;
CREATE TABLE IF NOT EXISTS `legends_player` (
  `playerID` int(6) NOT NULL AUTO_INCREMENT,
  `teamID` int(2) NOT NULL,
  `posID` int(1) NOT NULL,
  `player_first` varchar(25) NOT NULL,
  `player_last` varchar(25) NOT NULL,
  `jersey` varchar(2) NOT NULL,
  `fppg` float NOT NULL,
  `salary` int(6) NOT NULL,
  PRIMARY KEY (`playerID`)
) ENGINE=MyISAM AUTO_INCREMENT=193 DEFAULT CHARSET=latin1;

--
-- Dumping data for table `legends_player`
--

INSERT INTO `legends_player` (`playerID`, `teamID`, `posID`, `player_first`, `player_last`, `jersey`, `fppg`, `salary`) VALUES
(1, 1, 1, 'Jake', 'Plummer', '16', 13.8, 4800),
(2, 2, 1, 'Jim ', 'McMahon', '9', 13.85, 4900),
(3, 3, 1, 'Brett', 'Favre', '4', 16.58, 5800),
(4, 4, 1, 'Phil', 'Simms', '11', 14.38, 5000),
(5, 5, 1, 'Scott ', 'Mitchell', '19', 17.41, 6100),
(6, 6, 1, 'Mark', 'Rypien', '11', 17.37, 6100),
(7, 7, 1, 'Donovan', 'McNabb', '5', 20.09, 7000),
(8, 8, 1, 'Terry ', 'Bradshaw', '12', 10.64, 3700),
(9, 9, 1, 'Kurt', 'Warner', '13', 22.06, 7700),
(10, 10, 1, 'Joe ', 'Montana', '16', 19.64, 6900),
(11, 11, 1, 'Bernie', 'Kosar', '19', 13.98, 4900),
(12, 12, 1, 'Peyton', 'Manning', '18', 17.97, 6300),
(13, 13, 1, 'Troy', 'Aikman', '8', 10.86, 3800),
(14, 14, 1, 'Len', 'Dawson', '16', 15.63, 5500),
(15, 15, 1, 'Dan ', 'Fouts', '14', 15.91, 5600),
(16, 16, 1, 'John ', 'Elway', '7', 14.13, 5000),
(17, 17, 1, 'Joe ', 'Namath', '12', 13.92, 4900),
(18, 18, 1, 'Drew ', 'Bledsoe', '11', 17.89, 6300),
(19, 19, 1, 'Ken', 'Stabler', '12', 13.01, 4600),
(20, 20, 1, 'Steve', 'McNair', '9', 15.93, 5600),
(21, 21, 1, 'Jim', 'Kelly', '12', 15.22, 5300),
(22, 22, 1, 'Fran', 'Tarkenton', '10', 13.86, 4900),
(23, 23, 1, 'Michael', 'Vick', '7', 16.7, 5800),
(24, 24, 1, 'Dan', 'Marino', '13', 17.39, 6100),
(25, 25, 1, 'Aaron', 'Brooks', '2', 17.25, 6000),
(26, 26, 1, 'Boomer', 'Esiason', '7', 19.55, 6800),
(27, 27, 1, 'Dave', 'Krieg', '17', 17.87, 6300),
(28, 28, 1, 'Vinny', 'Testaverde', '14', 13.52, 4700),
(29, 29, 1, 'Jake', 'Delhomme', '17', 13.58, 4800),
(30, 30, 1, 'Mark', 'Brunell', '8', 14.7, 5100),
(31, 31, 1, 'Kyle', 'Boller', '7', 13.01, 4600),
(32, 32, 1, 'Warren', 'Moon', '1', 16.48, 5800),
(33, 1, 2, 'Ottis', 'Anderson', '32', 23.3, 8200),
(34, 1, 2, 'Chris \"Beanie\"', 'Wells', '26', 12.36, 4300),
(35, 2, 2, 'Walter', 'Payton', '34', 24.88, 8700),
(36, 2, 2, 'Gale', 'Sayers', '40', 21.38, 7500),
(37, 3, 2, 'Edgar', 'Bennett', '34', 17.35, 6000),
(38, 3, 2, 'Ahman', 'Green', '30', 25.03, 8800),
(39, 4, 2, 'Tiki', 'Barber', '21', 26.11, 9100),
(40, 4, 2, 'Rodney', 'Hampton', '27', 20.18, 7000),
(41, 5, 2, 'Barry', 'Sanders', '20', 26.19, 9100),
(42, 5, 2, 'Billy', 'Sims', '20', 24.46, 8600),
(43, 6, 2, 'Clinton', 'Portis', '26', 19.38, 6800),
(44, 6, 2, 'John', 'Riggins', '44', 17.9, 6200),
(45, 7, 2, 'Ricky', 'Watters', '32', 21.19, 7400),
(46, 7, 2, 'Brian', 'Westbrook', '36', 26.83, 9400),
(47, 8, 2, 'Jerome', 'Bettis', '36', 16.92, 5900),
(48, 8, 2, 'Franco', 'Harris ', '32', 21.92, 7600),
(49, 9, 2, 'Eric', 'Dickerson', '29', 25.74, 9000),
(50, 9, 2, 'Marshall ', 'Faulk', '28', 32.96, 11500),
(51, 10, 2, 'Roger', 'Craig', '33', 22.03, 7700),
(52, 10, 2, 'Garrison', 'Hearst', '20', 22.16, 7800),
(53, 11, 2, 'Jim', 'Brown', '32', 29.56, 10000),
(54, 11, 2, 'Earnest', 'Byner', '44', 18.21, 6300),
(55, 12, 2, 'Joseph', 'Addai', '29', 22.93, 8000),
(56, 12, 2, 'Edgerrin', 'James', '32', 25.27, 8800),
(57, 13, 2, 'Tony', 'Dorsett', '33', 18.87, 6600),
(58, 13, 2, 'Emmitt', 'Smith', '22', 22.69, 7900),
(59, 14, 2, 'Priest', 'Holmes', '31', 33.23, 11600),
(60, 14, 2, 'Larry', 'Johnson', '27', 26.14, 9100),
(61, 15, 2, 'Natrone', 'Means', '20', 20.48, 7100),
(62, 15, 2, 'Ladanian', 'Tomlinson', '21', 32.84, 11500),
(63, 16, 2, 'Mike', 'Anderson', '38', 21.41, 7500),
(64, 16, 2, 'Terrell', 'Davis', '30', 24.73, 8700),
(65, 17, 2, 'Curtis', 'Martin', '28', 22.08, 7700),
(66, 17, 2, 'Freeman', 'McNeil', '24', 21.09, 7400),
(67, 18, 2, 'BenJarvus', 'Green-Ellis', '42', 14.34, 5000),
(68, 18, 2, 'Laurence', 'Maroney', '39', 15.33, 5300),
(69, 19, 2, 'Marcus', 'Allen', '32', 24.54, 8600),
(70, 19, 2, 'Bo ', 'Jackson', '34', 16.72, 5900),
(71, 20, 2, 'Eddie', 'George', '27', 21.08, 7400),
(72, 20, 2, 'LenDale', 'White', '25', 15.79, 5500),
(73, 21, 2, 'O.J.', 'Simpson', '32', 25.46, 8900),
(74, 21, 2, 'Thurman ', 'Thomas', '34', 24.05, 8400),
(75, 22, 2, 'Robert', 'Smith', '26', 18.39, 6400),
(76, 22, 2, 'Herschel', 'Walker', '34', 15.46, 5400),
(77, 23, 2, 'Jamal', 'Anderson', '32', 21.84, 7600),
(78, 23, 2, 'Michael', 'Turner', '33', 19.43, 6800),
(79, 24, 2, 'Ronnie', 'Brown', '23', 19.66, 6800),
(80, 24, 2, 'Larry', 'Csonka', '39', 15.89, 5600),
(81, 25, 2, 'Deuce', 'McAllister', '26', 20.93, 7300),
(82, 25, 2, 'Ricky', 'Williams', '34', 20.53, 7200),
(83, 26, 2, 'Corey', 'Dillon', '28', 24.15, 8500),
(84, 26, 2, 'Rudi', 'Johnson', '32', 20.45, 7100),
(85, 27, 2, 'Shaun ', 'Alexander', '37', 24.21, 8500),
(86, 27, 2, 'Chris', 'Warren', '42', 17.71, 6200),
(87, 28, 2, 'Warrick', 'Dunn', '28', 23.4, 8200),
(88, 28, 2, 'Errict', 'Rhett', '32', 13.71, 4800),
(89, 29, 2, 'Tim', 'Biakabutuka', '21', 19.08, 6700),
(90, 29, 2, 'Fred ', 'Lane', '32', 13.73, 4800),
(91, 30, 2, 'Maurice', 'Jones-Drew', '32', 22.79, 8000),
(92, 30, 2, 'Fred ', 'Taylor', '28', 24.55, 8600),
(93, 31, 2, 'Jamal', 'Lewis', '31', 23.63, 8300),
(94, 31, 2, 'Ray', 'Rice', '27', 22.17, 7800),
(95, 32, 2, 'Earl', 'Campbell', '34', 23.22, 8100),
(96, 32, 2, 'Lorenzo', 'White', '44', 19.84, 7000),
(97, 1, 3, 'Anquan', 'Boldin', '81', 26.86, 9400),
(98, 1, 3, 'Rob ', 'Moore', '85', 20.36, 7100),
(99, 2, 3, 'Curtis', 'Conway', '80', 19.14, 6700),
(100, 2, 3, 'Willie', 'Gault', '83', 20.08, 7000),
(101, 3, 3, 'James ', 'Lofton', '80', 22.38, 7800),
(102, 3, 3, 'Sterling', 'Sharpe', '84', 22.39, 7800),
(103, 4, 3, 'Victor', 'Cruz', '80', 21.23, 7400),
(104, 4, 3, 'Frank', 'Gifford', '16', 19.78, 6900),
(105, 5, 3, 'Calvin', 'Johnson', '81', 26.63, 9300),
(106, 5, 3, 'Herman', 'Moore', '84', 22.84, 8000),
(107, 6, 3, 'Gary', 'Clark', '84', 23.78, 8300),
(108, 6, 3, 'Art', 'Monk', '81', 23.69, 8300),
(109, 7, 3, 'Harold', 'Carmichael', '17', 19.04, 6700),
(110, 7, 3, 'Mike', 'Quick', '82', 18.41, 6400),
(111, 8, 3, 'Lynn', 'Swann', '88', 18.24, 6400),
(112, 8, 3, 'Hines', 'Ward', '86', 22.28, 7800),
(113, 9, 3, 'Isaac', 'Bruce', '80', 25.78, 9000),
(114, 9, 3, 'Torry', 'Holt', '81', 26.56, 9300),
(115, 10, 3, 'Terrell', 'Owens', '81', 23.76, 8300),
(116, 10, 3, 'Jerry', 'Rice', '80', 31.38, 11000),
(117, 11, 3, 'Webster', 'Slaughter', '84', 19.6, 6900),
(118, 11, 3, 'Paul', 'Warfield', '42', 20.89, 7300),
(119, 12, 3, 'Marvin', 'Harrison', '88', 25.65, 9000),
(120, 12, 3, 'Reggie', 'Wayne', '87', 24.18, 8500),
(121, 13, 3, 'Drew', 'Pearson', '88', 20.21, 7100),
(122, 13, 3, 'Michael', 'Irvin', '88', 23.82, 8300),
(123, 14, 3, 'Dwayne', 'Bowe', '82', 21.41, 7500),
(124, 14, 3, 'Otis', 'Taylor', '89', 19.78, 6900),
(125, 15, 3, 'Lance ', 'Alworth', '19', 25.48, 8900),
(126, 15, 3, 'Charlie', 'Joiner', '18', 18.5, 6500),
(127, 16, 3, 'Ed', 'McCaffery', '87', 18.89, 6600),
(128, 16, 3, 'Rod ', 'Smith', '80', 22.93, 8000),
(129, 17, 3, 'Don', 'Maynard', '13', 27.63, 9700),
(130, 17, 3, 'Al ', 'Toon', '88', 21.81, 7600),
(131, 18, 3, 'Terry ', 'Glenn', '83', 20.38, 7100),
(132, 18, 3, 'Wes ', 'Welker', '83', 24.46, 8600),
(133, 19, 3, 'Fred ', 'Biletnikoff', '25', 19.89, 7000),
(134, 19, 3, 'Tim', 'Brown', '81', 26.07, 9100),
(135, 20, 3, 'Derrick ', 'Mason', '85', 20.14, 7000),
(136, 20, 3, 'Nate', 'Washington', '85', 18.31, 6400),
(137, 21, 3, 'Stevie ', 'Johnson', '13', 17.34, 6100),
(138, 21, 3, 'Andre', 'Reed', '83', 22.04, 7700),
(139, 22, 3, 'Cris', 'Carter', '80', 22.89, 8000),
(140, 22, 3, 'Randy', 'Moss', '84', 26.53, 9300),
(141, 23, 3, 'Andre', 'Rison', '80', 25.28, 8800),
(142, 23, 3, 'Roddy ', 'White', '84', 23.01, 8100),
(143, 24, 3, 'Mark', 'Clayton', '83', 23.18, 8100),
(144, 24, 3, 'Mark', 'Duper', '85', 26.09, 9100),
(145, 25, 3, 'Marques', 'Colston', '12', 21.93, 7700),
(146, 25, 3, 'Joe ', 'Horn', '87', 20.78, 7300),
(147, 26, 3, 'Cris', 'Collinsworth', '80', 20.63, 7200),
(148, 26, 3, 'Chad', 'Johnson', '85', 24.46, 8600),
(149, 27, 3, 'Joey', 'Galloway', '84', 21.36, 7500),
(150, 27, 3, 'Steve', 'Largent', '80', 25.06, 8800),
(151, 28, 3, 'Vincent', 'Jackson', '83', 19.65, 6900),
(152, 28, 3, 'Keyshawn', 'Johnson', '19', 19.62, 6900),
(153, 29, 3, 'Mushin', 'Muhammad', '87', 22.44, 7900),
(154, 29, 3, 'Steve', 'Smith', '89', 23.31, 8200),
(155, 30, 3, 'Keenan ', 'McCardell', '80', 20.93, 7300),
(156, 30, 3, 'Jimmy', 'Smith', '82', 24.19, 8500),
(157, 31, 3, 'Qadry', 'Ismail', '87', 18.71, 6500),
(158, 31, 3, 'Jermaine', 'Lewis', '84', 14.26, 5000),
(159, 32, 3, 'Ernest', 'Givins', '81', 17.57, 6100),
(160, 32, 3, 'Haywood', 'Jeffries', '84', 18.83, 6600),
(161, 1, 4, 'Bryant ', 'Johnson', '80', 10.23, 3600),
(162, 2, 4, 'Mike', 'Ditka', '89', 22.27, 7800),
(163, 3, 4, 'Paul', 'Coffman', '82', 17.85, 6200),
(164, 4, 4, 'Jeremy', 'Shockey', '80', 16.55, 5800),
(165, 5, 4, 'Charlie', 'Sanders', '88', 12.48, 4400),
(166, 6, 4, 'Chris', 'Cooley', '47', 14.01, 4900),
(167, 7, 4, 'Pete', 'Retzlaff', '44', 22.27, 7800),
(168, 8, 4, 'Heath', 'Miller', '83', 14.65, 5100),
(169, 9, 4, 'Billy', 'Truax', '87', 11.28, 3900),
(170, 10, 4, 'Brent', 'Jones ', '84', 12.83, 4500),
(171, 11, 4, 'Ozzie ', 'Newsome', '82', 18.03, 6300),
(172, 12, 4, 'Dallas', 'Clark', '44', 18.88, 6600),
(173, 13, 4, 'Jay', 'Novacek', '84', 15.03, 5300),
(174, 14, 4, 'Tony', 'Gonzalez', '88', 17.49, 6100),
(175, 15, 4, 'Kellen', 'Winslow', '80', 23.81, 8300),
(176, 16, 4, 'Shannon', 'Sharpe', '84', 22.38, 7800),
(177, 17, 4, 'Rich', 'Caster', '88', 21.06, 7400),
(178, 18, 4, 'Ben ', 'Coates', '87', 19.22, 6700),
(179, 19, 4, 'Dave', 'Casper', '87', 15.96, 5600),
(180, 20, 4, 'Bo ', 'Scaife', '80', 9.38, 3300),
(181, 21, 4, 'Scott ', 'Chandler', '87', 11.4, 4000),
(182, 22, 4, 'Steve', 'Jordan', '83', 16.43, 5700),
(183, 23, 4, 'Alge', 'Crumpler', '83', 15.21, 5300),
(184, 24, 4, 'Keith', 'Jackson', '88', 12.84, 4500),
(185, 25, 4, 'Henry', 'Childs', '85', 13.98, 4900),
(186, 26, 4, 'Bob', 'Trumpy', '84', 16.35, 5700),
(187, 27, 4, 'Jerramy', 'Stevens', '86', 8.59, 3000),
(188, 28, 4, 'Kellen', 'Winslow Jr.', '82', 14.36, 5000),
(189, 29, 4, 'Wesley', 'Walls', '85', 15.05, 5300),
(190, 30, 4, 'Kyle', 'Brady', '88', 10.2, 3600),
(191, 31, 4, 'Todd', 'Heap', '86', 15.66, 5500),
(192, 32, 4, 'Frank', 'Wycheck', '89', 10.59, 3700);

-- --------------------------------------------------------

--
-- Table structure for table `legends_player_data`
--

DROP TABLE IF EXISTS `legends_player_data`;
CREATE TABLE IF NOT EXISTS `legends_player_data` (
  `rowID` int(6) NOT NULL AUTO_INCREMENT,
  `playerID` int(4) NOT NULL,
  `gameID` int(2) NOT NULL,
  `game_date` date NOT NULL,
  `is_away` int(1) NOT NULL,
  `opp` varchar(4) NOT NULL,
  `game_result` varchar(15) NOT NULL,
  `passYDS` int(3) NOT NULL,
  `passTD` int(2) NOT NULL,
  `passINT` int(2) NOT NULL,
  `rushYDS` int(3) NOT NULL,
  `rushTD` int(2) NOT NULL,
  `rec` int(2) NOT NULL,
  `recYDS` int(3) NOT NULL,
  `recTD` int(2) NOT NULL,
  `krtd` int(2) NOT NULL,
  `prtd` int(2) NOT NULL,
  `passBonus` int(2) NOT NULL,
  `rushBonus` int(2) NOT NULL,
  `recBonus` int(2) NOT NULL,
  `fpts` float NOT NULL,
  PRIMARY KEY (`rowID`)
) ENGINE=MyISAM AUTO_INCREMENT=3073 DEFAULT CHARSET=latin1;

--
-- Dumping data for table `legends_player_data`
--

INSERT INTO `legends_player_data` (`rowID`, `playerID`, `gameID`, `game_date`, `is_away`, `opp`, `game_result`, `passYDS`, `passTD`, `passINT`, `rushYDS`, `rushTD`, `rec`, `recYDS`, `recTD`, `krtd`, `prtd`, `passBonus`, `rushBonus`, `recBonus`, `fpts`) VALUES
(1, 1, 1, '2002-12-01', 1, 'KC', 'L 0-49', 88, 0, 3, 0, 0, 0, 0, 0, 0, 0, 0, 0, 0, 0.52),
(2, 1, 2, '2000-09-24', 0, 'GB', 'L 3-29', 189, 0, 4, 0, 0, 0, 0, 0, 0, 0, 0, 0, 0, 3.56),
(3, 1, 3, '2002-12-15', 1, 'LAR', 'L 28-30', 258, 2, 1, 33, 0, 0, 0, 0, 0, 0, 0, 0, 0, 20.62),
(4, 1, 4, '1999-10-17', 0, 'WAS', 'L 10-24', 99, 0, 2, 0, 0, 0, 0, 0, 0, 0, 0, 0, 0, 1.96),
(5, 1, 5, '1999-10-10', 0, 'NYG', 'W 14-3', 156, 1, 0, 3, 1, 0, 0, 0, 0, 0, 0, 0, 0, 16.54),
(6, 1, 6, '2000-09-10', 0, 'DAL', 'W 32-31', 243, 2, 0, 0, 0, 0, 0, 0, 0, 0, 0, 0, 0, 17.72),
(7, 1, 7, '1997-11-30', 0, 'PIT', 'L 20-26', 270, 2, 0, 19, 0, 0, 0, 0, 0, 0, 0, 0, 0, 20.7),
(8, 1, 8, '1999-09-19', 1, 'MIA', 'L 16-19', 112, 0, 4, 4, 0, 0, 0, 0, 0, 0, 0, 0, 0, 0.88),
(9, 1, 9, '2001-10-21', 0, 'KC', 'W 24-16', 228, 1, 0, 20, 0, 0, 0, 0, 0, 0, 0, 0, 0, 15.12),
(10, 1, 10, '2001-11-18', 0, 'DET', 'W 45-38', 334, 4, 1, 5, 0, 0, 0, 0, 0, 0, 3, 0, 0, 31.86),
(11, 1, 11, '2001-12-30', 1, 'CAR', 'W 30-7', 173, 2, 0, -1, 0, 0, 0, 0, 0, 0, 0, 0, 0, 14.82),
(12, 1, 12, '2000-12-24', 1, 'WAS', 'L 3-20', 144, 0, 3, 30, 0, 0, 0, 0, 0, 0, 0, 0, 0, 5.76),
(13, 1, 13, '1998-11-22', 1, 'WAS', 'W 45-42', 251, 2, 1, 10, 3, 0, 0, 0, 0, 0, 0, 0, 0, 36.04),
(14, 1, 14, '1998-11-08', 0, 'WAS', 'W 29-27', 186, 1, 0, 50, 0, 0, 0, 0, 0, 0, 0, 0, 0, 16.44),
(15, 1, 15, '2000-10-08', 0, 'CLE', 'W 29-21', 171, 2, 0, -1, 0, 0, 0, 0, 0, 0, 0, 0, 0, 14.74),
(16, 1, 16, '1999-12-12', 1, 'WAS', 'L 3-28', 147, 0, 3, 6, 0, 0, 0, 0, 0, 0, 0, 0, 0, 3.48),
(17, 2, 1, '1988-10-09', 1, 'DET', 'W 24-7', 78, 1, 0, 0, 0, 0, 0, 0, 0, 0, 0, 0, 0, 7.12),
(18, 2, 2, '1988-09-25', 1, 'GB', 'W 24-6', 114, 0, 2, 18, 0, 0, 0, 0, 0, 0, 0, 0, 0, 4.36),
(19, 2, 3, '1988-10-24', 0, 'SF', 'W 10-9', 132, 0, 1, 27, 1, 0, 0, 0, 0, 0, 0, 0, 0, 12.98),
(20, 2, 4, '1988-10-02', 0, 'BUF', 'W 24-3', 260, 2, 1, 24, 0, 0, 0, 0, 0, 0, 0, 0, 0, 19.8),
(21, 2, 5, '1983-11-13', 0, 'PHI', 'W 17-14', 140, 2, 0, 43, 0, 0, 0, 0, 0, 0, 0, 0, 0, 17.9),
(22, 2, 6, '1984-09-09', 0, 'DEN', 'W 27-0', 93, 1, 0, 8, 0, 0, 0, 0, 0, 0, 0, 0, 0, 8.52),
(23, 2, 7, '1982-12-05', 0, 'NE', 'W 26-13', 192, 2, 1, 7, 1, 0, 0, 0, 0, 0, 0, 0, 0, 21.38),
(24, 2, 8, '1984-10-21', 1, 'TB', 'W 44-9', 219, 3, 0, 24, 0, 1, 42, 0, 0, 0, 0, 0, 0, 28.36),
(25, 2, 9, '1984-11-04', 0, 'OAK', 'W 17-6', 68, 0, 1, 10, 0, 0, 0, 0, 0, 0, 0, 0, 0, 2.72),
(26, 2, 10, '1983-10-09', 0, 'MIN', 'L 14-23', 35, 0, 2, 6, 0, 0, 0, 0, 0, 0, 0, 0, 0, 0),
(27, 2, 11, '1984-10-07', 0, 'NO', 'W 20-7', 128, 1, 0, 25, 0, 0, 0, 0, 0, 0, 0, 0, 0, 11.62),
(28, 2, 12, '1985-09-29', 0, 'WAS', 'W 45-10', 160, 3, 1, 36, 0, 1, 13, 1, 0, 0, 0, 0, 0, 29.3),
(29, 2, 13, '1982-12-26', 1, 'LAR', 'W 34-26', 280, 2, 0, 23, 0, 0, 0, 0, 0, 0, 0, 0, 0, 21.5),
(30, 2, 14, '1986-09-28', 1, 'CIN', 'W 44-7', 211, 3, 1, 1, 1, 0, 0, 0, 0, 0, 0, 0, 0, 25.54),
(31, 2, 15, '1988-10-30', 1, 'NE', 'L 7-30', 4, 0, 1, 1, 1, 0, 0, 0, 0, 0, 0, 0, 0, 5.26),
(32, 2, 16, '1986-11-23', 0, 'GB', 'W 12-10', 95, 0, 3, 64, 0, 0, 0, 0, 0, 0, 0, 0, 0, 7.2),
(33, 3, 1, '1995-11-12', 0, 'CHI', 'W 35-28', 336, 5, 0, 2, 0, 0, 0, 0, 0, 0, 3, 0, 0, 36.64),
(34, 3, 2, '2003-12-22', 1, 'OAK', 'W 41-7', 399, 4, 0, 0, 0, 0, 0, 0, 0, 0, 3, 0, 0, 34.96),
(35, 3, 3, '2005-01-02', 1, 'CHI', 'W 31-14', 196, 2, 0, 0, 0, 0, 0, 0, 0, 0, 0, 0, 0, 15.84),
(36, 3, 4, '2007-10-29', 1, 'DEN', 'W 19-13', 331, 2, 0, -8, 0, 0, 0, 0, 0, 0, 3, 0, 0, 23.44),
(37, 3, 5, '1999-10-17', 1, 'DEN', 'L 10-31', 120, 0, 3, 9, 0, 0, 0, 0, 0, 0, 0, 0, 0, 2.7),
(38, 3, 6, '2007-11-29', 1, 'DAL', 'L 27-37', 56, 0, 2, 0, 0, 0, 0, 0, 0, 0, 0, 0, 0, 0.24),
(39, 3, 7, '2004-12-05', 1, 'PHI', 'L 17-47', 131, 0, 2, 0, 0, 0, 0, 0, 0, 0, 0, 0, 0, 3.24),
(40, 3, 8, '1999-11-01', 0, 'SEA', 'L 7-27', 180, 1, 4, 16, 0, 0, 0, 0, 0, 0, 0, 0, 0, 8.8),
(41, 3, 9, '1995-11-26', 0, 'TB', 'W 35-13', 267, 3, 0, 18, 0, 0, 0, 0, 0, 0, 0, 0, 0, 24.48),
(42, 3, 10, '1998-12-20', 0, 'TEN', 'W 30-22', 253, 3, 0, 49, 0, 0, 0, 0, 0, 0, 0, 0, 0, 27.02),
(43, 3, 11, '1995-12-16', 1, 'NO', 'W 34-23', 308, 4, 0, 15, 0, 0, 0, 0, 0, 0, 3, 0, 0, 32.82),
(44, 3, 12, '1994-10-20', 1, 'MIN', 'L 10-13', 32, 0, 1, 0, 0, 0, 0, 0, 0, 0, 0, 0, 0, 0.28),
(45, 3, 13, '2007-12-30', 0, 'DET', 'W 34-13', 99, 2, 0, 21, 0, 0, 0, 0, 0, 0, 0, 0, 0, 14.06),
(46, 3, 14, '1992-12-06', 0, 'DET', 'W 38-10', 214, 3, 0, 11, 0, 0, 0, 0, 0, 0, 0, 0, 0, 21.66),
(47, 3, 15, '1998-10-05', 0, 'MIN', 'L 24-37', 114, 0, 3, 0, 0, 0, 0, 0, 0, 0, 0, 0, 0, 1.56),
(48, 3, 16, '1992-09-27', 0, 'PIT', 'W 17-3', 210, 2, 0, 12, 0, 0, 0, 0, 0, 0, 0, 0, 0, 17.6),
(49, 4, 1, '1981-09-13', 1, 'WAS', 'W 17-7', 93, 0, 1, -5, 0, 0, 0, 0, 0, 0, 0, 0, 0, 2.22),
(50, 4, 2, '1984-09-02', 0, 'PHI', 'W 28-27', 409, 4, 0, 20, 0, 0, 0, 0, 0, 0, 3, 0, 0, 37.36),
(51, 4, 3, '1980-10-05', 1, 'DAL', 'L 3-24', 87, 0, 1, 20, 0, 0, 0, 0, 0, 0, 0, 0, 0, 4.48),
(52, 4, 4, '1990-11-18', 0, 'DET', 'W 20-0', 170, 2, 0, 0, 0, 0, 0, 0, 0, 0, 0, 0, 0, 14.8),
(53, 4, 5, '1987-12-19', 0, 'GB', 'W 20-10', 233, 2, 0, 0, 0, 0, 0, 0, 0, 0, 0, 0, 0, 17.32),
(54, 4, 6, '1993-10-10', 1, 'WAS', 'W 41-7', 182, 3, 0, -2, 0, 0, 0, 0, 0, 0, 0, 0, 0, 19.08),
(55, 4, 7, '1984-12-15', 0, 'NO', 'L 3-10', 127, 0, 2, 43, 0, 0, 0, 0, 0, 0, 0, 0, 0, 7.38),
(56, 4, 8, '1987-10-25', 0, 'LAR', 'W 30-7', 253, 3, 0, -3, 0, 0, 0, 0, 0, 0, 0, 0, 0, 21.82),
(57, 4, 9, '1980-11-30', 0, 'LAR', 'L 7-23', 106, 0, 2, 29, 0, 0, 0, 0, 0, 0, 0, 0, 0, 5.14),
(58, 4, 10, '1990-10-14', 1, 'WAS', 'W 24-20', 283, 2, 0, -3, 0, 0, 0, 0, 0, 0, 0, 0, 0, 19.02),
(59, 4, 11, '1986-11-09', 1, 'PHI', 'W 17-14', 130, 0, 2, 10, 0, 0, 0, 0, 0, 0, 0, 0, 0, 4.2),
(60, 4, 12, '1990-09-30', 0, 'DAL', 'W 31-17', 188, 3, 0, 0, 0, 0, 0, 0, 0, 0, 0, 0, 0, 19.52),
(61, 4, 13, '1989-09-17', 0, 'DET', 'W 24-14', 218, 2, 0, 11, 0, 0, 0, 0, 0, 0, 0, 0, 0, 17.82),
(62, 4, 14, '1984-10-28', 0, 'WAS', 'W 37-13', 339, 2, 0, 1, 0, 0, 0, 0, 0, 0, 3, 0, 0, 24.66),
(63, 4, 15, '1991-12-21', 0, 'HOU', 'W 24-20', 200, 1, 0, 19, 0, 0, 0, 0, 0, 0, 0, 0, 0, 13.9),
(64, 4, 16, '1986-11-02', 0, 'DAL', 'W 17-14', 67, 0, 1, -4, 0, 0, 0, 0, 0, 0, 0, 0, 0, 1.28),
(65, 5, 1, '1996-09-29', 1, 'TB', 'W 27-0', 230, 2, 0, 4, 0, 0, 0, 0, 0, 0, 0, 0, 0, 17.6),
(66, 5, 2, '1995-10-29', 0, 'GB', 'W 24-16', 249, 3, 0, 2, 0, 0, 0, 0, 0, 0, 0, 0, 0, 22.16),
(67, 5, 3, '1997-11-02', 1, 'GB', 'L 10-20', 158, 0, 4, 18, 0, 0, 0, 0, 0, 0, 0, 0, 0, 4.12),
(68, 5, 4, '1994-11-06', 1, 'GB', 'L 30-38', 63, 0, 2, 0, 0, 0, 0, 0, 0, 0, 0, 0, 0, 0.52),
(69, 5, 5, '1997-10-12', 1, 'TB', 'W 27-9', 222, 1, 0, 7, 0, 0, 0, 0, 0, 0, 0, 0, 0, 13.58),
(70, 5, 6, '1996-10-27', 0, 'NYG', 'L 7-35', 71, 0, 3, 1, 1, 6, 0, 0, 0, 0, 0, 0, 0, 11.94),
(71, 5, 7, '1995-11-23', 0, 'MIN', 'W 44-38', 410, 4, 1, 1, 0, 0, 0, 0, 0, 0, 3, 0, 0, 34.5),
(72, 5, 8, '1997-09-14', 1, 'CHI', 'W 32-7', 215, 2, 0, 11, 0, 0, 0, 0, 0, 0, 0, 0, 0, 17.7),
(73, 5, 9, '1995-12-17', 0, 'JAX', 'W 44-0', 233, 2, 0, 12, 0, 0, 0, 0, 0, 0, 0, 0, 0, 18.52),
(74, 5, 10, '1997-11-16', 0, 'MIN', 'W 38-15', 271, 2, 0, 0, 0, 0, 0, 0, 0, 0, 0, 0, 0, 18.84),
(75, 5, 11, '1996-09-01', 1, 'MIN', 'L 13-17', 260, 1, 4, 3, 0, 0, 0, 0, 0, 0, 0, 0, 0, 10.7),
(76, 5, 12, '1996-11-24', 1, 'CHI', 'L 14-31', 230, 0, 3, 2, 1, 6, 0, 0, 0, 0, 0, 0, 0, 18.4),
(77, 5, 13, '1995-12-04', 0, 'CHI', 'W 27-7', 320, 3, 0, 1, 0, 0, 0, 0, 0, 0, 3, 0, 0, 27.9),
(78, 5, 14, '1994-09-25', 0, 'NE', 'L 17-23', 189, 0, 2, 3, 0, 0, 0, 0, 0, 0, 0, 0, 0, 5.86),
(79, 5, 15, '1996-10-06', 0, 'ATL', 'W 28-24', 276, 3, 0, 9, 1, 6, 0, 0, 0, 0, 0, 0, 0, 35.94),
(80, 5, 16, '1996-09-22', 0, 'CHI', 'W 35-16', 336, 4, 1, 8, 1, 6, 0, 0, 0, 0, 3, 0, 0, 44.24),
(81, 6, 1, '1991-11-17', 1, 'PIT', 'W 41-14', 325, 2, 0, 0, 0, 0, 0, 0, 0, 0, 3, 0, 0, 24),
(82, 6, 2, '1993-12-26', 1, 'DAL', 'L 3-38', 81, 0, 2, 0, 0, 0, 0, 0, 0, 0, 0, 0, 0, 1.24),
(83, 6, 3, '1991-12-22', 1, 'PHI', 'L 22-24', 130, 0, 1, 0, 0, 0, 0, 0, 0, 0, 0, 0, 0, 4.2),
(84, 6, 4, '1990-12-02', 0, 'MIA', 'W 42-20', 245, 3, 1, 8, 0, 0, 0, 0, 0, 0, 0, 0, 0, 21.6),
(85, 6, 5, '1988-10-09', 1, 'DAL', 'W 35-17', 187, 3, 0, 17, 1, 6, 0, 0, 0, 0, 0, 0, 0, 33.18),
(86, 6, 6, '1991-11-10', 0, 'ATL', 'W 56-17', 442, 6, 0, 4, 1, 6, 0, 0, 0, 0, 3, 0, 0, 57.08),
(87, 6, 7, '1990-11-18', 0, 'NO', 'W 31-17', 311, 4, 0, -5, 0, 0, 0, 0, 0, 0, 3, 0, 0, 30.94),
(88, 6, 8, '1990-12-15', 1, 'NE', 'W 25-10', 100, 0, 1, -2, 0, 0, 0, 0, 0, 0, 0, 0, 0, 2.8),
(89, 6, 9, '1991-12-15', 0, 'NYG', 'W 34-17', 230, 3, 0, 0, 0, 0, 0, 0, 0, 0, 0, 0, 0, 21.2),
(90, 6, 10, '1991-09-01', 0, 'DET', 'W 45-0', 183, 2, 1, 11, 0, 0, 0, 0, 0, 0, 0, 0, 0, 15.42),
(91, 6, 11, '1992-09-20', 0, 'DET', 'W 13-10', 136, 0, 3, 0, 0, 0, 0, 0, 0, 0, 0, 0, 0, 2.44),
(92, 6, 12, '1988-10-16', 0, 'AZ', 'W 33-17', 303, 4, 1, -1, 0, 0, 0, 0, 0, 0, 3, 0, 0, 30.02),
(93, 6, 13, '1991-12-01', 1, 'LAR', 'W 27-6', 269, 3, 1, 0, 0, 0, 0, 0, 0, 0, 0, 0, 0, 21.76),
(94, 6, 14, '1992-12-06', 1, 'NYG', 'W 28-10', 216, 2, 0, -3, 0, 0, 0, 0, 0, 0, 0, 0, 0, 16.34),
(95, 6, 15, '1990-12-09', 0, 'CHI', 'W 10-9', 148, 1, 5, 0, 0, 0, 0, 0, 0, 0, 0, 0, 0, 4.92),
(96, 6, 16, '1993-11-01', 1, 'BUF', 'L 10-24', 169, 0, 4, 0, 0, 0, 0, 0, 0, 0, 0, 0, 0, 2.76),
(97, 7, 1, '2004-09-12', 0, 'NYG', 'W 31-17', 330, 4, 0, 12, 0, 0, 0, 0, 0, 0, 3, 0, 0, 33.4),
(98, 7, 2, '2009-11-01', 0, 'NYG', 'W 40-17', 240, 3, 0, 14, 0, 1, 1, 0, 0, 0, 0, 0, 0, 24.1),
(99, 7, 3, '2007-11-18', 0, 'MIA', 'W 17-7', 34, 0, 2, 28, 0, 0, 0, 0, 0, 0, 0, 0, 0, 2.16),
(100, 7, 4, '2000-12-10', 1, 'CLE', 'W 35-24', 390, 4, 0, 12, 0, 0, 0, 0, 0, 0, 3, 0, 0, 35.8),
(101, 7, 5, '2004-12-27', 1, 'LAR', 'L 7-20', 36, 1, 0, 0, 0, 0, 0, 0, 0, 0, 0, 0, 0, 5.44),
(102, 7, 6, '2006-11-19', 0, 'TEN', 'L 13-31', 78, 0, 1, 0, 0, 0, 0, 0, 0, 0, 0, 0, 0, 2.12),
(103, 7, 7, '2004-11-15', 1, 'DAL', 'W 49-21', 345, 4, 0, 14, 0, 0, 0, 0, 0, 0, 3, 0, 0, 34.2),
(104, 7, 8, '2009-10-11', 0, 'TB', 'W 33-14', 264, 3, 0, 30, 0, 0, 0, 0, 0, 0, 0, 0, 0, 25.56),
(105, 7, 9, '2003-09-14', 0, 'NE', 'L 10-31', 186, 0, 2, 54, 0, 0, 0, 0, 0, 0, 0, 0, 0, 10.84),
(106, 7, 10, '2003-10-19', 1, 'NYG', 'W 14-10', 64, 0, 1, -1, 0, 0, 0, 0, 0, 0, 0, 0, 0, 1.46),
(107, 7, 11, '2004-12-05', 0, 'GB', 'W 47-17', 464, 5, 0, 0, 0, 0, 0, 0, 0, 0, 3, 0, 0, 41.56),
(108, 7, 12, '2008-11-23', 1, 'BAL', 'L 7-36', 59, 0, 2, 7, 0, 0, 0, 0, 0, 0, 0, 0, 0, 1.06),
(109, 7, 13, '2005-09-18', 0, 'SF', 'W 42-3', 342, 5, 0, 0, 0, 0, 0, 0, 0, 0, 3, 0, 0, 36.68),
(110, 7, 14, '1999-12-12', 1, 'DAL', 'L 10-20', 49, 0, 1, 24, 0, 0, 0, 0, 0, 0, 0, 0, 0, 3.36),
(111, 7, 15, '2007-09-23', 0, 'DET', 'W 56-21', 381, 4, 0, 7, 0, 0, 0, 0, 0, 0, 3, 0, 0, 34.94),
(112, 7, 16, '2007-11-11', 1, 'WAS', 'W 33-25', 251, 4, 0, 37, 0, 0, 0, 0, 0, 0, 0, 0, 0, 29.74),
(113, 8, 1, '1972-11-12', 0, 'KC', 'W 16-7', 92, 0, 3, 34, 0, 0, 0, 0, 0, 0, 0, 0, 0, 4.08),
(114, 8, 2, '1972-10-22', 0, 'NE', 'W 33-3', 173, 1, 0, 15, 0, 0, 0, 0, 0, 0, 0, 0, 0, 12.42),
(115, 8, 3, '1982-12-12', 1, 'BUF', 'L 0-13', 3, 0, 2, 0, 0, 0, 0, 0, 0, 0, 0, 0, 0, -1.88),
(116, 8, 4, '1978-09-17', 1, 'CIN', 'W 28-3', 242, 2, 1, 10, 0, 0, 0, 0, 0, 0, 0, 0, 0, 17.68),
(117, 8, 5, '1978-11-19', 0, 'CIN', 'W 7-6', 117, 0, 4, -3, 0, 0, 0, 0, 0, 0, 0, 0, 0, 0.38),
(118, 8, 6, '1982-12-19', 1, 'CLE', 'L 9-10', 144, 1, 4, 0, 0, 0, 0, 0, 0, 0, 0, 0, 0, 5.76),
(119, 8, 7, '1975-12-20', 1, 'LAR', 'L 3-10', 28, 0, 1, 2, 0, 0, 0, 0, 0, 0, 0, 0, 0, 0.32),
(120, 8, 8, '1978-12-16', 1, 'DEN', 'W 21-17', 131, 2, 0, 0, 0, 0, 0, 0, 0, 0, 0, 0, 0, 13.24),
(121, 8, 9, '1977-11-20', 0, 'DAL', 'W 28-13', 106, 2, 0, 1, 0, 0, 0, 0, 0, 0, 0, 0, 0, 12.34),
(122, 8, 10, '1975-10-05', 1, 'CLE', 'W 42-6', 151, 1, 0, -5, 0, 0, 0, 0, 0, 0, 0, 0, 0, 9.54),
(123, 8, 11, '1982-12-05', 0, 'KC', 'W 35-14', 231, 3, 1, 0, 0, 0, 0, 0, 0, 0, 0, 0, 0, 20.24),
(124, 8, 12, '1978-10-08', 0, 'ATL', 'W 31-7', 231, 1, 0, 3, 1, 0, 0, 1, 0, 0, 0, 0, 0, 25.54),
(125, 8, 13, '1974-12-14', 0, 'CIN', 'W 27-3', 132, 2, 0, 4, 0, 0, 0, 0, 0, 0, 0, 0, 0, 13.68),
(126, 8, 14, '1977-11-13', 0, 'CLE', 'W 35-31', 283, 3, 0, 0, 0, 0, 0, 0, 0, 0, 0, 0, 0, 23.32),
(127, 8, 15, '1983-12-10', 1, 'NYJ', 'W 34-7', 77, 2, 0, 3, 0, 0, 0, 0, 0, 0, 0, 0, 0, 11.38),
(128, 8, 16, '1971-12-05', 1, 'HOU', 'L 3-29', 111, 0, 3, 8, 0, 0, 0, 0, 0, 0, 0, 0, 0, 2.24),
(129, 9, 1, '2000-10-01', 0, 'SD', 'W 57-31', 390, 4, 0, 6, 0, 0, 0, 0, 0, 0, 3, 0, 0, 35.2),
(130, 9, 2, '2000-12-03', 1, 'CAR', 'L 3-16', 189, 0, 4, 0, 0, 0, 0, 0, 0, 0, 0, 0, 0, 3.56),
(131, 9, 3, '2001-12-17', 1, 'NO', 'W 34-21', 338, 4, 0, 2, 0, 0, 0, 0, 0, 0, 3, 0, 0, 32.72),
(132, 9, 4, '2002-09-29', 0, 'DAL', 'L 10-13', 17, 0, 1, 0, 0, 0, 0, 0, 0, 0, 0, 0, 0, -0.32),
(133, 9, 5, '1999-10-24', 0, 'CLE', 'W 34-3', 203, 3, 0, 0, 0, 0, 0, 0, 0, 0, 0, 0, 0, 20.12),
(134, 9, 6, '1999-10-03', 1, 'CIN', 'W 38-10', 310, 3, 0, 0, 0, 0, 0, 0, 0, 0, 3, 0, 0, 27.4),
(135, 9, 7, '2001-12-30', 0, 'IND', 'W 42-17', 359, 3, 1, -1, 0, 0, 0, 0, 0, 0, 3, 0, 0, 28.26),
(136, 9, 8, '2001-11-26', 0, 'TB', 'L 17-24', 291, 1, 2, 0, 0, 0, 0, 0, 0, 0, 0, 0, 0, 13.64),
(137, 9, 9, '2002-09-23', 1, 'TB', 'L 14-26', 301, 0, 4, 19, 0, 0, 0, 0, 0, 0, 3, 0, 0, 12.94),
(138, 9, 10, '1999-10-10', 0, 'SF', 'W 42-20', 323, 5, 1, 10, 0, 0, 0, 0, 0, 0, 3, 0, 0, 35.92),
(139, 9, 11, '2001-10-28', 0, 'NO', 'L 31-34', 385, 1, 4, 0, 0, 0, 0, 0, 0, 0, 3, 0, 0, 18.4),
(140, 9, 12, '1999-09-26', 0, 'ATL', 'W 35-7', 275, 3, 0, 7, 1, 0, 0, 0, 0, 0, 0, 0, 0, 29.7),
(141, 9, 13, '2002-12-01', 1, 'PHI', 'L 3-10', 218, 0, 2, 1, 0, 0, 0, 0, 0, 0, 0, 0, 0, 6.82),
(142, 9, 14, '2001-09-30', 0, 'MIA', 'W 42-10', 328, 4, 0, -1, 0, 0, 0, 0, 0, 0, 3, 0, 0, 32.02),
(143, 9, 15, '2001-10-08', 1, 'DET', 'W 35-0', 291, 3, 0, 0, 0, 0, 0, 0, 0, 0, 0, 0, 0, 23.64),
(144, 9, 16, '2001-12-02', 1, 'ATL', 'W 35-6', 342, 4, 0, 3, 0, 0, 0, 0, 0, 0, 3, 0, 0, 32.98),
(145, 10, 1, '1990-10-28', 0, 'CLE', 'W 20-17', 185, 1, 2, 32, 0, 0, 0, 0, 0, 0, 0, 0, 0, 12.6),
(146, 10, 2, '1990-12-30', 1, 'MIN', 'W 20-17', 88, 0, 1, 5, 0, 0, 0, 0, 0, 0, 0, 0, 0, 3.02),
(147, 10, 3, '1989-09-24', 1, 'PHI', 'W 38-28', 428, 5, 1, 14, 0, 0, 0, 0, 0, 0, 3, 0, 0, 40.52),
(148, 10, 4, '1985-10-27', 1, 'LAR', 'W 28-14', 306, 3, 0, 4, 0, 0, 0, 0, 0, 0, 3, 0, 0, 27.64),
(149, 10, 5, '1981-12-20', 1, 'NO', 'W 21-17', 106, 2, 0, 10, 0, 0, 0, 0, 0, 0, 0, 0, 0, 13.24),
(150, 10, 6, '1987-11-29', 0, 'CLE', 'W 38-24', 342, 4, 1, 43, 0, 0, 0, 0, 0, 0, 3, 0, 0, 35.98),
(151, 10, 7, '1984-12-08', 0, 'MIN', 'W 51-7', 246, 3, 0, 4, 0, 0, 0, 0, 0, 0, 0, 0, 0, 22.24),
(152, 10, 8, '1988-11-27', 1, 'SD', 'W 48-10', 271, 3, 0, 14, 0, 0, 0, 0, 0, 0, 0, 0, 0, 24.24),
(153, 10, 9, '1985-09-29', 0, 'NO', 'L 17-20', 120, 0, 2, 14, 0, 0, 0, 0, 0, 0, 0, 0, 0, 4.2),
(154, 10, 10, '1989-11-12', 0, 'ATL', 'W 45-3', 270, 3, 0, 13, 1, 6, 0, 0, 0, 0, 0, 0, 0, 36.1),
(155, 10, 11, '1979-12-02', 1, 'LAR', 'L 10-13', 36, 0, 0, 22, 0, 0, 0, 0, 0, 0, 0, 0, 0, 3.64),
(156, 10, 12, '1989-10-08', 1, 'NO', 'W 24-20', 291, 3, 0, 11, 0, 0, 0, 0, 0, 0, 0, 0, 0, 24.74),
(157, 10, 13, '1985-10-20', 1, 'DET', 'L 21-23', 97, 0, 1, 17, 1, 6, 0, 0, 0, 0, 0, 0, 0, 16.58),
(158, 10, 14, '1983-09-03', 0, 'PHI', 'L 17-22', 118, 0, 1, 10, 0, 0, 0, 0, 0, 0, 0, 0, 0, 4.72),
(159, 10, 15, '1984-10-28', 1, 'LAR', 'W 33-0', 365, 3, 0, 11, 0, 0, 0, 0, 0, 0, 3, 0, 0, 30.7),
(160, 10, 16, '1983-09-08', 1, 'MIN', 'W 48-17', 230, 4, 0, 8, 0, 0, 0, 0, 0, 0, 0, 0, 0, 26),
(161, 11, 1, '1992-12-06', 0, 'CIN', 'W 37-21', 239, 2, 0, 0, 0, 0, 0, 0, 0, 0, 0, 0, 0, 17.56),
(162, 11, 2, '1986-11-16', 1, 'OAK', 'L 14-27', 188, 0, 2, 2, 0, 0, 0, 0, 0, 0, 0, 0, 0, 5.72),
(163, 11, 3, '1987-12-13', 0, 'CIN', 'W 38-24', 241, 4, 0, 0, 0, 0, 0, 0, 0, 0, 0, 0, 0, 25.64),
(164, 11, 4, '1989-09-25', 1, 'CIN', 'L 14-21', 203, 2, 0, 1, 0, 0, 0, 0, 0, 0, 0, 0, 0, 16.22),
(165, 11, 5, '1987-11-22', 1, 'HOU', 'W 40-7', 257, 2, 0, 0, 0, 0, 0, 0, 0, 0, 0, 0, 0, 18.28),
(166, 11, 6, '1989-11-05', 1, 'TB', 'W 42-31', 164, 3, 0, -6, 0, 0, 0, 0, 0, 0, 0, 0, 0, 17.96),
(167, 11, 7, '1985-10-27', 0, 'WAS', 'L 7-14', 84, 0, 2, -2, 0, 0, 0, 0, 0, 0, 0, 0, 0, 1.16),
(168, 11, 8, '1988-12-04', 0, 'DAL', 'W 24-21', 308, 3, 0, 0, 0, 0, 0, 0, 0, 0, 3, 0, 0, 27.32),
(169, 11, 9, '1990-09-23', 0, 'SD', 'L 14-24', 232, 0, 3, 0, 0, 0, 0, 0, 0, 0, 0, 0, 0, 6.28),
(170, 11, 10, '1989-10-23', 0, 'CHI', 'W 27-7', 281, 2, 0, 1, 0, 0, 0, 0, 0, 0, 0, 0, 0, 19.34),
(171, 11, 11, '1991-09-08', 1, 'NE', 'W 20-0', 187, 2, 0, -3, 0, 0, 0, 0, 0, 0, 0, 0, 0, 15.18),
(172, 11, 12, '1986-11-30', 0, 'HOU', 'W 13-10', 172, 1, 3, 12, 0, 0, 0, 0, 0, 0, 0, 0, 0, 9.08),
(173, 11, 13, '1993-09-19', 1, 'OAK', 'W 19-16', 71, 0, 3, 0, 0, 0, 0, 0, 0, 0, 0, 0, 0, -0.16),
(174, 11, 14, '1986-12-21', 0, 'SD', 'W 47-17', 258, 2, 0, 17, 0, 0, 0, 0, 0, 0, 0, 0, 0, 20.02),
(175, 11, 15, '1986-11-02', 1, 'IND', 'W 24-9', 238, 3, 0, -2, 0, 0, 0, 0, 0, 0, 0, 0, 0, 21.32),
(176, 11, 16, '1989-10-15', 0, 'PIT', 'L 7-17', 162, 0, 4, 9, 0, 1, -7, 0, 0, 0, 0, 0, 0, 3.68),
(177, 12, 1, '2003-09-28', 1, 'NO', 'W 55-21', 314, 6, 0, 1, 0, 0, 0, 0, 0, 0, 3, 0, 0, 39.66),
(178, 12, 2, '2008-11-30', 1, 'CLE', 'W 10-6', 125, 0, 2, -2, 0, 0, 0, 0, 0, 0, 0, 0, 0, 2.8),
(179, 12, 3, '2001-12-10', 1, 'MIA', 'L 6-41', 173, 0, 3, 5, 0, 0, 0, 0, 0, 0, 0, 0, 0, 4.42),
(180, 12, 4, '2000-10-22', 0, 'NE', 'W 30-23', 268, 3, 0, 0, 0, 0, 0, 0, 0, 0, 0, 0, 0, 22.72),
(181, 12, 5, '2008-10-19', 1, 'GB', 'L 14-34', 229, 0, 2, -1, 0, 0, 0, 0, 0, 0, 0, 0, 0, 7.06),
(182, 12, 6, '2005-12-04', 0, 'TEN', 'W 35-3', 187, 3, 0, -1, 0, 0, 0, 0, 0, 0, 0, 0, 0, 19.38),
(183, 12, 7, '2007-12-09', 1, 'BAL', 'W 44-20', 249, 4, 0, 0, 0, 0, 0, 0, 0, 0, 0, 0, 0, 25.96),
(184, 12, 8, '1998-09-20', 1, 'NYJ', 'L 6-44', 193, 0, 2, 26, 0, 0, 0, 0, 0, 0, 0, 0, 0, 8.32),
(185, 12, 9, '1998-11-08', 1, 'MIA', 'L 14-27', 140, 1, 2, 0, 0, 0, 0, 0, 0, 0, 0, 0, 0, 7.6),
(186, 12, 10, '2010-09-19', 0, 'NYG', 'W 38-14', 255, 3, 0, -3, 0, 0, 0, 0, 0, 0, 0, 0, 0, 21.9),
(187, 12, 11, '2002-11-10', 1, 'PHI', 'W 35-13', 319, 3, 0, 11, 0, 0, 0, 0, 0, 0, 3, 0, 0, 28.86),
(188, 12, 12, '2003-12-14', 0, 'ATL', 'W 38-7', 290, 5, 0, 0, 0, 0, 0, 0, 0, 0, 0, 0, 0, 31.6),
(189, 12, 13, '2005-09-18', 0, 'JAX', 'W 10-3', 122, 0, 1, 0, 0, 0, 0, 0, 0, 0, 0, 0, 0, 3.88),
(190, 12, 14, '2004-11-08', 0, 'MIN', 'W 31-28', 268, 4, 0, 20, 0, 0, 0, 0, 0, 0, 0, 0, 0, 28.72),
(191, 12, 15, '2005-10-02', 1, 'TEN', 'W 31-10', 264, 4, 0, 3, 0, 0, 0, 0, 0, 0, 0, 0, 0, 26.86),
(192, 12, 16, '2008-12-28', 0, 'TEN', 'W 23-0', 95, 1, 0, 0, 0, 0, 0, 0, 0, 0, 0, 0, 0, 7.8),
(193, 13, 1, '1989-09-24', 0, 'WAS', 'L 7-30', 83, 0, 2, 3, 0, 0, 0, 0, 0, 0, 0, 0, 0, 1.62),
(194, 13, 2, '1989-11-23', 0, 'PHI', 'L 0-27', 54, 0, 3, 25, 0, 0, 0, 0, 0, 0, 0, 0, 0, 1.66),
(195, 13, 3, '1993-11-07', 0, 'NYG', 'W 31-9', 162, 2, 0, 17, 0, 0, 0, 0, 0, 0, 0, 0, 0, 16.18),
(196, 13, 4, '1994-10-23', 1, 'AZ', 'W 28-21', 51, 1, 0, 0, 0, 0, 0, 0, 0, 0, 0, 0, 0, 6.04),
(197, 13, 5, '2000-10-29', 0, 'JAX', 'L 17-23', 43, 1, 0, 0, 0, 0, 0, 0, 0, 0, 0, 0, 0, 5.72),
(198, 13, 6, '2000-09-03', 0, 'PHI', 'L 14-41', 0, 0, 1, 0, 0, 0, 0, 0, 0, 0, 0, 0, 0, -1),
(199, 13, 7, '1992-09-20', 0, 'AZ', 'W 31-20', 263, 3, 0, 8, 0, 0, 0, 0, 0, 0, 0, 0, 0, 23.32),
(200, 13, 8, '2000-10-22', 0, 'AZ', 'W 48-7', 154, 2, 0, 0, 0, 0, 0, 0, 0, 0, 0, 0, 0, 14.16),
(201, 13, 9, '1992-12-21', 1, 'ATL', 'W 41-17', 239, 3, 0, 0, 0, 0, 0, 0, 0, 0, 0, 0, 0, 21.56),
(202, 13, 10, '1991-09-15', 0, 'PHI', 'L 0-24', 112, 0, 3, 0, 0, 1, -6, 0, 0, 0, 0, 0, 0, 1.88),
(203, 13, 11, '1994-10-09', 0, 'AZ', 'W 38-3', 231, 2, 0, 5, 0, 0, 0, 0, 0, 0, 0, 0, 0, 17.74),
(204, 13, 12, '1993-12-26', 0, 'WAS', 'W 38-3', 193, 2, 0, 1, 0, 0, 0, 0, 0, 0, 0, 0, 0, 15.82),
(205, 13, 13, '1996-10-20', 0, 'ATL', 'W 32-28', 265, 2, 0, 0, 0, 0, 0, 0, 0, 0, 0, 0, 0, 18.6),
(206, 13, 14, '1990-10-14', 1, 'AZ', 'L 3-20', 61, 0, 2, 6, 0, 0, 0, 0, 0, 0, 0, 0, 0, 1.04),
(207, 13, 15, '1997-08-31', 1, 'PIT', 'W 37-7', 295, 4, 0, 0, 0, 0, 0, 0, 0, 0, 0, 0, 0, 27.8),
(208, 13, 16, '1999-09-20', 0, 'ATL', 'W 24-7', 109, 0, 2, 2, 0, 0, 0, 0, 0, 0, 0, 0, 0, 2.56),
(209, 14, 1, '1967-10-08', 0, 'MIA', 'W 41-0', 250, 5, 0, 6, 0, 0, 0, 0, 0, 0, 0, 0, 0, 30.6),
(210, 14, 2, '1967-11-23', 0, 'OAK', 'L 22-44', 130, 1, 4, 0, 0, 0, 0, 0, 0, 0, 0, 0, 0, 5.2),
(211, 14, 3, '1963-11-08', 0, 'OAK', 'L 7-22', 49, 0, 2, 25, 0, 0, 0, 0, 0, 0, 0, 0, 0, 2.46),
(212, 14, 4, '1967-10-29', 0, 'DEN', 'W 52-9', 222, 3, 0, 5, 0, 0, 0, 0, 0, 0, 0, 0, 0, 21.38),
(213, 14, 5, '1963-09-07', 1, 'DEN', 'W 59-7', 278, 4, 0, 0, 0, 0, 0, 0, 0, 0, 0, 0, 0, 27.12),
(214, 14, 6, '1968-09-28', 1, 'MIA', 'W 48-3', 205, 3, 0, 3, 0, 0, 0, 0, 0, 0, 0, 0, 0, 20.5),
(215, 14, 7, '1963-10-06', 0, 'HOU', 'W 28-7', 225, 4, 0, 12, 0, 0, 0, 0, 0, 0, 0, 0, 0, 26.2),
(216, 14, 8, '1973-10-29', 1, 'BUF', 'L 14-23', 26, 0, 2, 0, 0, 0, 0, 0, 0, 0, 0, 0, 0, -0.96),
(217, 14, 9, '1966-09-11', 1, 'BUF', 'W 42-20', 129, 2, 0, 0, 0, 0, 0, 0, 0, 0, 0, 0, 0, 13.16),
(218, 14, 10, '1964-09-27', 1, 'OAK', 'W 21-9', 189, 2, 0, -1, 1, 6, 0, 0, 0, 0, 0, 0, 0, 27.46),
(219, 14, 11, '1970-10-04', 1, 'DEN', 'L 13-26', 109, 0, 3, 0, 0, 0, 0, 0, 0, 0, 0, 0, 0, 1.36),
(220, 14, 12, '1964-11-08', 0, 'OAK', 'W 42-7', 222, 4, 0, 12, 0, 0, 0, 0, 0, 0, 0, 0, 0, 26.08),
(221, 14, 13, '1970-11-22', 0, 'LAR', 'T 6-6', 38, 0, 2, 13, 0, 0, 0, 0, 0, 0, 0, 0, 0, 0.82),
(222, 14, 14, '1974-09-15', 0, 'NYJ', 'W 24-16', 119, 0, 2, 16, 0, 0, 0, 0, 0, 0, 0, 0, 0, 4.36),
(223, 14, 15, '1970-11-15', 1, 'PIT', 'W 31-14', 257, 3, 1, 21, 0, 0, 0, 0, 0, 0, 0, 0, 0, 23.38),
(224, 14, 16, '1965-11-28', 0, 'HOU', 'W 52-21', 211, 3, 0, 5, 1, 6, 0, 0, 0, 0, 0, 0, 0, 32.94),
(225, 15, 1, '1984-09-02', 1, 'MIN', 'W 42-13', 292, 2, 0, 0, 0, 0, 0, 0, 0, 0, 0, 0, 0, 19.68),
(226, 15, 2, '1974-11-24', 1, 'GB', 'L 0-34', 17, 0, 1, 0, 0, 0, 0, 0, 0, 0, 0, 0, 0, -0.32),
(227, 15, 3, '1973-10-21', 0, 'ATL', 'L 0-41', 99, 0, 4, 0, 0, 0, 0, 0, 0, 0, 0, 0, 0, -0.04),
(228, 15, 4, '1976-09-26', 0, 'LAR', 'W 43-24', 259, 4, 0, 4, 0, 0, 0, 0, 0, 0, 0, 0, 0, 26.76),
(229, 15, 5, '1982-12-11', 1, 'SF', 'W 41-37', 444, 5, 0, -2, 0, 0, 0, 0, 0, 0, 3, 0, 0, 40.56),
(230, 15, 6, '1977-12-04', 0, 'CLE', 'W 37-14', 237, 3, 0, 11, 0, 0, 0, 0, 0, 0, 0, 0, 0, 22.58),
(231, 15, 7, '1980-11-30', 0, 'PHI', 'W 22-21', 342, 2, 0, -5, 0, 0, 0, 0, 0, 0, 3, 0, 0, 24.18),
(232, 15, 8, '1975-10-05', 0, 'OAK', 'L 0-6', 29, 0, 2, 37, 0, 0, 0, 0, 0, 0, 0, 0, 0, 2.86),
(233, 15, 9, '1980-09-07', 1, 'SEA', 'W 34-13', 230, 4, 0, 3, 0, 0, 0, 0, 0, 0, 0, 0, 0, 25.5),
(234, 15, 10, '1985-09-29', 0, 'CLE', 'L 7-21', 82, 1, 0, 0, 0, 0, 0, 0, 0, 0, 0, 0, 0, 7.28),
(235, 15, 11, '1976-12-12', 1, 'OAK', 'L 0-24', 82, 0, 2, 0, 0, 0, 0, 0, 0, 0, 0, 0, 0, 1.28),
(236, 15, 12, '1979-10-14', 0, 'SEA', 'W 20-10', 318, 3, 0, -2, 0, 0, 0, 0, 0, 0, 3, 0, 0, 27.52),
(237, 15, 13, '1974-10-06', 0, 'PHI', 'L 7-13', 134, 1, 3, 0, 0, 0, 0, 0, 0, 0, 0, 0, 0, 6.36),
(238, 15, 14, '1973-11-04', 0, 'KC', 'L 0-19', 128, 0, 3, 0, 0, 0, 0, 0, 0, 0, 0, 0, 0, 2.12),
(239, 15, 15, '1976-10-17', 0, 'HOU', 'W 30-27', 279, 2, 0, 0, 0, 0, 0, 0, 0, 0, 0, 0, 0, 19.16),
(240, 15, 16, '1981-09-07', 1, 'CLE', 'W 44-14', 330, 3, 0, 9, 0, 0, 0, 0, 0, 0, 3, 0, 0, 29.1),
(241, 16, 1, '1998-11-22', 0, 'OAK', 'W 40-14', 197, 3, 0, 2, 0, 1, 14, 0, 0, 0, 0, 0, 0, 22.48),
(242, 16, 2, '1993-11-07', 1, 'CLE', 'W 29-14', 244, 3, 0, 7, 0, 0, 0, 0, 0, 0, 0, 0, 0, 22.46),
(243, 16, 3, '1983-09-04', 1, 'PIT', 'W 14-10', 14, 0, 1, 0, 0, 0, 0, 0, 0, 0, 0, 0, 0, -0.44),
(244, 16, 4, '1983-12-18', 1, 'KC', 'L 17-48', 143, 0, 4, 11, 0, 0, 0, 0, 0, 0, 0, 0, 0, 2.82),
(245, 16, 5, '1990-11-04', 1, 'MIN', 'L 22-27', 88, 1, 0, 16, 0, 0, 0, 0, 0, 0, 0, 0, 0, 9.12),
(246, 16, 6, '1998-12-27', 0, 'SEA', 'W 28-21', 338, 4, 0, 8, 0, 0, 0, 0, 0, 0, 3, 0, 0, 33.32),
(247, 16, 7, '1995-11-05', 0, 'AZ', 'W 38-6', 256, 3, 0, 0, 0, 0, 0, 0, 0, 0, 0, 0, 0, 22.24),
(248, 16, 8, '1998-12-21', 1, 'MIA', 'L 21-31', 151, 0, 2, 39, 0, 0, 0, 0, 0, 0, 0, 0, 0, 7.94),
(249, 16, 9, '1986-11-09', 0, 'SD', 'L 3-9', 196, 0, 3, 22, 0, 0, 0, 0, 0, 0, 0, 0, 0, 7.04),
(250, 16, 10, '1983-10-02', 1, 'CHI', 'L 14-31', 36, 0, 1, 10, 0, 0, 0, 0, 0, 0, 0, 0, 0, 1.44),
(251, 16, 11, '1989-11-26', 0, 'SEA', 'W 41-14', 217, 4, 0, 17, 0, 0, 0, 0, 0, 0, 0, 0, 0, 26.38),
(252, 16, 12, '1983-11-27', 1, 'SD', 'L 7-31', 147, 0, 3, 1, 0, 0, 0, 0, 0, 0, 0, 0, 0, 2.98),
(253, 16, 13, '1995-11-12', 1, 'PHI', 'L 13-31', 54, 1, 0, 0, 0, 0, 0, 0, 0, 0, 0, 0, 0, 6.16),
(254, 16, 14, '1986-11-02', 1, 'OAK', 'W 21-10', 141, 1, 0, 0, 0, 0, 0, 0, 0, 0, 0, 0, 0, 9.64),
(255, 16, 15, '1998-09-13', 0, 'DAL', 'W 42-23', 268, 2, 0, 1, 1, 0, 0, 0, 0, 0, 0, 0, 0, 24.82),
(256, 16, 16, '1984-11-18', 0, 'MIN', 'W 42-21', 218, 5, 0, 0, 0, 0, 0, 0, 0, 0, 0, 0, 0, 28.72),
(257, 17, 1, '1975-10-19', 0, 'MIA', 'L 0-43', 96, 0, 6, 0, 0, 0, 0, 0, 0, 0, 0, 0, 0, -2.16),
(258, 17, 2, '1975-10-05', 0, 'NE', 'W 36-7', 218, 4, 1, -4, 0, 0, 0, 0, 0, 0, 0, 0, 0, 23.32),
(259, 17, 3, '1967-12-24', 1, 'SD', 'W 42-31', 343, 4, 0, 5, 0, 0, 0, 0, 0, 0, 3, 0, 0, 33.22),
(260, 17, 4, '1975-10-26', 0, 'BAL', 'L 28-45', 333, 3, 1, 5, 0, 0, 0, 0, 0, 0, 3, 0, 0, 27.82),
(261, 17, 5, '1974-09-22', 1, 'CHI', 'W 23-21', 257, 1, 0, 0, 0, 0, 0, 0, 0, 0, 0, 0, 0, 14.28),
(262, 17, 6, '1969-12-14', 1, 'MIA', 'W 27-9', 99, 2, 0, 0, 0, 0, 0, 0, 0, 0, 0, 0, 0, 11.96),
(263, 17, 7, '1967-10-22', 1, 'MIA', 'W 33-14', 199, 2, 0, 0, 0, 0, 0, 0, 0, 0, 0, 0, 0, 15.96),
(264, 17, 8, '1974-09-29', 1, 'BUF', 'L 12-16', 33, 0, 3, 0, 0, 0, 0, 0, 0, 0, 0, 0, 0, -1.68),
(265, 17, 9, '1972-09-24', 1, 'BAL', 'W 44-34', 496, 6, 1, 1, 0, 0, 0, 0, 0, 0, 3, 0, 0, 45.94),
(266, 17, 10, '1966-12-17', 0, 'NE', 'W 38-28', 287, 3, 0, 0, 0, 0, 0, 0, 0, 0, 0, 0, 0, 23.48),
(267, 17, 11, '1971-12-04', 1, 'DAL', 'L 10-52', 20, 0, 1, 0, 0, 0, 0, 0, 0, 0, 0, 0, 0, -0.2),
(268, 17, 12, '1976-12-12', 0, 'CIN', 'L 3-42', 20, 0, 4, 0, 0, 0, 0, 0, 0, 0, 0, 0, 0, -3.2),
(269, 17, 13, '1966-10-16', 1, 'HOU', 'L 0-24', 143, 0, 4, 0, 0, 0, 0, 0, 0, 0, 0, 0, 0, 1.72),
(270, 17, 14, '1968-12-01', 0, 'MIA', 'W 35-17', 104, 2, 0, 4, 0, 0, 0, 0, 0, 0, 0, 0, 0, 12.56),
(271, 17, 15, '1974-10-13', 0, 'NE', 'L 0-24', 63, 0, 2, 0, 0, 0, 0, 0, 0, 0, 0, 0, 0, 0.52),
(272, 17, 16, '1974-12-15', 1, 'BAL', 'W 45-38', 281, 2, 0, 0, 0, 0, 0, 0, 0, 0, 0, 0, 0, 19.24),
(273, 18, 1, '1996-11-24', 0, 'IND', 'W 27-13', 242, 2, 0, 4, 0, 0, 0, 0, 0, 0, 0, 0, 0, 18.08),
(274, 18, 2, '2000-10-01', 1, 'DEN', 'W 28-19', 271, 4, 1, -2, 0, 0, 0, 0, 0, 0, 0, 0, 0, 25.64),
(275, 18, 3, '1996-12-15', 1, 'DAL', 'L 6-12', 178, 0, 3, 0, 0, 0, 0, 0, 0, 0, 0, 0, 0, 4.12),
(276, 18, 4, '1996-12-01', 1, 'SD', 'W 45-7', 232, 4, 0, -1, 0, 0, 0, 0, 0, 0, 0, 0, 0, 25.18),
(277, 18, 5, '1994-10-30', 0, 'MIA', 'L 3-23', 125, 0, 3, 8, 0, 0, 0, 0, 0, 0, 0, 0, 0, 2.8),
(278, 18, 6, '1994-11-06', 1, 'CLE', 'L 6-13', 166, 0, 4, 0, 0, 0, 0, 0, 0, 0, 0, 0, 0, 2.64),
(279, 18, 7, '1993-12-26', 0, 'IND', 'W 38-0', 143, 2, 0, 2, 0, 0, 0, 0, 0, 0, 0, 0, 0, 13.92),
(280, 18, 8, '1995-09-17', 1, 'SF', 'L 3-28', 241, 0, 3, 0, 0, 0, 0, 0, 0, 0, 0, 0, 0, 6.64),
(281, 18, 9, '1999-10-31', 1, 'AZ', 'W 27-3', 276, 4, 0, 0, 0, 0, 0, 0, 0, 0, 0, 0, 0, 27.04),
(282, 18, 10, '1998-10-11', 0, 'KC', 'W 40-10', 226, 3, 0, 8, 0, 0, 0, 0, 0, 0, 0, 0, 0, 21.84),
(283, 18, 11, '2000-10-15', 0, 'NYJ', 'L 17-34', 208, 0, 3, 16, 1, 0, 0, 0, 0, 0, 0, 0, 0, 12.92),
(284, 18, 12, '1996-10-06', 1, 'BAL', 'W 46-38', 310, 4, 0, 1, 0, 0, 0, 0, 0, 0, 3, 0, 0, 31.5),
(285, 18, 13, '1997-09-07', 1, 'IND', 'W 31-6', 267, 4, 0, 1, 0, 0, 0, 0, 0, 0, 0, 0, 0, 26.78),
(286, 18, 14, '1994-12-18', 1, 'BUF', 'W 41-17', 276, 3, 0, 0, 0, 0, 0, 0, 0, 0, 0, 0, 0, 23.04),
(287, 18, 15, '1993-12-05', 1, 'PIT', 'L 14-17', 296, 1, 5, -1, 0, 0, 0, 0, 0, 0, 0, 0, 0, 10.74),
(288, 18, 16, '1997-08-31', 0, 'SD', 'W 41-7', 340, 4, 0, 8, 0, 0, 0, 0, 0, 0, 3, 0, 0, 33.4),
(289, 19, 1, '1973-10-22', 1, 'DEN', 'T 23-23', 313, 2, 0, 34, 0, 0, 0, 0, 0, 0, 3, 0, 0, 26.92),
(290, 19, 2, '1973-10-28', 1, 'BAL', 'W 34-21', 304, 2, 0, 8, 0, 0, 0, 0, 0, 0, 3, 0, 0, 23.96),
(291, 19, 3, '1972-09-17', 1, 'PIT', 'L 28-34', 54, 0, 3, 0, 0, 0, 0, 0, 0, 0, 0, 0, 0, -0.84),
(292, 19, 4, '1976-11-07', 1, 'CHI', 'W 28-27', 234, 3, 0, -3, 0, 0, 0, 0, 0, 0, 0, 0, 0, 21.06),
(293, 19, 5, '1975-12-21', 0, 'KC', 'W 28-20', 134, 1, 0, 0, 0, 0, 0, 0, 0, 0, 0, 0, 0, 9.36),
(294, 19, 6, '1974-10-27', 1, 'SF', 'W 35-24', 140, 2, 0, 0, 0, 0, 0, 0, 0, 0, 0, 0, 0, 13.6),
(295, 19, 7, '1977-12-11', 0, 'MIN', 'W 35-13', 143, 3, 0, 0, 0, 0, 0, 0, 0, 0, 0, 0, 0, 17.72),
(296, 19, 8, '1974-11-10', 0, 'DET', 'W 35-13', 248, 2, 0, 0, 0, 0, 0, 0, 0, 0, 0, 0, 0, 17.92),
(297, 19, 9, '1976-10-10', 1, 'SD', 'W 27-17', 339, 3, 1, 0, 0, 0, 0, 0, 0, 0, 3, 0, 0, 27.56),
(298, 19, 10, '1977-12-04', 1, 'LAR', 'L 14-20', 194, 1, 4, 0, 0, 0, 0, 0, 0, 0, 0, 0, 0, 7.76),
(299, 19, 11, '1975-10-19', 1, 'CIN', 'L 10-14', 113, 0, 4, 0, 0, 0, 0, 0, 0, 0, 0, 0, 0, 0.52),
(300, 19, 12, '1974-11-03', 1, 'DEN', 'W 28-17', 217, 4, 0, 3, 0, 0, 0, 0, 0, 0, 0, 0, 0, 24.98),
(301, 19, 13, '1975-12-08', 0, 'DEN', 'W 17-10', 85, 0, 2, -1, 0, 0, 0, 0, 0, 0, 0, 0, 0, 1.3),
(302, 19, 14, '1979-09-23', 1, 'KC', 'L 7-35', 91, 0, 2, 0, 0, 0, 0, 0, 0, 0, 0, 0, 0, 1.64),
(303, 19, 15, '1975-10-12', 1, 'KC', 'L 10-42', 142, 0, 3, -3, 0, 0, 0, 0, 0, 0, 0, 0, 0, 2.38),
(304, 19, 16, '1979-10-25', 0, 'SD', 'W 45-22', 212, 1, 0, -2, 0, 0, 0, 0, 0, 0, 0, 0, 0, 12.28),
(305, 20, 1, '2003-11-09', 0, 'MIA', 'W 31-7', 201, 2, 0, 3, 0, 0, 0, 0, 0, 0, 0, 0, 0, 16.34),
(306, 20, 2, '2000-01-02', 1, 'PIT', 'W 47-36', 107, 1, 0, 14, 0, 0, 0, 0, 0, 0, 0, 0, 0, 9.68),
(307, 20, 3, '1997-11-16', 1, 'JAX', 'L 9-17', 162, 0, 2, 33, 0, 0, 0, 0, 0, 0, 0, 0, 0, 7.78),
(308, 20, 4, '2000-12-10', 0, 'CIN', 'W 35-3', 229, 3, 0, 10, 0, 0, 0, 0, 0, 0, 0, 0, 0, 22.16),
(309, 20, 5, '2003-10-12', 0, 'HOU', 'W 38-17', 421, 3, 0, 2, 0, 0, 0, 0, 0, 0, 3, 0, 0, 32.04),
(310, 20, 6, '2000-09-10', 0, 'KC', 'W 17-14', 93, 0, 2, 42, 0, 0, 0, 0, 0, 0, 0, 0, 0, 5.92),
(311, 20, 7, '2003-11-23', 1, 'ATL', 'W 38-31', 95, 2, 0, 9, 0, 0, 0, 0, 0, 0, 0, 0, 0, 12.7),
(312, 20, 8, '2004-10-17', 0, 'HOU', 'L 10-20', 210, 1, 4, 33, 0, 0, 0, 0, 0, 0, 0, 0, 0, 11.7),
(313, 20, 9, '2005-12-24', 1, 'MIA', 'L 10-24', 34, 0, 2, 8, 0, 0, 0, 0, 0, 0, 0, 0, 0, 0.16),
(314, 20, 10, '1997-12-21', 0, 'PIT', 'W 16-6', 102, 0, 1, 90, 0, 0, 0, 0, 0, 0, 0, 0, 0, 12.08),
(315, 20, 11, '2000-10-16', 0, 'JAX', 'W 27-13', 234, 2, 0, 4, 0, 0, 0, 0, 0, 0, 0, 0, 0, 17.76),
(316, 20, 12, '1999-12-26', 0, 'JAX', 'W 41-14', 291, 5, 0, 34, 0, 0, 0, 0, 0, 0, 0, 0, 0, 35.04),
(317, 20, 13, '1997-10-05', 1, 'SEA', 'L 13-16', 101, 1, 2, 11, 0, 0, 0, 0, 0, 0, 0, 0, 0, 7.14),
(318, 20, 14, '2001-12-02', 1, 'CLE', 'W 31-15', 244, 3, 0, 10, 0, 0, 0, 0, 0, 0, 0, 0, 0, 22.76),
(319, 20, 15, '1998-10-18', 0, 'CIN', 'W 44-14', 277, 1, 0, 16, 1, 0, 0, 0, 0, 0, 0, 0, 0, 22.68),
(320, 20, 16, '2003-09-28', 1, 'PIT', 'W 30-13', 161, 3, 0, 5, 0, 0, 0, 0, 0, 0, 0, 0, 0, 18.94),
(321, 21, 1, '1990-12-15', 1, 'NYG', 'W 17-13', 115, 1, 0, 5, 0, 0, 0, 0, 0, 0, 0, 0, 0, 9.1),
(322, 21, 2, '1991-11-24', 1, 'NE', 'L 13-16', 204, 1, 4, 0, 0, 0, 0, 0, 0, 0, 0, 0, 0, 8.16),
(323, 21, 3, '1989-11-26', 0, 'CIN', 'W 24-7', 123, 3, 0, 15, 0, 0, 0, 0, 0, 0, 0, 0, 0, 18.42),
(324, 21, 4, '1994-10-30', 0, 'KC', 'W 44-10', 184, 4, 0, 0, 0, 0, 0, 0, 0, 0, 0, 0, 0, 23.36),
(325, 21, 5, '1992-11-29', 1, 'IND', 'L 13-16', 184, 1, 2, 5, 0, 0, 0, 0, 0, 0, 0, 0, 0, 9.86),
(326, 21, 6, '1992-11-08', 0, 'PIT', 'W 28-20', 290, 3, 0, 3, 0, 0, 0, 0, 0, 0, 0, 0, 0, 23.9),
(327, 21, 7, '1996-09-16', 1, 'PIT', 'L 6-24', 116, 0, 4, 0, 0, 0, 0, 0, 0, 0, 0, 0, 0, 0.64),
(328, 21, 8, '1987-11-29', 0, 'MIA', 'W 27-0', 217, 2, 0, 11, 0, 0, 0, 0, 0, 0, 0, 0, 0, 17.78),
(329, 21, 9, '1992-12-27', 1, 'HOU', 'L 3-27', 47, 0, 1, 0, 0, 0, 0, 0, 0, 0, 0, 0, 0, 0.88),
(330, 21, 10, '1991-09-29', 0, 'CHI', 'W 35-20', 303, 3, 0, 0, 0, 0, 0, 0, 0, 0, 3, 0, 0, 27.12),
(331, 21, 11, '1986-10-26', 0, 'NE', 'L 3-23', 166, 0, 2, 29, 0, 0, 0, 0, 0, 0, 0, 0, 0, 7.54),
(332, 21, 12, '1993-10-11', 0, 'HOU', 'W 35-7', 247, 3, 0, 0, 0, 0, 0, 0, 0, 0, 0, 0, 0, 21.88),
(333, 21, 13, '1995-09-10', 0, 'CAR', 'W 31-9', 176, 1, 3, 0, 0, 0, 0, 0, 0, 0, 0, 0, 0, 8.04),
(334, 21, 14, '1989-10-01', 0, 'NE', 'W 31-10', 278, 3, 0, -1, 0, 0, 0, 0, 0, 0, 0, 0, 0, 23.02),
(335, 21, 15, '1992-09-27', 1, 'NE', 'W 41-7', 308, 3, 0, 1, 0, 0, 0, 0, 0, 0, 3, 0, 0, 27.42),
(336, 21, 16, '1991-12-15', 1, 'IND', 'W 35-7', 119, 3, 0, -4, 0, 0, 0, 0, 0, 0, 0, 0, 0, 16.36),
(337, 22, 1, '1961-12-10', 1, 'DET', 'L 7-13', 141, 1, 3, 42, 0, 0, 0, 0, 0, 0, 0, 0, 0, 10.84),
(338, 22, 2, '1961-09-24', 1, 'DAL', 'L 7-21', 117, 0, 2, 11, 0, 0, 0, 0, 0, 0, 0, 0, 0, 3.78),
(339, 22, 3, '1977-11-13', 0, 'CIN', 'W 42-10', 195, 1, 0, 1, 0, 0, 0, 0, 0, 0, 0, 0, 0, 11.9),
(340, 22, 4, '1972-11-19', 1, 'LAR', 'W 45-41', 319, 4, 0, 9, 0, 0, 0, 0, 0, 0, 3, 0, 0, 32.66),
(341, 22, 5, '1977-10-24', 1, 'LAR', 'L 3-35', 108, 0, 2, 0, 0, 0, 0, 0, 0, 0, 0, 0, 0, 2.32),
(342, 22, 6, '1974-10-13', 0, 'HOU', 'W 51-10', 274, 3, 0, 15, 0, 0, 0, 0, 0, 0, 0, 0, 0, 24.46),
(343, 22, 7, '1965-11-28', 0, 'SF', 'L 24-45', 33, 0, 1, 0, 0, 0, 0, 0, 0, 0, 0, 0, 0, 0.32),
(344, 22, 8, '1976-12-11', 1, 'MIA', 'W 29-7', 184, 3, 0, 5, 0, 0, 0, 0, 0, 0, 0, 0, 0, 19.86),
(345, 22, 9, '1966-11-13', 0, 'DET', 'L 31-32', 106, 0, 5, 53, 0, 0, 0, 0, 0, 0, 0, 0, 0, 4.54),
(346, 22, 10, '1972-09-24', 1, 'DET', 'W 34-10', 158, 2, 0, 19, 0, 0, 0, 0, 0, 0, 0, 0, 0, 16.22),
(347, 22, 11, '1973-11-11', 0, 'DET', 'W 28-7', 177, 1, 0, -1, 0, 0, 0, 0, 0, 0, 0, 0, 0, 10.98),
(348, 22, 12, '1973-11-25', 0, 'CHI', 'W 31-13', 161, 1, 0, 8, 1, 6, 0, 0, 0, 0, 0, 0, 0, 23.24),
(349, 22, 13, '1964-12-13', 1, 'CHI', 'W 41-14', 182, 1, 0, 41, 0, 0, 0, 0, 0, 0, 0, 0, 0, 15.38),
(350, 22, 14, '1963-11-17', 0, 'BAL', 'L 34-37', 225, 2, 0, 46, 0, 0, 0, 0, 0, 0, 0, 0, 0, 21.6),
(351, 22, 15, '1978-09-11', 0, 'DEN', 'W 12-9', 98, 0, 3, 4, 0, 0, 0, 0, 0, 0, 0, 0, 0, 1.32),
(352, 22, 16, '1974-12-01', 0, 'NO', 'W 29-9', 317, 3, 0, 6, 0, 0, 0, 0, 0, 0, 3, 0, 0, 28.28),
(353, 23, 1, '2005-01-02', 1, 'SEA', 'L 26-28', 35, 1, 0, 13, 0, 0, 0, 0, 0, 0, 0, 0, 0, 6.7),
(354, 23, 2, '2006-12-24', 0, 'CAR', 'L 3-10', 109, 0, 2, 32, 0, 0, 0, 0, 0, 0, 0, 0, 0, 5.56),
(355, 23, 3, '2004-12-05', 1, 'TB', 'L 0-27', 115, 0, 2, 81, 0, 0, 0, 0, 0, 0, 0, 0, 0, 10.7),
(356, 23, 4, '2004-11-21', 1, 'NYG', 'W 14-10', 115, 2, 0, 104, 0, 0, 0, 0, 0, 0, 0, 3, 0, 26),
(357, 23, 5, '2004-10-31', 1, 'DEN', 'W 41-28', 252, 2, 0, 115, 0, 0, 0, 0, 0, 0, 0, 3, 0, 32.58),
(358, 23, 6, '2006-10-29', 1, 'CIN', 'W 29-27', 291, 3, 0, 55, 0, 0, 0, 0, 0, 0, 0, 0, 0, 29.14),
(359, 23, 7, '2005-12-18', 1, 'CHI', 'L 3-16', 122, 0, 2, 35, 0, 1, -14, 0, 0, 0, 0, 0, 0, 5.98),
(360, 23, 8, '2005-10-24', 0, 'NYJ', 'W 27-14', 116, 0, 3, 18, 2, 0, 0, 0, 0, 0, 0, 0, 0, 15.44),
(361, 23, 9, '2004-09-19', 0, 'LAR', 'W 34-17', 179, 1, 0, 109, 0, 0, 0, 0, 0, 0, 0, 3, 0, 25.06),
(362, 23, 10, '2006-12-16', 0, 'DAL', 'L 28-38', 237, 4, 1, 56, 0, 0, 0, 0, 0, 0, 0, 0, 0, 30.08),
(363, 23, 11, '2003-12-14', 1, 'IND', 'L 7-38', 47, 0, 1, 30, 0, 0, 0, 0, 0, 0, 0, 0, 0, 3.88),
(364, 23, 12, '2005-10-02', 0, 'MIN', 'W 30-10', 49, 1, 0, 58, 0, 0, 0, 0, 0, 0, 0, 0, 0, 11.76),
(365, 23, 13, '2003-12-20', 1, 'TB', 'W 30-28', 119, 2, 0, 39, 0, 0, 0, 0, 0, 0, 0, 0, 0, 16.66),
(366, 23, 14, '2002-11-24', 1, 'CAR', 'W 41-0', 272, 2, 0, 20, 0, 0, 0, 0, 0, 0, 0, 0, 0, 20.88),
(367, 23, 15, '2004-10-24', 1, 'KC', 'L 10-56', 119, 0, 2, 62, 0, 0, 0, 0, 0, 0, 0, 0, 0, 8.96),
(368, 23, 16, '2006-12-03', 1, 'WAS', 'W 24-14', 122, 2, 0, 59, 0, 0, 0, 0, 0, 0, 0, 0, 0, 18.78),
(369, 24, 1, '1996-11-10', 0, 'IND', 'W 37-13', 204, 3, 0, -2, 0, 0, 0, 0, 0, 0, 0, 0, 0, 19.96),
(370, 24, 2, '1987-10-25', 0, 'BUF', 'L 31-34', 303, 4, 0, 0, 0, 0, 0, 0, 0, 0, 3, 0, 0, 31.12),
(371, 24, 3, '1991-12-09', 0, 'CIN', 'W 37-13', 281, 3, 0, 0, 0, 0, 0, 0, 0, 0, 0, 0, 0, 23.24),
(372, 24, 4, '1986-11-24', 0, 'NYJ', 'W 45-3', 288, 4, 0, 0, 0, 0, 0, 0, 0, 0, 0, 0, 0, 27.52),
(373, 24, 5, '1992-10-18', 0, 'NE', 'W 38-17', 294, 4, 1, 12, 0, 0, 0, 0, 0, 0, 0, 0, 0, 27.96),
(374, 24, 6, '1992-11-08', 1, 'IND', 'W 28-0', 245, 2, 0, 12, 0, 0, 0, 0, 0, 0, 0, 0, 0, 19),
(375, 24, 7, '1997-11-02', 1, 'BUF', 'L 6-9', 76, 0, 1, 0, 0, 0, 0, 0, 0, 0, 0, 0, 0, 2.04),
(376, 24, 8, '1987-11-29', 1, 'BUF', 'L 0-27', 165, 0, 3, 0, 0, 0, 0, 0, 0, 0, 0, 0, 0, 3.6),
(377, 24, 9, '1984-10-14', 0, 'HOU', 'W 28-10', 321, 3, 0, 4, 0, 0, 0, 0, 0, 0, 3, 0, 0, 28.24),
(378, 24, 10, '1990-09-23', 1, 'NYG', 'L 3-20', 115, 0, 2, 0, 0, 0, 0, 0, 0, 0, 0, 0, 0, 2.6),
(379, 24, 11, '1999-10-17', 1, 'NE', 'W 31-30', 8, 0, 1, 0, 0, 0, 0, 0, 0, 0, 0, 0, 0, -0.68),
(380, 24, 12, '1999-11-25', 1, 'DAL', 'L 0-20', 178, 0, 5, 0, 0, 0, 0, 0, 0, 0, 0, 0, 0, 2.12),
(381, 24, 13, '1984-09-30', 1, 'LAR', 'W 36-28', 429, 3, 0, -2, 0, 0, 0, 0, 0, 0, 3, 0, 0, 31.96),
(382, 24, 14, '1991-09-01', 1, 'BUF', 'L 31-35', 267, 3, 0, 0, 0, 0, 0, 0, 0, 0, 0, 0, 0, 22.68),
(383, 24, 15, '1984-09-02', 1, 'WAS', 'W 35-17', 311, 5, 0, -7, 0, 0, 0, 0, 0, 0, 3, 0, 0, 34.74),
(384, 24, 16, '1989-10-01', 1, 'HOU', 'L 7-39', 103, 0, 2, 0, 0, 0, 0, 0, 0, 0, 0, 0, 0, 2.12),
(385, 25, 1, '2004-09-19', 0, 'SF', 'W 30-27', 279, 3, 0, 4, 0, 0, 0, 0, 0, 0, 0, 0, 0, 23.56),
(386, 25, 2, '2001-09-09', 1, 'BUF', 'W 24-6', 209, 3, 0, 10, 0, 0, 0, 0, 0, 0, 0, 0, 0, 21.36),
(387, 25, 3, '2001-11-18', 0, 'IND', 'W 34-20', 249, 2, 0, 26, 1, 0, 0, 0, 0, 0, 0, 0, 0, 26.56),
(388, 25, 4, '2003-12-14', 0, 'NYG', 'W 45-7', 296, 5, 0, 11, 0, 0, 0, 0, 0, 0, 0, 0, 0, 32.94),
(389, 25, 5, '2001-10-28', 1, 'LAR', 'W 34-31', 254, 3, 0, 1, 0, 0, 0, 0, 0, 0, 0, 0, 0, 22.26),
(390, 25, 6, '2005-12-04', 0, 'TB', 'L 3-10', 215, 0, 4, 9, 0, 0, 0, 0, 0, 0, 0, 0, 0, 5.5),
(391, 25, 7, '2002-12-29', 0, 'CAR', 'L 6-10', 145, 0, 2, 8, 0, 0, 0, 0, 0, 0, 0, 0, 0, 4.6),
(392, 25, 8, '2005-11-27', 1, 'NYJ', 'W 21-19', 181, 3, 0, -2, 0, 0, 0, 0, 0, 0, 0, 0, 0, 19.04),
(393, 25, 9, '2002-01-06', 0, 'SF', 'L 0-38', 119, 0, 4, 6, 0, 0, 0, 0, 0, 0, 0, 0, 0, 1.36),
(394, 25, 10, '2001-11-04', 0, 'NYJ', 'L 9-16', 164, 0, 2, 50, 0, 0, 0, 0, 0, 0, 0, 0, 0, 9.56),
(395, 25, 11, '2001-12-30', 0, 'WAS', 'L 10-40', 127, 1, 3, 24, 0, 0, 0, 0, 0, 0, 0, 0, 0, 8.48),
(396, 25, 12, '2005-10-09', 1, 'GB', 'L 3-52', 146, 0, 2, 32, 0, 0, 0, 0, 0, 0, 0, 0, 0, 7.04),
(397, 25, 13, '2003-09-14', 0, 'HOU', 'W 31-10', 189, 2, 0, 4, 0, 0, 0, 0, 0, 0, 0, 0, 0, 15.96),
(398, 25, 14, '2004-12-19', 1, 'TB', 'W 21-17', 169, 2, 0, 17, 0, 0, 0, 0, 0, 0, 0, 0, 0, 16.46),
(399, 25, 15, '2002-10-20', 0, 'SF', 'W 35-27', 254, 3, 0, 26, 1, 0, 0, 0, 0, 0, 0, 0, 0, 30.76),
(400, 25, 16, '2003-10-19', 1, 'ATL', 'W 45-17', 352, 3, 0, 14, 0, 0, 0, 0, 0, 0, 3, 0, 0, 30.48),
(401, 26, 1, '1992-09-27', 0, 'MIN', 'L 7-42', 97, 0, 4, 15, 0, 0, 0, 0, 0, 0, 0, 0, 0, 1.38),
(402, 26, 2, '1988-10-09', 0, 'NYJ', 'W 36-19', 220, 3, 0, 61, 0, 0, 0, 0, 0, 0, 0, 0, 0, 26.9),
(403, 26, 3, '1985-10-13', 0, 'NYG', 'W 35-30', 193, 3, 0, -27, 0, 0, 0, 0, 0, 0, 0, 0, 0, 17.02),
(404, 26, 4, '1987-11-15', 1, 'ATL', 'W 16-10', 159, 0, 2, 77, 0, 0, 0, 0, 0, 0, 0, 0, 0, 12.06),
(405, 26, 5, '1989-12-17', 0, 'HOU', 'W 61-7', 326, 4, 0, 9, 0, 0, 0, 0, 0, 0, 3, 0, 0, 32.94),
(406, 26, 6, '1986-12-14', 0, 'CLE', 'L 3-34', 151, 0, 2, 0, 0, 0, 0, 0, 0, 0, 0, 0, 0, 4.04),
(407, 26, 7, '1992-11-22', 0, 'DET', 'L 13-19', 64, 0, 2, 9, 0, 0, 0, 0, 0, 0, 0, 0, 0, 1.46),
(408, 26, 8, '1988-09-11', 1, 'PHI', 'W 28-24', 363, 4, 1, -2, 0, 0, 0, 0, 0, 0, 3, 0, 0, 32.32),
(409, 26, 9, '1992-11-15', 1, 'NYJ', 'L 14-17', 109, 0, 2, 4, 0, 0, 0, 0, 0, 0, 0, 0, 0, 2.76),
(410, 26, 10, '1985-12-01', 0, 'HOU', 'W 45-27', 320, 3, 0, 0, 0, 0, 0, 0, 0, 0, 3, 0, 0, 27.8),
(411, 26, 11, '1986-12-21', 0, 'NYJ', 'W 52-21', 425, 5, 1, 45, 0, 0, 0, 0, 0, 0, 3, 0, 0, 43.5),
(412, 26, 12, '1986-10-05', 1, 'GB', 'W 34-28', 207, 3, 0, 11, 0, 0, 0, 0, 0, 0, 0, 0, 0, 21.38),
(413, 26, 13, '1988-10-02', 1, 'OAK', 'W 45-21', 332, 3, 0, 6, 0, 0, 0, 0, 0, 0, 3, 0, 0, 28.88),
(414, 26, 14, '1985-12-08', 0, 'DAL', 'W 50-24', 265, 3, 0, 0, 0, 0, 0, 0, 0, 0, 0, 0, 0, 22.6),
(415, 26, 15, '1990-10-07', 1, 'LAR', 'W 34-31', 490, 3, 0, 0, 0, 0, 0, 0, 0, 0, 3, 0, 0, 34.6),
(416, 26, 16, '1991-12-15', 1, 'PIT', 'L 10-17', 125, 0, 2, 2, 0, 0, 0, 0, 0, 0, 0, 0, 0, 3.2),
(417, 27, 1, '1988-12-18', 1, 'OAK', 'W 43-37', 410, 4, 1, 8, 0, 0, 0, 0, 0, 0, 3, 0, 0, 35.2),
(418, 27, 2, '1986-12-14', 1, 'SD', 'W 34-24', 305, 4, 0, 6, 0, 0, 0, 0, 0, 0, 3, 0, 0, 31.8),
(419, 27, 3, '1985-11-17', 0, 'NE', 'L 13-20', 229, 0, 3, 24, 1, 0, 0, 0, 0, 0, 0, 0, 0, 14.56),
(420, 27, 4, '1990-09-09', 1, 'CHI', 'L 0-17', 91, 0, 3, 1, 0, 0, 0, 0, 0, 0, 0, 0, 0, 0.74),
(421, 27, 5, '1990-11-11', 1, 'KC', 'W 17-16', 306, 2, 0, 0, 0, 0, 0, 0, 0, 0, 3, 0, 0, 23.24),
(422, 27, 6, '1985-12-08', 0, 'CLE', 'W 31-13', 268, 4, 0, -1, 0, 0, 0, 0, 0, 0, 0, 0, 0, 26.62),
(423, 27, 7, '1986-12-08', 0, 'OAK', 'W 37-0', 243, 2, 0, 23, 0, 0, 0, 0, 0, 0, 0, 0, 0, 20.02),
(424, 27, 8, '1983-12-18', 0, 'NE', 'W 24-6', 230, 2, 0, 11, 1, 0, 0, 0, 0, 0, 0, 0, 0, 24.3),
(425, 27, 9, '1988-09-18', 1, 'SD', 'L 6-17', 134, 0, 3, -2, 0, 0, 0, 0, 0, 0, 0, 0, 0, 2.16),
(426, 27, 10, '1987-09-20', 0, 'KC', 'W 43-14', 152, 3, 0, 22, 0, 0, 0, 0, 0, 0, 0, 0, 0, 20.28),
(427, 27, 11, '1985-09-15', 1, 'SD', 'W 49-35', 307, 5, 0, 10, 0, 0, 0, 0, 0, 0, 3, 0, 0, 36.28),
(428, 27, 12, '1990-10-21', 0, 'KC', 'W 19-7', 132, 0, 4, 3, 0, 0, 0, 0, 0, 0, 0, 0, 0, 1.58),
(429, 27, 13, '1985-09-08', 1, 'CIN', 'W 28-24', 236, 3, 0, 9, 0, 0, 0, 0, 0, 0, 0, 0, 0, 22.34),
(430, 27, 14, '1991-11-24', 0, 'DEN', 'W 13-10', 70, 1, 2, -2, 0, 0, 0, 0, 0, 0, 0, 0, 0, 4.6),
(431, 27, 15, '1988-12-11', 0, 'DEN', 'W 42-14', 220, 2, 0, -3, 0, 0, 0, 0, 0, 0, 0, 0, 0, 16.5),
(432, 27, 16, '1985-10-20', 1, 'DEN', 'L 10-13', 115, 1, 3, 1, 0, 0, 0, 0, 0, 0, 0, 0, 0, 5.7),
(433, 28, 1, '1990-10-14', 0, 'GB', 'W 26-14', 292, 1, 0, 0, 0, 1, 3, 0, 0, 0, 0, 0, 0, 16.98),
(434, 28, 2, '1990-09-09', 1, 'DET', 'W 38-21', 237, 3, 1, -6, 0, 0, 0, 0, 0, 0, 0, 0, 0, 19.88),
(435, 28, 3, '1991-10-06', 0, 'PHI', 'W 14-13', 52, 0, 1, -4, 0, 0, 0, 0, 0, 0, 0, 0, 0, 0.68),
(436, 28, 4, '1992-10-25', 0, 'DET', 'L 7-38', 26, 0, 1, 0, 0, 0, 0, 0, 0, 0, 0, 0, 0, 0.04),
(437, 28, 5, '1990-09-23', 0, 'DET', 'W 23-20', 181, 1, 0, 16, 0, 0, 0, 0, 0, 0, 0, 0, 0, 12.84),
(438, 28, 6, '1990-12-02', 0, 'ATL', 'W 23-17', 351, 2, 1, 16, 0, 0, 0, 0, 0, 0, 3, 0, 0, 25.64),
(439, 28, 7, '1988-11-20', 0, 'CHI', 'L 15-27', 86, 0, 2, 55, 0, 0, 0, 0, 0, 0, 0, 0, 0, 6.94),
(440, 28, 8, '1990-10-07', 1, 'DAL', 'L 10-14', 194, 1, 0, 19, 0, 0, 0, 0, 0, 0, 0, 0, 0, 13.66),
(441, 28, 9, '1989-12-03', 0, 'GB', 'L 16-17', 188, 0, 5, 0, 0, 0, 0, 0, 0, 0, 0, 0, 0, 2.52),
(442, 28, 10, '1992-09-13', 0, 'GB', 'W 31-3', 363, 2, 0, 18, 1, 0, 0, 0, 0, 0, 3, 0, 0, 33.32),
(443, 28, 11, '1989-12-17', 1, 'DET', 'L 7-33', 18, 0, 1, 16, 0, 0, 0, 0, 0, 0, 0, 0, 0, 1.32),
(444, 28, 12, '1992-11-22', 1, 'SD', 'L 14-29', 187, 1, 0, 28, 1, 0, 0, 0, 0, 0, 0, 0, 0, 20.28),
(445, 28, 13, '1989-09-10', 1, 'GB', 'W 23-21', 205, 1, 0, 14, 0, 0, 0, 0, 0, 0, 0, 0, 0, 13.6),
(446, 28, 14, '1990-09-30', 1, 'MIN', 'W 23-20', 162, 1, 0, 32, 0, 0, 0, 0, 0, 0, 0, 0, 0, 13.68),
(447, 28, 15, '1991-11-17', 1, 'ATL', 'L 7-43', 71, 0, 2, 19, 0, 0, 0, 0, 0, 0, 0, 0, 0, 2.74),
(448, 28, 16, '1991-12-08', 0, 'MIN', 'L 24-26', 330, 2, 0, 15, 0, 0, 0, 0, 0, 0, 3, 0, 0, 25.7),
(449, 29, 1, '2008-10-19', 0, 'NO', 'W 30-7', 195, 2, 0, 8, 0, 0, 0, 0, 0, 0, 0, 0, 0, 16.6),
(450, 29, 2, '2005-10-30', 0, 'MIN', 'W 38-13', 341, 3, 0, 2, 0, 0, 0, 0, 0, 0, 3, 0, 0, 28.84),
(451, 29, 3, '2006-01-01', 1, 'ATL', 'W 44-11', 163, 2, 0, 0, 0, 0, 0, 0, 0, 0, 0, 0, 0, 14.52),
(452, 29, 4, '2009-11-29', 1, 'NYJ', 'L 6-17', 130, 0, 4, 0, 0, 0, 0, 0, 0, 0, 0, 0, 0, 1.2),
(453, 29, 5, '2008-10-26', 0, 'AZ', 'W 27-23', 248, 2, 0, -2, 0, 0, 0, 0, 0, 0, 0, 0, 0, 17.72),
(454, 29, 6, '2004-12-26', 1, 'TB', 'W 37-20', 214, 4, 0, 12, 0, 0, 0, 0, 0, 0, 0, 0, 0, 25.76),
(455, 29, 7, '2004-10-17', 1, 'PHI', 'L 8-30', 205, 1, 4, 2, 0, 0, 0, 0, 0, 0, 0, 0, 0, 8.4),
(456, 29, 8, '2008-10-12', 1, 'TB', 'L 3-27', 242, 0, 3, -1, 0, 0, 0, 0, 0, 0, 0, 0, 0, 6.58),
(457, 29, 9, '2008-12-28', 1, 'NO', 'W 33-31', 250, 1, 0, 0, 0, 0, 0, 0, 0, 0, 0, 0, 0, 14),
(458, 29, 10, '2006-12-31', 1, 'NO', 'W 31-21', 207, 2, 0, -3, 0, 0, 0, 0, 0, 0, 0, 0, 0, 15.98),
(459, 29, 11, '2008-11-09', 1, 'OAK', 'W 17-6', 72, 1, 4, 0, 0, 0, 0, 0, 0, 0, 0, 0, 0, 2.88),
(460, 29, 12, '2007-09-09', 1, 'LAR', 'W 27-13', 199, 3, 0, 12, 0, 0, 0, 0, 0, 0, 0, 0, 0, 21.16),
(461, 29, 13, '2003-09-14', 1, 'TB', 'W 12-9', 96, 0, 2, 2, 0, 0, 0, 0, 0, 0, 0, 0, 0, 2.04),
(462, 29, 14, '2008-09-28', 0, 'ATL', 'W 24-9', 294, 2, 0, 0, 0, 0, 0, 0, 0, 0, 0, 0, 0, 19.76),
(463, 29, 15, '2005-10-03', 0, 'GB', 'W 32-29', 206, 2, 0, -3, 0, 0, 0, 0, 0, 0, 0, 0, 0, 15.94),
(464, 29, 16, '2009-09-13', 0, 'PHI', 'L 10-38', 73, 0, 4, 9, 0, 0, 0, 1, 0, 0, 0, 0, 0, 5.82),
(465, 30, 1, '1998-09-20', 0, 'BAL', 'W 24-10', 376, 2, 0, 1, 0, 0, 0, 0, 0, 0, 3, 0, 0, 26.14),
(466, 30, 2, '2002-10-20', 1, 'BAL', 'L 10-17', 231, 0, 3, 18, 0, 0, 0, 0, 0, 0, 0, 0, 0, 8.04),
(467, 30, 3, '1997-12-21', 1, 'OAK', 'W 20-9', 243, 2, 0, 27, 0, 0, 0, 0, 0, 0, 0, 0, 0, 20.42),
(468, 30, 4, '1999-12-26', 1, 'TEN', 'L 14-41', 95, 0, 1, 14, 0, 0, 0, 0, 0, 0, 0, 0, 0, 4.2),
(469, 30, 5, '1996-10-13', 0, 'NYJ', 'W 21-17', 248, 2, 0, 3, 0, 0, 0, 0, 0, 0, 0, 0, 0, 18.22),
(470, 30, 6, '1998-10-12', 0, 'MIA', 'W 28-21', 213, 2, 1, 22, 0, 0, 0, 0, 0, 0, 0, 0, 0, 17.72),
(471, 30, 7, '1998-11-22', 1, 'PIT', 'L 15-30', 212, 1, 3, 9, 0, 0, 0, 0, 0, 0, 0, 0, 0, 10.38),
(472, 30, 8, '2002-12-15', 1, 'CIN', 'W 29-15', 223, 3, 0, 7, 0, 0, 0, 0, 0, 0, 0, 0, 0, 21.62),
(473, 30, 9, '2000-12-10', 0, 'AZ', 'W 44-10', 182, 2, 0, 30, 0, 0, 0, 0, 0, 0, 0, 0, 0, 18.28),
(474, 30, 10, '1997-09-28', 1, 'WAS', 'L 12-24', 153, 0, 2, 4, 0, 0, 0, 0, 0, 0, 0, 0, 0, 4.52),
(475, 30, 11, '1998-12-06', 0, 'DET', 'W 37-22', 0, 0, 0, 0, 0, 0, 0, 0, 0, 0, 0, 0, 0, 0),
(476, 30, 12, '2001-09-30', 0, 'CLE', 'L 14-23', 34, 0, 1, 0, 0, 0, 0, 0, 0, 0, 0, 0, 0, 0.36),
(477, 30, 13, '2000-10-29', 1, 'DAL', 'W 23-17', 231, 3, 0, 41, 0, 0, 0, 0, 0, 0, 0, 0, 0, 25.34),
(478, 30, 14, '2001-09-09', 0, 'PIT', 'W 21-3', 198, 3, 0, 7, 0, 0, 0, 0, 0, 0, 0, 0, 0, 20.62),
(479, 30, 15, '2003-09-07', 1, 'CAR', 'L 23-24', 272, 2, 0, -2, 0, 0, 0, 0, 0, 0, 0, 0, 0, 18.68),
(480, 30, 16, '1996-12-15', 0, 'SEA', 'W 20-13', 231, 2, 0, 34, 0, 0, 0, 0, 0, 0, 0, 0, 0, 20.64),
(481, 31, 1, '2004-11-28', 1, 'NE', 'L 3-24', 93, 0, 1, 10, 0, 0, 0, 0, 0, 0, 0, 0, 0, 3.72),
(482, 31, 2, '2004-10-04', 0, 'KC', 'L 24-27', 154, 1, 0, 3, 0, 0, 0, 0, 0, 0, 0, 0, 0, 10.46),
(483, 31, 3, '2005-12-19', 0, 'GB', 'W 48-3', 253, 3, 0, 9, 0, 0, 0, 0, 0, 0, 0, 0, 0, 23.02),
(484, 31, 4, '2004-11-21', 0, 'DAL', 'W 30-10', 232, 2, 0, 9, 0, 0, 0, 0, 0, 0, 0, 0, 0, 18.18),
(485, 31, 5, '2004-09-26', 1, 'CIN', 'W 23-9', 126, 1, 0, 24, 1, 6, 0, 0, 0, 0, 0, 0, 0, 23.44),
(486, 31, 6, '2005-11-13', 1, 'JAX', 'L 3-30', 142, 0, 3, 9, 0, 0, 0, 0, 0, 0, 0, 0, 0, 3.58),
(487, 31, 7, '2003-09-28', 0, 'KC', 'L 10-17', 140, 0, 3, 15, 0, 0, 0, 0, 0, 0, 0, 0, 0, 4.1),
(488, 31, 8, '2007-12-03', 0, 'NE', 'L 24-27', 210, 2, 1, 4, 0, 0, 0, 0, 0, 0, 0, 0, 0, 15.8),
(489, 31, 9, '2004-12-12', 0, 'NYG', 'W 37-14', 219, 4, 0, 19, 0, 0, 0, 0, 0, 0, 0, 0, 0, 26.66),
(490, 31, 10, '2007-09-16', 0, 'NYJ', 'W 20-13', 185, 2, 0, 7, 0, 0, 0, 0, 0, 0, 0, 0, 0, 16.1),
(491, 31, 11, '2004-10-10', 1, 'WAS', 'W 17-10', 81, 0, 3, -6, 0, 0, 0, 0, 0, 0, 0, 0, 0, -0.36),
(492, 31, 12, '2003-10-19', 1, 'CIN', 'L 26-34', 302, 2, 1, 8, 0, 0, 0, 0, 0, 0, 3, 0, 0, 22.88),
(493, 31, 13, '2006-01-01', 1, 'CLE', 'L 16-20', 151, 0, 2, 4, 0, 0, 0, 0, 0, 0, 0, 0, 0, 4.44),
(494, 31, 14, '2005-12-25', 0, 'MIN', 'W 30-23', 289, 3, 1, 1, 0, 0, 0, 0, 0, 0, 0, 0, 0, 22.66),
(495, 31, 15, '2004-11-14', 1, 'NYJ', 'W 20-17', 213, 2, 0, 5, 0, 0, 0, 0, 0, 0, 0, 0, 0, 17.02),
(496, 31, 16, '2003-09-14', 0, 'CLE', 'W 33-13', 78, 0, 1, 3, 0, 0, 0, 0, 0, 0, 0, 0, 0, 2.42),
(497, 32, 1, '1990-11-26', 0, 'BUF', 'W 27-24', 300, 2, 0, 4, 0, 0, 0, 0, 0, 0, 3, 0, 0, 23.4),
(498, 32, 2, '1984-09-30', 0, 'NO', 'L 10-27', 36, 0, 2, 13, 0, 0, 0, 0, 0, 0, 0, 0, 0, 0.74),
(499, 32, 3, '1990-12-16', 1, 'KC', 'W 27-10', 527, 3, 0, 2, 0, 0, 0, 0, 0, 0, 3, 0, 0, 36.28),
(500, 32, 4, '1986-11-30', 1, 'CLE', 'L 10-13', 68, 0, 4, 4, 0, 0, 0, 0, 0, 0, 0, 0, 0, -0.88),
(501, 32, 5, '1990-11-18', 1, 'CLE', 'W 35-23', 322, 5, 0, 15, 0, 0, 0, 0, 0, 0, 3, 0, 0, 37.38),
(502, 32, 6, '1984-11-18', 0, 'NYJ', 'W 31-20', 207, 3, 0, 5, 0, 0, 0, 0, 0, 0, 0, 0, 0, 20.78),
(503, 32, 7, '1987-11-15', 1, 'PIT', 'W 23-3', 239, 2, 0, 6, 0, 0, 0, 0, 0, 0, 0, 0, 0, 18.16),
(504, 32, 8, '1988-10-16', 1, 'PIT', 'W 34-14', 174, 2, 0, 0, 0, 0, 0, 0, 0, 0, 0, 0, 0, 14.96),
(505, 32, 9, '1990-10-14', 0, 'CIN', 'W 48-17', 369, 5, 1, 19, 0, 0, 0, 0, 0, 0, 3, 0, 0, 38.66),
(506, 32, 10, '1993-11-14', 1, 'CIN', 'W 38-3', 225, 4, 0, 0, 0, 0, 0, 0, 0, 0, 0, 0, 0, 25),
(507, 32, 11, '1984-11-25', 1, 'CLE', 'L 10-27', 84, 0, 2, 4, 0, 0, 0, 0, 0, 0, 0, 0, 0, 1.76),
(508, 32, 12, '1986-10-26', 0, 'OAK', 'L 17-28', 304, 0, 4, 9, 0, 0, 0, 0, 0, 0, 3, 0, 0, 12.06),
(509, 32, 13, '1989-12-03', 1, 'PIT', 'W 23-16', 171, 2, 0, 21, 0, 0, 0, 0, 0, 0, 0, 0, 0, 16.94),
(510, 32, 14, '1985-11-10', 1, 'BUF', 'L 0-20', 22, 0, 3, -1, 0, 0, 0, 0, 0, 0, 0, 0, 0, -2.22),
(511, 32, 15, '1989-12-17', 1, 'CIN', 'L 7-61', 96, 0, 2, 0, 0, 0, 0, 0, 0, 0, 0, 0, 0, 1.84),
(512, 32, 16, '1989-10-01', 0, 'MIA', 'W 39-7', 254, 2, 0, 6, 0, 0, 0, 0, 0, 0, 0, 0, 0, 18.76),
(513, 33, 1, '1979-11-04', 0, 'MIN', 'W 37-7', 0, 0, 0, 164, 1, 3, 33, 1, 0, 0, 0, 3, 0, 37.7),
(514, 33, 2, '1984-12-16', 1, 'WAS', 'L 27-29', 0, 0, 0, 24, 0, 12, 124, 0, 0, 0, 0, 0, 3, 29.8),
(515, 33, 3, '1983-10-30', 0, 'MIN', 'W 41-31', 0, 0, 0, 136, 1, 3, 23, 0, 0, 0, 0, 3, 0, 27.9),
(516, 33, 4, '1979-09-02', 0, 'DAL', 'L 21-22', 0, 0, 0, 193, 1, 0, 0, 0, 0, 0, 0, 3, 0, 28.3),
(517, 33, 5, '1979-12-09', 0, 'NYG', 'W 29-20', 0, 0, 0, 140, 2, 3, 28, 0, 0, 0, 0, 3, 0, 34.8),
(518, 33, 6, '1983-09-25', 1, 'PHI', 'W 14-11', 0, 0, 0, 133, 0, 2, 13, 0, 0, 0, 0, 3, 0, 19.6),
(519, 33, 7, '1985-11-04', 0, 'DAL', 'W 21-10', 0, 0, 0, -10, 0, 1, 4, 0, 0, 0, 0, 0, 0, 0.4),
(520, 33, 8, '1980-09-28', 0, 'PHI', 'W 24-14', 0, 0, 0, 151, 2, 1, 6, 0, 0, 0, 0, 3, 0, 31.7),
(521, 33, 9, '1981-11-15', 0, 'BUF', 'W 24-0', 0, 0, 0, 177, 2, 3, 9, 0, 0, 0, 0, 3, 0, 36.6),
(522, 33, 10, '1980-11-30', 1, 'NYG', 'W 23-7', 0, 0, 0, 168, 2, 0, 0, 0, 0, 0, 0, 3, 0, 31.8),
(523, 33, 11, '1983-09-11', 0, 'DAL', 'L 17-34', 0, 0, 0, 25, 0, 3, 30, 0, 0, 0, 0, 0, 0, 8.5),
(524, 33, 12, '1983-12-18', 0, 'PHI', 'W 31-7', 0, 0, 0, 156, 1, 2, 8, 0, 0, 0, 0, 3, 0, 27.4),
(525, 33, 13, '1984-12-02', 1, 'NE', 'W 33-10', 0, 0, 0, 136, 1, 3, 35, 0, 0, 0, 0, 3, 0, 29.1),
(526, 33, 14, '1982-09-19', 0, 'DAL', 'L 7-24', 0, 0, 0, 30, 0, 4, 26, 0, 0, 0, 0, 0, 0, 9.6),
(527, 33, 15, '1983-01-02', 1, 'WAS', 'L 0-28', 0, 0, 0, 31, 0, 1, 6, 0, 0, 0, 0, 0, 0, 4.7),
(528, 33, 16, '1986-09-07', 0, 'LAR', 'L 10-16', 0, 0, 0, 31, 1, 3, 28, 0, 0, 0, 0, 0, 0, 14.9);
INSERT INTO `legends_player_data` (`rowID`, `playerID`, `gameID`, `game_date`, `is_away`, `opp`, `game_result`, `passYDS`, `passTD`, `passINT`, `rushYDS`, `rushTD`, `rec`, `recYDS`, `recTD`, `krtd`, `prtd`, `passBonus`, `rushBonus`, `recBonus`, `fpts`) VALUES
(529, 34, 1, '2011-11-06', 0, 'LAR', 'W 19-13', 0, 0, 0, 20, 0, 2, 13, 0, 0, 0, 0, 0, 0, 5.3),
(530, 34, 2, '2009-12-06', 0, 'MIN', 'W 30-17', 0, 0, 0, 28, 0, 0, 0, 0, 0, 0, 0, 0, 0, 2.8),
(531, 34, 3, '2010-09-26', 0, 'OAK', 'W 24-23', 0, 0, 0, 75, 0, 0, 0, 0, 0, 0, 0, 0, 0, 7.5),
(532, 34, 4, '2011-10-02', 0, 'NYG', 'L 27-31', 0, 0, 0, 138, 3, 0, 0, 0, 0, 0, 0, 3, 0, 34.8),
(533, 34, 5, '2011-09-11', 0, 'CAR', 'W 28-21', 0, 0, 0, 90, 1, 4, 12, 0, 0, 0, 0, 0, 0, 20.2),
(534, 34, 6, '2011-11-27', 1, 'LAR', 'W 23-20', 0, 0, 0, 228, 1, 0, 0, 0, 0, 0, 0, 3, 0, 31.8),
(535, 34, 7, '2012-12-02', 1, 'NYJ', 'L 6-7', 0, 0, 0, 22, 0, 0, 0, 0, 0, 0, 0, 0, 0, 2.2),
(536, 34, 8, '2009-11-22', 1, 'LAR', 'W 21-13', 0, 0, 0, 74, 1, 2, 11, 0, 0, 0, 0, 0, 0, 16.5),
(537, 34, 9, '2009-12-14', 1, 'SF', 'L 9-24', 0, 0, 0, 79, 1, 1, 24, 0, 0, 0, 0, 0, 0, 17.3),
(538, 34, 10, '2011-10-30', 1, 'BAL', 'L 27-30', 0, 0, 0, 83, 1, 0, 0, 0, 0, 0, 0, 0, 0, 14.3),
(539, 34, 11, '2009-10-18', 1, 'SEA', 'W 27-3', 0, 0, 0, 29, 0, 1, 7, 0, 0, 0, 0, 0, 0, 4.6),
(540, 34, 12, '2010-10-10', 0, 'NO', 'W 30-20', 0, 0, 0, 35, 0, 1, 5, 0, 0, 0, 0, 0, 0, 5),
(541, 34, 13, '2009-11-15', 0, 'SEA', 'W 31-20', 0, 0, 0, 85, 2, 2, 32, 0, 0, 0, 0, 0, 0, 25.7),
(542, 34, 14, '2011-12-11', 0, 'SF', 'W 21-19', 0, 0, 0, 27, 0, 1, 3, 0, 0, 0, 0, 0, 0, 4),
(543, 34, 15, '2011-09-18', 1, 'WAS', 'L 21-22', 0, 0, 0, 93, 1, 0, 0, 0, 0, 0, 0, 0, 0, 15.3),
(544, 34, 16, '2009-12-20', 1, 'DET', 'W 31-24', 0, 0, 0, 110, 1, 1, 13, 0, 0, 0, 0, 3, 0, 22.3),
(545, 35, 1, '1978-11-19', 0, 'ATL', 'W 13-7', 0, 0, 0, 34, 1, 2, 40, 0, 0, 0, 0, 0, 0, 15.4),
(546, 35, 2, '1986-09-14', 0, 'PHI', 'W 13-10', 0, 0, 1, 177, 1, 1, -2, 0, 0, 0, 0, 3, 0, 26.5),
(547, 35, 3, '1982-09-12', 1, 'DET', 'L 10-17', 0, 0, 0, 26, 0, 2, 23, 0, 0, 0, 0, 0, 0, 6.9),
(548, 35, 4, '1979-09-09', 0, 'MIN', 'W 26-7', 0, 0, 0, 182, 2, 3, 14, 0, 0, 0, 0, 3, 0, 37.6),
(549, 35, 5, '1977-11-13', 0, 'KC', 'W 28-27', 0, 0, 0, 192, 3, 1, 29, 0, 0, 0, 0, 3, 0, 44.1),
(550, 35, 6, '1977-10-30', 1, 'GB', 'W 26-0', 0, 0, 0, 205, 2, 1, 5, 0, 0, 0, 0, 3, 0, 37),
(551, 35, 7, '1980-09-14', 0, 'NO', 'W 22-3', 0, 0, 0, 183, 1, 3, 26, 0, 0, 0, 0, 3, 0, 32.9),
(552, 35, 8, '1980-11-03', 1, 'CLE', 'L 21-27', 0, 0, 0, 30, 0, 5, 31, 0, 0, 0, 0, 0, 0, 11.1),
(553, 35, 9, '1976-12-05', 1, 'SEA', 'W 34-7', 0, 0, 0, 183, 0, 2, 30, 0, 0, 0, 0, 3, 0, 26.3),
(554, 35, 10, '1984-09-09', 0, 'DEN', 'W 27-0', 0, 0, 0, 179, 1, 2, 7, 0, 0, 0, 0, 3, 0, 29.6),
(555, 35, 11, '1975-10-12', 1, 'DET', 'L 7-27', 0, 0, 0, 0, 0, 4, 3, 0, 0, 0, 0, 0, 0, 4.3),
(556, 35, 12, '1977-11-20', 0, 'MIN', 'W 10-7', 0, 0, 0, 275, 1, 1, 6, 0, 0, 0, 0, 3, 0, 38.1),
(557, 35, 13, '1985-11-03', 1, 'GB', 'W 16-10', 0, 0, 0, 192, 1, 3, 14, 0, 0, 0, 0, 3, 0, 32.6),
(558, 35, 14, '1987-09-20', 0, 'TB', 'W 20-3', 0, 0, 0, 24, 1, 2, 2, 1, 0, 0, 0, 0, 0, 16.6),
(559, 35, 15, '1981-11-26', 1, 'DAL', 'L 9-10', 0, 0, 0, 179, 0, 2, 4, 0, 0, 0, 0, 3, 0, 23.3),
(560, 35, 16, '1978-10-22', 1, 'TB', 'L 19-33', 0, 0, 0, 34, 0, 5, 74, 0, 0, 0, 0, 0, 0, 15.8),
(561, 36, 1, '1968-10-27', 0, 'MIN', 'W 26-24', 0, 0, 0, 143, 0, 4, 33, 0, 0, 0, 0, 3, 0, 24.6),
(562, 36, 2, '1965-12-05', 1, 'BAL', 'W 13-0', 0, 0, 0, 118, 1, 1, 10, 0, 0, 0, 0, 3, 0, 22.8),
(563, 36, 3, '1969-11-30', 0, 'CLE', 'L 24-28', 0, 0, 0, 126, 1, 1, 21, 0, 0, 0, 0, 3, 0, 24.7),
(564, 36, 4, '1965-10-10', 0, 'LAR', 'W 31-6', 26, 1, 0, 9, 0, 3, 95, 1, 0, 0, 0, 0, 0, 24.44),
(565, 36, 5, '1966-11-06', 0, 'DET', 'T 10-10', 0, 0, 0, 124, 1, 3, 24, 0, 0, 0, 0, 3, 0, 26.8),
(566, 36, 6, '1967-10-15', 0, 'DET', 'W 14-3', 0, 0, 0, 142, 1, 0, 0, 0, 0, 0, 0, 3, 0, 23.2),
(567, 36, 7, '1968-11-03', 1, 'GB', 'W 13-10', 0, 0, 0, 205, 0, 0, 0, 0, 0, 0, 0, 3, 0, 23.5),
(568, 36, 8, '1965-11-07', 0, 'BAL', 'L 21-26', 0, 0, 0, 17, 0, 3, 46, 0, 0, 0, 0, 0, 0, 9.3),
(569, 36, 9, '1967-10-29', 0, 'LAR', 'L 17-28', 0, 0, 0, 13, 0, 2, 6, 0, 0, 0, 0, 0, 0, 3.9),
(570, 36, 10, '1969-10-12', 0, 'MIN', 'L 0-31', 0, 0, 0, 15, 0, 2, 8, 0, 0, 0, 0, 0, 0, 4.3),
(571, 36, 11, '1966-11-27', 0, 'ATL', 'W 23-6', 0, 0, 0, 172, 0, 5, 65, 0, 0, 0, 0, 3, 0, 31.7),
(572, 36, 12, '1966-10-16', 0, 'GB', 'L 0-17', 0, 0, 0, 29, 0, 3, 21, 0, 0, 0, 0, 0, 0, 8),
(573, 36, 13, '1967-12-10', 0, 'MIN', 'T 10-10', 0, 0, 0, 131, 1, 3, 24, 0, 0, 0, 0, 3, 0, 27.5),
(574, 36, 14, '1967-12-17', 1, 'ATL', 'W 23-14', 0, 0, 0, 120, 1, 2, 30, 1, 0, 0, 0, 3, 0, 32),
(575, 36, 15, '1967-12-03', 1, 'SF', 'W 28-14', 0, 0, 0, 30, 1, 0, 0, 0, 1, 1, 0, 0, 0, 21),
(576, 36, 16, '1966-12-18', 0, 'MIN', 'W 41-28', 0, 0, 0, 197, 1, 1, 26, 0, 1, 0, 0, 3, 0, 38.3),
(577, 37, 1, '1995-09-03', 0, 'LAR', 'L 14-17', 0, 0, 0, 21, 0, 2, 2, 0, 0, 0, 0, 0, 0, 4.3),
(578, 37, 2, '1994-12-24', 1, 'TB', 'W 34-19', 0, 0, 0, 100, 1, 6, 35, 0, 0, 0, 0, 3, 0, 28.5),
(579, 37, 3, '1996-09-29', 1, 'SEA', 'W 31-10', 0, 0, 0, 94, 0, 2, 9, 0, 0, 0, 0, 0, 0, 12.3),
(580, 37, 4, '1996-11-24', 1, 'LAR', 'W 24-9', 0, 0, 0, 31, 0, 4, 28, 0, 0, 0, 0, 0, 0, 9.9),
(581, 37, 5, '1996-09-09', 0, 'PHI', 'W 39-13', 0, 0, 0, 93, 0, 5, 49, 1, 0, 0, 0, 0, 0, 25.2),
(582, 37, 6, '1994-12-11', 0, 'CHI', 'W 40-3', 0, 0, 0, 106, 1, 1, 5, 0, 0, 0, 0, 3, 0, 21.1),
(583, 37, 7, '1995-11-12', 0, 'CHI', 'W 35-28', 0, 0, 0, 18, 0, 2, 33, 2, 0, 0, 0, 0, 0, 19.1),
(584, 37, 8, '1994-10-31', 1, 'CHI', 'W 33-6', 0, 0, 0, 105, 2, 1, 13, 1, 0, 0, 0, 3, 0, 33.8),
(585, 37, 9, '1994-10-09', 0, 'LAR', 'W 24-17', 0, 0, 0, 28, 1, 6, 39, 0, 0, 0, 0, 0, 0, 18.7),
(586, 37, 10, '1995-10-29', 1, 'DET', 'L 16-24', 0, 0, 0, 121, 0, 6, 50, 0, 0, 0, 0, 3, 0, 26.1),
(587, 37, 11, '1996-10-27', 0, 'TB', 'W 13-7', 0, 0, 0, 93, 0, 2, 7, 0, 0, 0, 0, 0, 0, 12),
(588, 37, 12, '1992-11-22', 1, 'CHI', 'W 17-3', 0, 0, 0, 107, 0, 3, 24, 0, 0, 0, 0, 3, 0, 19.1),
(589, 37, 13, '1996-12-22', 0, 'MIN', 'W 38-10', 0, 0, 0, 109, 1, 0, 0, 0, 0, 0, 0, 3, 0, 19.9),
(590, 37, 14, '1994-12-04', 1, 'DET', 'L 31-34', 0, 0, 0, 25, 0, 3, 27, 0, 0, 0, 0, 0, 0, 8.2),
(591, 37, 15, '1995-09-11', 1, 'CHI', 'W 27-24', 0, 0, 0, 96, 0, 2, 11, 0, 0, 0, 0, 0, 0, 12.7),
(592, 37, 16, '1996-10-06', 1, 'CHI', 'W 37-6', 0, 0, 0, 32, 0, 2, 15, 0, 0, 0, 0, 0, 0, 6.7),
(593, 38, 1, '2003-09-14', 0, 'DET', 'W 31-6', 0, 0, 0, 160, 1, 0, 0, 0, 0, 0, 0, 3, 0, 25),
(594, 38, 2, '2001-12-30', 0, 'MIN', 'W 24-13', 0, 0, 0, 31, 1, 3, 17, 0, 0, 0, 0, 0, 0, 13.8),
(595, 38, 3, '2003-11-10', 0, 'PHI', 'L 14-17', 0, 0, 0, 192, 1, 3, 32, 1, 0, 0, 0, 3, 0, 40.4),
(596, 38, 4, '2001-09-09', 0, 'DET', 'W 28-6', 0, 0, 0, 157, 2, 3, 20, 0, 0, 0, 0, 3, 0, 35.7),
(597, 38, 5, '2001-11-04', 0, 'TB', 'W 21-20', 0, 0, 0, 169, 1, 6, 49, 0, 0, 0, 0, 3, 0, 36.8),
(598, 38, 6, '2001-12-16', 1, 'TEN', 'L 20-26', 0, 0, 0, 11, 0, 3, 22, 0, 0, 0, 0, 0, 0, 6.3),
(599, 38, 7, '2004-10-11', 0, 'TEN', 'L 27-48', 0, 0, 0, 33, 0, 2, 5, 0, 0, 0, 0, 0, 0, 5.8),
(600, 38, 8, '2003-11-23', 0, 'SF', 'W 20-10', 0, 0, 0, 154, 0, 0, 0, 0, 0, 0, 0, 3, 0, 18.4),
(601, 38, 9, '2000-12-17', 1, 'MIN', 'W 33-28', 0, 0, 0, 161, 0, 4, 31, 1, 0, 0, 0, 3, 0, 32.2),
(602, 38, 10, '2003-10-19', 1, 'LAR', 'L 24-34', 0, 0, 0, 35, 0, 6, 62, 1, 0, 0, 0, 0, 0, 21.7),
(603, 38, 11, '2003-09-29', 1, 'CHI', 'W 38-23', 0, 0, 0, 176, 2, 4, 4, 0, 0, 0, 0, 3, 0, 37),
(604, 38, 12, '2002-09-08', 0, 'ATL', 'W 37-34', 0, 0, 0, 155, 0, 6, 42, 0, 0, 0, 0, 3, 0, 28.7),
(605, 38, 13, '2004-10-24', 0, 'DAL', 'W 41-20', 0, 0, 0, 163, 2, 3, 4, 0, 0, 0, 0, 3, 0, 34.7),
(606, 38, 14, '2006-11-19', 0, 'NE', 'L 0-35', 0, 0, 0, 28, 0, 1, 0, 0, 0, 0, 0, 0, 0, 3.8),
(607, 38, 15, '2003-12-28', 0, 'DEN', 'W 31-3', 0, 0, 0, 218, 2, 1, 9, 0, 0, 0, 0, 3, 0, 38.7),
(608, 38, 16, '2001-12-03', 1, 'JAX', 'W 28-21', 0, 0, 0, 31, 0, 5, 74, 1, 0, 0, 0, 0, 0, 21.5),
(609, 39, 1, '2001-09-10', 1, 'DEN', 'L 20-31', 0, 0, 0, 28, 0, 3, 53, 0, 0, 0, 0, 0, 0, 11.1),
(610, 39, 2, '2006-10-15', 1, 'ATL', 'W 27-14', 0, 0, 0, 185, 0, 3, 42, 0, 0, 0, 0, 3, 0, 28.7),
(611, 39, 3, '2002-12-28', 0, 'PHI', 'W 10-7', 0, 0, 0, 203, 0, 8, 73, 0, 0, 0, 0, 3, 0, 38.6),
(612, 39, 4, '2002-09-05', 0, 'SF', 'L 13-16', 0, 0, 0, 29, 1, 5, 37, 0, 0, 0, 0, 0, 0, 17.6),
(613, 39, 5, '1997-09-07', 1, 'JAX', 'L 13-40', 0, 0, 0, 17, 1, 3, 43, 0, 0, 0, 0, 0, 0, 15),
(614, 39, 6, '2004-10-03', 1, 'GB', 'W 14-7', 0, 0, 0, 182, 1, 4, 14, 0, 0, 0, 0, 3, 0, 32.6),
(615, 39, 7, '2000-12-10', 0, 'PIT', 'W 30-10', 0, 0, 0, 22, 1, 6, 75, 0, 0, 0, 0, 0, 0, 21.7),
(616, 39, 8, '2005-12-31', 1, 'OAK', 'W 30-21', 0, 0, 0, 203, 1, 6, 60, 0, 0, 0, 0, 3, 0, 41.3),
(617, 39, 9, '2005-11-27', 1, 'SEA', 'L 21-24', 0, 0, 0, 151, 0, 5, 27, 0, 0, 0, 0, 3, 0, 25.8),
(618, 39, 10, '2006-11-20', 1, 'JAX', 'L 10-26', 0, 0, 0, 27, 0, 1, 13, 0, 0, 0, 0, 0, 0, 5),
(619, 39, 11, '2002-11-24', 1, 'HOU', 'L 14-16', 0, 0, 0, 147, 1, 4, 20, 0, 0, 0, 0, 3, 0, 29.7),
(620, 39, 12, '2003-09-07', 0, 'LAR', 'W 23-13', 0, 0, 0, 146, 0, 2, 19, 0, 0, 0, 0, 3, 0, 21.5),
(621, 39, 13, '2005-12-17', 0, 'KC', 'W 27-17', 0, 0, 0, 220, 2, 5, 29, 0, 0, 0, 0, 3, 0, 44.9),
(622, 39, 14, '2006-12-30', 1, 'WAS', 'W 34-28', 0, 0, 0, 234, 3, 3, 24, 0, 0, 0, 0, 3, 0, 49.8),
(623, 39, 15, '2005-10-30', 0, 'WAS', 'W 36-0', 0, 0, 0, 206, 1, 1, 5, 0, 0, 0, 0, 3, 0, 31.1),
(624, 39, 16, '2003-11-30', 0, 'BUF', 'L 7-24', 0, 0, 0, 20, 0, 1, 4, 0, 0, 0, 0, 0, 0, 3.4),
(625, 40, 1, '1992-11-26', 1, 'DAL', 'L 3-30', 0, 0, 0, 33, 0, 2, 13, 0, 0, 0, 0, 0, 0, 6.6),
(626, 40, 2, '1994-10-10', 0, 'MIN', 'L 10-27', 0, 0, 0, 27, 0, 0, 0, 0, 0, 0, 0, 0, 0, 2.7),
(627, 40, 3, '1994-11-07', 1, 'DAL', 'L 10-38', 0, 0, 0, 14, 0, 0, 0, 0, 0, 0, 0, 0, 0, 1.4),
(628, 40, 4, '1993-09-12', 0, 'TB', 'W 23-7', 0, 0, 0, 134, 1, 2, 12, 0, 0, 0, 0, 3, 0, 25.6),
(629, 40, 5, '1991-10-06', 0, 'AZ', 'W 20-9', 0, 0, 0, 137, 1, 4, 45, 0, 0, 0, 0, 3, 0, 31.2),
(630, 40, 6, '1995-09-24', 0, 'NO', 'W 45-29', 0, 0, 0, 149, 4, 2, 15, 0, 0, 0, 0, 3, 0, 45.4),
(631, 40, 7, '1994-10-30', 0, 'DET', 'L 25-28', 0, 0, 0, 138, 1, 4, 13, 0, 0, 0, 0, 3, 0, 28.1),
(632, 40, 8, '1992-11-01', 1, 'WAS', 'W 24-7', 0, 0, 0, 138, 0, 3, 13, 0, 0, 0, 0, 3, 0, 21.1),
(633, 40, 9, '1993-12-12', 0, 'IND', 'W 20-6', 0, 0, 0, 173, 1, 0, 0, 0, 0, 0, 0, 3, 0, 26.3),
(634, 40, 10, '1995-12-17', 1, 'DAL', 'L 20-21', 0, 0, 0, 187, 0, 3, 28, 0, 0, 0, 0, 3, 0, 27.5),
(635, 40, 11, '1992-10-11', 0, 'AZ', 'W 31-21', 0, 0, 0, 167, 1, 1, 31, 0, 0, 0, 0, 3, 0, 29.8),
(636, 40, 12, '1991-12-01', 1, 'CIN', 'L 24-27', 0, 0, 0, 33, 0, 3, 16, 0, 0, 0, 0, 0, 0, 7.9),
(637, 40, 13, '1993-11-28', 0, 'AZ', 'W 19-17', 0, 0, 0, 18, 0, 2, 63, 0, 0, 0, 0, 0, 0, 10.1),
(638, 40, 14, '1993-09-19', 0, 'LAR', 'W 20-10', 0, 0, 0, 134, 1, 3, 40, 0, 0, 0, 0, 3, 0, 29.4),
(639, 40, 15, '1991-12-21', 0, 'HOU', 'W 24-20', 0, 0, 0, 140, 1, 3, 25, 0, 0, 0, 0, 3, 0, 28.5),
(640, 40, 16, '1995-10-01', 1, 'SF', 'L 6-20', 0, 0, 0, 13, 0, 0, 0, 0, 0, 0, 0, 0, 0, 1.3),
(641, 41, 1, '1994-09-19', 1, 'DAL', 'W 20-17', 0, 0, 0, 194, 0, 0, 0, 0, 0, 0, 0, 3, 0, 22.4),
(642, 41, 2, '1994-09-11', 1, 'MIN', 'L 3-10', 0, 0, 0, 16, 0, 4, 22, 0, 0, 0, 0, 0, 0, 7.8),
(643, 41, 3, '1993-11-07', 0, 'TB', 'W 23-0', 0, 0, 0, 187, 0, 2, 2, 0, 0, 0, 0, 3, 0, 23.9),
(644, 41, 4, '1997-12-21', 0, 'NYJ', 'W 13-10', 0, 0, 0, 184, 1, 3, 10, 0, 0, 0, 0, 3, 0, 31.4),
(645, 41, 5, '1994-12-04', 0, 'GB', 'W 34-31', 0, 0, 0, 188, 1, 3, 17, 0, 0, 0, 0, 3, 0, 32.5),
(646, 41, 6, '1989-10-29', 1, 'GB', 'L 20-23', 0, 0, 0, 184, 0, 0, 0, 0, 0, 0, 0, 3, 0, 21.4),
(647, 41, 7, '1997-10-12', 1, 'TB', 'W 27-9', 0, 0, 0, 215, 2, 1, 7, 1, 0, 0, 0, 3, 0, 44.2),
(648, 41, 8, '1997-09-07', 0, 'TB', 'L 17-24', 0, 0, 0, 20, 0, 8, 102, 1, 0, 0, 0, 0, 3, 29.2),
(649, 41, 9, '1998-10-04', 1, 'CHI', 'L 27-31', 0, 0, 0, 28, 0, 2, 17, 0, 0, 0, 0, 0, 0, 6.5),
(650, 41, 10, '1998-09-13', 0, 'CIN', 'L 28-34', 0, 0, 0, 185, 3, 1, 44, 0, 0, 0, 0, 3, 0, 44.9),
(651, 41, 11, '1997-11-23', 0, 'IND', 'W 32-10', 0, 0, 0, 216, 2, 2, 10, 0, 0, 0, 0, 3, 0, 39.6),
(652, 41, 12, '1994-11-13', 0, 'TB', 'W 14-9', 0, 0, 0, 237, 0, 1, 16, 0, 0, 0, 0, 3, 0, 29.3),
(653, 41, 13, '1991-11-24', 1, 'MIN', 'W 34-14', 0, 0, 0, 220, 4, 4, 31, 0, 0, 0, 0, 3, 0, 56.1),
(654, 41, 14, '1995-09-25', 0, 'SF', 'W 27-24', 0, 0, 0, 24, 0, 3, 18, 0, 0, 0, 0, 0, 0, 7.2),
(655, 41, 15, '1998-12-14', 1, 'SF', 'L 13-35', 0, 0, 0, 28, 0, 1, -3, 0, 0, 0, 0, 0, 0, 3.5),
(656, 41, 16, '1990-10-28', 1, 'NO', 'W 27-10', 0, 0, 0, 10, 1, 5, 72, 0, 0, 0, 0, 0, 0, 19.2),
(657, 42, 1, '1980-10-26', 1, 'KC', 'L 17-20', 0, 0, 0, 155, 2, 2, 29, 0, 0, 0, 0, 3, 0, 35.4),
(658, 42, 2, '1980-10-05', 1, 'ATL', 'L 28-43', 0, 0, 0, 21, 0, 2, -5, 0, 0, 0, 0, 0, 0, 3.6),
(659, 42, 3, '1981-10-11', 1, 'DEN', 'L 21-27', 0, 0, 0, 185, 2, 0, 0, 0, 0, 0, 0, 3, 0, 33.5),
(660, 42, 4, '1980-11-02', 0, 'SF', 'W 17-13', 0, 0, 0, 37, 0, 11, 96, 1, 0, 0, 0, 0, 0, 30.3),
(661, 42, 5, '1982-12-19', 0, 'MIN', 'L 31-34', 0, 0, 0, 22, 1, 2, 0, 0, 0, 0, 0, 0, 0, 10.2),
(662, 42, 6, '1983-11-20', 1, 'GB', 'W 23-20', 0, 0, 0, 189, 0, 5, 47, 0, 0, 0, 0, 3, 0, 31.6),
(663, 42, 7, '1983-09-04', 1, 'TB', 'W 11-0', 0, 0, 0, 37, 0, 3, 31, 0, 0, 0, 0, 0, 0, 9.8),
(664, 42, 8, '1980-09-28', 0, 'MIN', 'W 27-7', 0, 0, 0, 157, 0, 3, 26, 0, 0, 0, 0, 3, 0, 24.3),
(665, 42, 9, '1982-09-12', 0, 'CHI', 'W 17-10', 0, 0, 0, 33, 1, 3, 25, 0, 0, 0, 0, 0, 0, 14.8),
(666, 42, 10, '1980-09-07', 1, 'LAR', 'W 41-20', 0, 0, 0, 153, 3, 2, 64, 0, 0, 0, 0, 3, 0, 44.7),
(667, 42, 11, '1980-09-14', 1, 'GB', 'W 29-7', 0, 0, 0, 134, 1, 2, 94, 1, 0, 0, 0, 3, 0, 39.8),
(668, 42, 12, '1984-09-09', 1, 'ATL', 'W 27-24', 0, 0, 0, 140, 1, 1, 5, 0, 0, 0, 0, 3, 0, 24.5),
(669, 42, 13, '1983-12-05', 0, 'MIN', 'W 13-2', 0, 0, 0, 137, 0, 0, 0, 0, 0, 0, 0, 3, 0, 16.7),
(670, 42, 14, '1981-09-27', 0, 'OAK', 'W 16-0', 0, 0, 0, 133, 1, 1, 7, 0, 0, 0, 0, 3, 0, 24),
(671, 42, 15, '1980-12-14', 0, 'TB', 'W 27-14', 0, 0, 0, 16, 1, 3, 13, 0, 0, 0, 0, 0, 0, 11.9),
(672, 42, 16, '1981-11-08', 1, 'WAS', 'L 31-33', 0, 0, 0, 159, 2, 2, 34, 0, 0, 0, 0, 3, 0, 36.3),
(673, 43, 1, '2008-10-05', 1, 'PHI', 'W 23-17', 0, 0, 0, 145, 1, 2, 13, 0, 0, 0, 0, 3, 0, 26.8),
(674, 43, 2, '2007-11-04', 1, 'NYJ', 'W 23-20', 0, 0, 0, 196, 1, 0, 0, 0, 0, 0, 0, 3, 0, 28.6),
(675, 43, 3, '2008-10-19', 0, 'CLE', 'W 14-11', 0, 0, 0, 175, 1, 1, 8, 0, 0, 0, 0, 3, 0, 28.3),
(676, 43, 4, '2004-12-05', 0, 'NYG', 'W 31-7', 0, 0, 0, 148, 1, 3, 14, 1, 0, 0, 0, 3, 0, 34.2),
(677, 43, 5, '2005-11-13', 1, 'TB', 'L 35-36', 0, 0, 0, 144, 1, 2, 9, 0, 0, 0, 0, 3, 0, 26.3),
(678, 43, 6, '2004-11-07', 1, 'DET', 'W 17-10', 15, 1, 0, 147, 0, 1, 11, 0, 0, 0, 0, 3, 0, 24.4),
(679, 43, 7, '2004-10-17', 1, 'CHI', 'W 13-10', 0, 0, 0, 171, 0, 1, 11, 0, 0, 0, 0, 3, 0, 22.2),
(680, 43, 8, '2004-09-12', 0, 'TB', 'W 16-10', 0, 0, 0, 148, 1, 4, 15, 0, 0, 0, 0, 3, 0, 29.3),
(681, 43, 9, '2008-11-23', 1, 'SEA', 'W 20-17', 0, 0, 0, 143, 0, 2, 16, 0, 0, 0, 0, 3, 0, 20.9),
(682, 43, 10, '2007-11-11', 0, 'PHI', 'L 25-33', 0, 0, 0, 137, 0, 4, 20, 0, 0, 0, 0, 3, 0, 22.7),
(683, 43, 11, '2007-10-28', 1, 'NE', 'L 7-52', 0, 0, 0, 27, 0, 5, 54, 0, 0, 0, 0, 0, 0, 13.1),
(684, 43, 12, '2008-11-30', 0, 'NYG', 'L 7-23', 0, 0, 0, 22, 0, 1, 15, 0, 0, 0, 0, 0, 0, 4.7),
(685, 43, 13, '2008-12-07', 1, 'BAL', 'L 10-24', 0, 0, 0, 32, 0, 3, 14, 0, 0, 0, 0, 0, 0, 7.6),
(686, 43, 14, '2010-09-19', 0, 'HOU', 'L 27-30', 0, 0, 0, 33, 2, 0, 0, 0, 0, 0, 0, 0, 0, 15.3),
(687, 43, 15, '2004-12-26', 1, 'DAL', 'L 10-13', 0, 0, 0, 32, 0, 0, 0, 0, 0, 0, 0, 0, 0, 3.2),
(688, 43, 16, '2007-11-18', 1, 'DAL', 'L 23-28', 0, 0, 0, 36, 0, 2, 9, 0, 0, 0, 0, 0, 0, 6.5),
(689, 44, 1, '1978-09-24', 0, 'NYJ', 'W 23-3', 0, 0, 0, 114, 0, 3, 16, 0, 0, 0, 0, 3, 0, 19),
(690, 44, 2, '1981-11-08', 0, 'DET', 'W 33-31', 0, 0, 0, 28, 0, 0, 0, 0, 0, 0, 0, 0, 0, 2.8),
(691, 44, 3, '1985-11-18', 0, 'NYG', 'W 23-21', 0, 0, 0, 7, 1, 1, 1, 0, 0, 0, 0, 0, 0, 7.8),
(692, 44, 4, '1979-12-16', 1, 'DAL', 'L 34-35', 0, 0, 0, 151, 2, 0, 0, 0, 0, 0, 0, 3, 0, 30.1),
(693, 44, 5, '1984-09-23', 1, 'NE', 'W 26-10', 0, 0, 0, 140, 1, 0, 0, 0, 0, 0, 0, 3, 0, 23),
(694, 44, 6, '1979-10-21', 0, 'PHI', 'W 17-7', 0, 0, 0, 120, 0, 1, 2, 0, 0, 0, 0, 3, 0, 16.2),
(695, 44, 7, '1976-10-17', 0, 'DET', 'W 20-7', 0, 0, 0, 25, 0, 0, 0, 0, 0, 0, 0, 0, 0, 2.5),
(696, 44, 8, '1981-10-11', 1, 'CHI', 'W 24-7', 0, 0, 0, 126, 2, 0, 0, 0, 0, 0, 0, 3, 0, 27.6),
(697, 44, 9, '1976-10-10', 0, 'KC', 'L 30-33', 0, 0, 0, 24, 1, 3, 28, 0, 0, 0, 0, 0, 0, 14.2),
(698, 44, 10, '1979-10-07', 1, 'PHI', 'L 17-28', 0, 0, 0, 115, 1, 4, 9, 1, 0, 0, 0, 3, 0, 31.4),
(699, 44, 11, '1982-09-19', 1, 'TB', 'W 21-13', 0, 0, 0, 136, 0, 2, 15, 0, 0, 0, 0, 3, 0, 20.1),
(700, 44, 12, '1983-10-09', 1, 'LAR', 'W 38-14', 0, 0, 0, 115, 3, 0, 0, 0, 0, 0, 0, 3, 0, 32.5),
(701, 44, 13, '1984-10-14', 0, 'DAL', 'W 34-14', 0, 0, 0, 165, 0, 0, 0, 0, 0, 0, 0, 3, 0, 19.5),
(702, 44, 14, '1984-09-10', 1, 'SF', 'L 31-37', 0, 0, 0, 12, 2, 1, 0, 0, 0, 0, 0, 0, 0, 14.2),
(703, 44, 15, '1978-11-12', 0, 'NYG', 'W 16-13', 0, 0, 0, 29, 0, 1, 4, 0, 0, 0, 0, 0, 0, 4.3),
(704, 44, 16, '1983-12-17', 0, 'NYG', 'W 31-22', 0, 0, 0, 122, 1, 0, 0, 0, 0, 0, 0, 3, 0, 21.2),
(705, 45, 1, '1995-12-10', 0, 'DAL', 'W 20-17', 0, 0, 0, 112, 1, 6, 36, 0, 0, 0, 0, 3, 0, 29.8),
(706, 45, 2, '1995-09-03', 0, 'TB', 'L 6-21', 0, 0, 0, 37, 0, 5, 34, 0, 0, 0, 0, 0, 0, 12.1),
(707, 45, 3, '1997-11-16', 1, 'BAL', 'T 10-10', 0, 0, 0, 37, 0, 4, 33, 0, 0, 0, 0, 0, 0, 11),
(708, 45, 4, '1995-12-24', 1, 'CHI', 'L 14-20', 0, 0, 0, 13, 0, 3, 12, 0, 0, 0, 0, 0, 0, 5.5),
(709, 45, 5, '1996-09-09', 1, 'GB', 'L 13-39', 0, 0, 0, 38, 1, 1, 1, 0, 0, 0, 0, 0, 0, 10.9),
(710, 45, 6, '1996-09-22', 1, 'ATL', 'W 33-18', 0, 0, 0, 121, 2, 3, 27, 0, 0, 0, 0, 3, 0, 32.8),
(711, 45, 7, '1995-10-08', 0, 'WAS', 'W 37-34', 0, 0, 0, 139, 0, 11, 90, 0, 0, 0, 0, 3, 0, 36.9),
(712, 45, 8, '1996-10-13', 1, 'NYG', 'W 19-10', 0, 0, 0, 110, 0, 2, 8, 0, 0, 0, 0, 3, 0, 16.8),
(713, 45, 9, '1997-09-15', 1, 'DAL', 'L 20-21', 0, 0, 0, 106, 0, 5, 14, 0, 0, 0, 0, 3, 0, 20),
(714, 45, 10, '1995-11-26', 1, 'WAS', 'W 14-7', 0, 0, 0, 124, 2, 4, 14, 0, 0, 0, 0, 3, 0, 32.8),
(715, 45, 11, '1996-11-03', 1, 'DAL', 'W 31-21', 0, 0, 0, 116, 1, 1, 3, 0, 0, 0, 0, 3, 0, 21.9),
(716, 45, 12, '1996-10-27', 0, 'CAR', 'W 20-9', 0, 0, 0, 33, 1, 2, 9, 0, 0, 0, 0, 0, 0, 12.2),
(717, 45, 13, '1996-09-15', 0, 'DET', 'W 24-17', 0, 0, 0, 153, 1, 6, 57, 0, 0, 0, 0, 3, 0, 36),
(718, 45, 14, '1995-10-15', 1, 'NYG', 'W 17-14', 0, 0, 0, 122, 1, 0, 0, 0, 0, 0, 0, 3, 0, 21.2),
(719, 45, 15, '1995-10-29', 0, 'LAR', 'W 20-9', 0, 0, 0, 38, 0, 2, 17, 0, 0, 0, 0, 0, 0, 7.5),
(720, 45, 16, '1996-10-20', 0, 'MIA', 'W 35-28', 0, 0, 0, 173, 1, 3, 23, 0, 0, 0, 0, 3, 0, 31.6),
(721, 46, 1, '2004-10-03', 1, 'CHI', 'W 19-9', 0, 0, 0, 119, 0, 9, 63, 0, 0, 0, 0, 3, 0, 30.2),
(722, 46, 2, '2008-10-05', 0, 'WAS', 'L 17-23', 0, 0, 0, 33, 1, 6, 51, 0, 0, 0, 0, 0, 0, 20.4),
(723, 46, 3, '2006-10-08', 0, 'DAL', 'W 38-24', 0, 0, 0, 33, 1, 5, 53, 0, 0, 0, 0, 0, 0, 19.6),
(724, 46, 4, '2008-12-07', 1, 'NYG', 'W 20-14', 0, 0, 0, 131, 1, 6, 72, 1, 0, 0, 0, 3, 0, 41.3),
(725, 46, 5, '2004-12-05', 0, 'GB', 'W 47-17', 0, 0, 0, 37, 0, 11, 156, 3, 0, 0, 0, 0, 3, 51.3),
(726, 46, 6, '2006-09-24', 1, 'SF', 'W 38-24', 0, 0, 0, 117, 2, 4, 47, 1, 0, 0, 0, 3, 0, 41.4),
(727, 46, 7, '2008-10-26', 0, 'ATL', 'W 27-14', 0, 0, 0, 167, 2, 6, 42, 0, 0, 0, 0, 3, 0, 41.9),
(728, 46, 8, '2006-12-25', 1, 'DAL', 'W 23-7', 0, 0, 0, 122, 0, 2, 6, 0, 0, 0, 0, 3, 0, 17.8),
(729, 46, 9, '2004-09-12', 0, 'NYG', 'W 31-17', 0, 0, 0, 119, 0, 3, 42, 0, 0, 0, 0, 3, 0, 22.1),
(730, 46, 10, '2007-11-18', 0, 'MIA', 'W 17-7', 0, 0, 0, 148, 0, 1, 0, 0, 0, 0, 0, 3, 0, 18.8),
(731, 46, 11, '2005-10-23', 0, 'SD', 'W 20-17', 0, 0, 0, 25, 0, 10, 75, 0, 0, 0, 0, 0, 0, 20),
(732, 46, 12, '2008-11-09', 0, 'NYG', 'L 31-36', 0, 0, 0, 26, 0, 3, 33, 0, 0, 0, 0, 0, 0, 8.9),
(733, 46, 13, '2005-11-27', 0, 'GB', 'W 19-14', 0, 0, 0, 120, 1, 4, 11, 0, 0, 0, 0, 3, 0, 26.1),
(734, 46, 14, '2005-11-06', 1, 'WAS', 'L 10-17', 0, 0, 0, 24, 0, 4, 55, 0, 0, 0, 0, 0, 0, 11.9),
(735, 46, 15, '2007-10-14', 1, 'NYJ', 'W 16-9', 0, 0, 0, 120, 0, 6, 36, 0, 0, 0, 0, 3, 0, 24.6),
(736, 46, 16, '2006-11-26', 1, 'IND', 'L 21-45', 0, 0, 0, 124, 1, 7, 46, 0, 0, 0, 0, 3, 0, 33),
(737, 47, 1, '2002-09-29', 0, 'CLE', 'W 16-13', 0, 0, 0, 24, 0, 0, 0, 0, 0, 0, 0, 0, 0, 2.4),
(738, 47, 2, '2001-09-09', 1, 'JAX', 'L 3-21', 0, 0, 0, 28, 0, 1, 2, 0, 0, 0, 0, 0, 0, 4),
(739, 47, 3, '2001-10-21', 1, 'TB', 'W 17-10', 32, 1, 0, 143, 1, 1, 8, 0, 0, 0, 0, 3, 0, 30.38),
(740, 47, 4, '1999-12-02', 1, 'JAX', 'L 6-20', 0, 0, 0, 23, 0, 1, 14, 0, 0, 0, 0, 0, 0, 4.7),
(741, 47, 5, '1998-12-28', 1, 'JAX', 'L 3-21', 0, 0, 0, 139, 0, 4, 24, 0, 0, 0, 0, 3, 0, 23.3),
(742, 47, 6, '1998-11-01', 0, 'TEN', 'L 31-41', 0, 0, 0, 26, 0, 1, 6, 0, 0, 0, 0, 0, 0, 4.2),
(743, 47, 7, '1999-10-10', 1, 'BUF', 'L 21-24', 0, 0, 0, 24, 1, 2, 10, 0, 0, 0, 0, 0, 0, 11.4),
(744, 47, 8, '1997-10-05', 1, 'BAL', 'W 42-34', 0, 0, 0, 137, 0, 0, 0, 0, 0, 0, 0, 3, 0, 16.7),
(745, 47, 9, '1997-10-12', 0, 'IND', 'W 24-22', 0, 0, 0, 164, 1, 1, 14, 0, 0, 0, 0, 3, 0, 27.8),
(746, 47, 10, '1998-11-15', 1, 'TEN', 'L 14-23', 0, 0, 0, 29, 0, 2, 10, 0, 0, 0, 0, 0, 0, 5.9),
(747, 47, 11, '2001-10-07', 0, 'CIN', 'W 16-7', 0, 0, 0, 153, 0, 1, 7, 0, 0, 0, 0, 3, 0, 20),
(748, 47, 12, '2004-11-07', 0, 'PHI', 'W 27-3', 0, 0, 0, 149, 0, 0, 0, 0, 0, 0, 0, 3, 0, 17.9),
(749, 47, 13, '1997-11-30', 1, 'AZ', 'W 26-20', 0, 0, 0, 142, 3, 2, 19, 0, 0, 0, 0, 3, 0, 39.1),
(750, 47, 14, '2004-12-18', 1, 'NYG', 'W 33-30', 0, 0, 0, 140, 1, 1, 3, 0, 0, 0, 0, 3, 0, 24.3),
(751, 47, 15, '2001-11-11', 1, 'CLE', 'W 15-12', 0, 0, 0, 163, 0, 1, 0, 0, 0, 0, 0, 3, 0, 20.3),
(752, 47, 16, '1998-09-27', 0, 'SEA', 'W 13-10', 0, 0, 0, 138, 0, 2, -4, 0, 0, 0, 0, 3, 0, 18.4),
(753, 48, 1, '1972-10-22', 0, 'NE', 'W 33-3', 0, 0, 0, 27, 0, 0, 0, 0, 0, 0, 0, 0, 0, 2.7),
(754, 48, 2, '1975-11-02', 1, 'CIN', 'W 30-24', 0, 0, 0, 157, 0, 2, 0, 0, 0, 0, 0, 3, 0, 20.7),
(755, 48, 3, '1974-10-28', 0, 'ATL', 'W 24-17', 0, 0, 0, 141, 1, 2, 37, 0, 0, 0, 0, 3, 0, 28.8),
(756, 48, 4, '1974-11-17', 1, 'CLE', 'W 26-16', 0, 0, 0, 156, 0, 0, 0, 0, 0, 0, 0, 3, 0, 18.6),
(757, 48, 5, '1977-12-18', 1, 'SD', 'W 10-9', 0, 0, 0, 15, 0, 0, 0, 0, 0, 0, 0, 0, 0, 1.5),
(758, 48, 6, '1978-12-16', 1, 'DEN', 'W 21-17', 0, 0, 0, 21, 1, 1, 7, 0, 0, 0, 0, 0, 0, 9.8),
(759, 48, 7, '1979-10-07', 1, 'CLE', 'W 51-35', 0, 0, 0, 153, 2, 0, 0, 0, 0, 0, 0, 3, 0, 30.3),
(760, 48, 8, '1972-10-29', 1, 'BUF', 'W 38-21', 0, 0, 0, 138, 2, 1, 17, 1, 0, 0, 0, 3, 0, 37.5),
(761, 48, 9, '1983-09-04', 0, 'DEN', 'L 10-14', 0, 0, 0, 27, 1, 4, 30, 0, 0, 0, 0, 0, 0, 15.7),
(762, 48, 10, '1979-11-25', 0, 'CLE', 'W 33-30', 0, 0, 0, 151, 2, 9, 81, 1, 0, 0, 0, 3, 0, 53.2),
(763, 48, 11, '1981-12-07', 1, 'OAK', 'L 27-30', 0, 0, 0, 15, 0, 5, 24, 0, 0, 0, 0, 0, 0, 8.9),
(764, 48, 12, '1975-11-24', 1, 'HOU', 'W 32-9', 0, 0, 0, 149, 2, 1, -2, 0, 0, 0, 0, 3, 0, 30.7),
(765, 48, 13, '1972-11-19', 1, 'CLE', 'L 24-26', 0, 0, 0, 136, 1, 1, 1, 0, 0, 0, 0, 3, 0, 23.7),
(766, 48, 14, '1972-09-17', 0, 'OAK', 'W 34-28', 0, 0, 0, 28, 0, 2, 16, 0, 0, 0, 0, 0, 0, 6.4),
(767, 48, 15, '1976-10-17', 0, 'CIN', 'W 23-6', 0, 0, 0, 143, 2, 0, 0, 0, 0, 0, 0, 3, 0, 29.3),
(768, 48, 16, '1977-11-20', 0, 'DAL', 'W 28-13', 0, 0, 0, 179, 2, 0, 0, 0, 0, 0, 0, 3, 0, 32.9),
(769, 49, 1, '1983-10-02', 0, 'DET', 'W 21-10', 0, 0, 0, 199, 3, 3, 21, 0, 0, 0, 0, 3, 0, 46),
(770, 49, 2, '1984-12-09', 0, 'HOU', 'W 27-16', 0, 0, 0, 215, 2, 0, 0, 0, 0, 0, 0, 3, 0, 36.5),
(771, 49, 3, '1984-09-16', 1, 'PIT', 'L 14-24', 0, 0, 0, 49, 0, 3, 16, 0, 0, 0, 0, 0, 0, 9.5),
(772, 49, 4, '1984-11-25', 1, 'TB', 'W 34-33', 0, 0, 0, 191, 3, 1, 3, 0, 0, 0, 0, 3, 0, 41.4),
(773, 49, 5, '1986-11-09', 1, 'NO', 'L 0-6', 0, 0, 0, 57, 0, 5, 12, 0, 0, 0, 0, 0, 0, 11.9),
(774, 49, 6, '1983-09-25', 1, 'NYJ', 'L 24-27', 0, 0, 0, 192, 2, 5, 45, 0, 0, 0, 0, 3, 0, 43.7),
(775, 49, 7, '1985-10-06', 0, 'MIN', 'W 13-10', 0, 0, 0, 55, 1, 1, 7, 0, 0, 0, 0, 0, 0, 13.2),
(776, 49, 8, '1983-11-20', 0, 'WAS', 'L 20-42', 0, 0, 0, 37, 0, 1, 12, 0, 0, 0, 0, 0, 0, 5.9),
(777, 49, 9, '1985-09-23', 1, 'SEA', 'W 35-24', 0, 0, 0, 150, 3, 1, 33, 0, 0, 0, 0, 3, 0, 40.3),
(778, 49, 10, '1984-10-28', 0, 'SF', 'L 0-33', 0, 0, 0, 38, 0, 3, 19, 0, 0, 0, 0, 0, 0, 8.7),
(779, 49, 11, '1986-09-07', 1, 'LAR', 'W 16-10', 0, 0, 0, 193, 2, 0, 0, 0, 0, 0, 0, 3, 0, 34.3),
(780, 49, 12, '1984-11-04', 1, 'LAR', 'W 16-13', 0, 0, 0, 208, 0, 0, 0, 0, 0, 0, 0, 3, 0, 23.8),
(781, 49, 13, '1984-10-14', 1, 'NO', 'W 28-10', 0, 0, 0, 175, 0, 0, 0, 0, 0, 0, 0, 3, 0, 20.5),
(782, 49, 14, '1986-10-26', 0, 'ATL', 'W 14-7', 15, 1, 0, 170, 0, 0, 0, 0, 0, 0, 0, 3, 0, 24.6),
(783, 49, 15, '1986-10-05', 0, 'TB', 'W 26-20', 0, 0, 0, 207, 2, 2, 38, 0, 0, 0, 0, 3, 0, 41.5),
(784, 49, 16, '1985-11-17', 1, 'ATL', 'L 14-30', 0, 0, 0, 41, 1, 0, 0, 0, 0, 0, 0, 0, 0, 10.1),
(785, 50, 1, '2004-12-19', 1, 'AZ', 'L 7-31', 0, 0, 0, 22, 0, 1, 13, 0, 0, 0, 0, 0, 0, 4.5),
(786, 50, 2, '2002-12-30', 0, 'SF', 'W 31-20', 0, 0, 0, 43, 0, 6, 30, 0, 0, 0, 0, 0, 0, 13.3),
(787, 50, 3, '2002-10-13', 0, 'OAK', 'W 28-13', 0, 0, 0, 158, 0, 4, 22, 1, 0, 0, 0, 3, 0, 31),
(788, 50, 4, '2002-09-08', 1, 'DEN', 'L 16-23', 0, 0, 0, 19, 1, 14, 91, 0, 0, 0, 0, 0, 0, 31),
(789, 50, 5, '2000-12-24', 1, 'NO', 'W 26-21', 0, 0, 0, 220, 2, 7, 41, 1, 0, 0, 0, 3, 0, 54.1),
(790, 50, 6, '2002-10-20', 0, 'SEA', 'W 37-20', 0, 0, 0, 183, 3, 7, 52, 1, 0, 0, 0, 3, 0, 57.5),
(791, 50, 7, '2002-12-08', 1, 'KC', 'L 10-49', 0, 0, 0, 13, 0, 4, 35, 0, 0, 0, 0, 0, 0, 8.8),
(792, 50, 8, '2002-11-03', 1, 'AZ', 'W 27-14', 0, 0, 0, 178, 1, 5, 58, 0, 0, 0, 0, 3, 0, 37.6),
(793, 50, 9, '1999-12-12', 1, 'NO', 'W 30-14', 0, 0, 0, 154, 1, 5, 56, 1, 0, 0, 0, 3, 0, 41),
(794, 50, 10, '2002-01-06', 0, 'ATL', 'W 31-13', 0, 0, 0, 168, 1, 5, 58, 0, 0, 0, 0, 3, 0, 36.6),
(795, 50, 11, '1999-12-26', 0, 'CHI', 'W 34-12', 0, 0, 0, 54, 0, 12, 204, 1, 0, 0, 0, 0, 3, 46.8),
(796, 50, 12, '2001-12-23', 1, 'CAR', 'W 38-32', 0, 0, 0, 202, 2, 3, 50, 0, 0, 0, 0, 3, 0, 43.2),
(797, 50, 13, '2001-11-11', 0, 'CAR', 'W 48-14', 0, 0, 0, 183, 2, 4, 14, 0, 0, 0, 0, 3, 0, 38.7),
(798, 50, 14, '1999-10-17', 1, 'ATL', 'W 41-13', 0, 0, 0, 181, 1, 3, 32, 0, 0, 0, 0, 3, 0, 33.3),
(799, 50, 15, '2006-01-01', 1, 'DAL', 'W 20-10', 0, 0, 0, 25, 0, 2, 9, 0, 0, 0, 0, 0, 0, 5.4),
(800, 50, 16, '2000-10-15', 0, 'ATL', 'W 45-29', 0, 0, 0, 208, 1, 7, 78, 0, 0, 0, 0, 3, 0, 44.6),
(801, 51, 1, '1984-09-16', 0, 'NO', 'W 30-20', 0, 0, 0, 21, 0, 7, 57, 0, 0, 0, 0, 0, 0, 14.8),
(802, 51, 2, '1989-11-12', 0, 'ATL', 'W 45-3', 0, 0, 0, 109, 0, 2, 15, 0, 0, 0, 0, 3, 0, 17.4),
(803, 51, 3, '1984-09-30', 0, 'ATL', 'W 14-5', 0, 0, 0, 23, 0, 3, 15, 0, 0, 0, 0, 0, 0, 6.8),
(804, 51, 4, '1988-09-25', 1, 'SEA', 'W 38-7', 0, 0, 0, 107, 0, 6, 38, 0, 0, 0, 0, 3, 0, 23.5),
(805, 51, 5, '1986-12-01', 0, 'NYG', 'L 17-21', 0, 0, 0, 24, 1, 2, 83, 1, 0, 0, 0, 0, 0, 24.7),
(806, 51, 6, '1985-11-11', 1, 'DEN', 'L 16-17', 0, 0, 0, 117, 0, 3, 21, 0, 0, 0, 0, 3, 0, 19.8),
(807, 51, 7, '1985-09-15', 0, 'ATL', 'W 35-16', 0, 0, 0, 107, 2, 6, 77, 0, 0, 0, 0, 3, 0, 39.4),
(808, 51, 8, '1989-09-10', 1, 'IND', 'W 30-24', 0, 0, 0, 131, 2, 1, 0, 0, 0, 0, 0, 3, 0, 29.1),
(809, 51, 9, '1988-10-09', 0, 'DEN', 'L 13-16', 0, 0, 0, 143, 0, 2, 18, 0, 0, 0, 0, 3, 0, 21.1),
(810, 51, 10, '1984-09-23', 1, 'PHI', 'W 21-9', 0, 0, 0, 26, 0, 3, 23, 0, 0, 0, 0, 0, 0, 7.9),
(811, 51, 11, '1988-09-11', 1, 'NYG', 'W 20-17', 0, 0, 0, 110, 0, 9, 69, 0, 0, 0, 0, 3, 0, 29.9),
(812, 51, 12, '1988-11-06', 1, 'AZ', 'L 23-24', 0, 0, 0, 162, 1, 1, 0, 0, 0, 0, 0, 3, 0, 26.2),
(813, 51, 13, '1988-10-16', 1, 'LAR', 'W 24-21', 0, 0, 0, 190, 3, 5, 12, 0, 0, 0, 0, 3, 0, 46.2),
(814, 51, 14, '1983-12-19', 0, 'DAL', 'W 42-17', 0, 0, 0, 16, 0, 10, 61, 0, 0, 0, 0, 0, 0, 17.7),
(815, 51, 15, '1988-12-11', 0, 'NO', 'W 30-17', 0, 0, 0, 115, 1, 2, 7, 0, 0, 0, 0, 3, 0, 23.2),
(816, 51, 16, '1985-09-22', 1, 'OAK', 'W 34-10', 0, 0, 0, 26, 0, 2, 2, 0, 0, 0, 0, 0, 0, 4.8),
(817, 52, 1, '1997-09-29', 1, 'CAR', 'W 34-21', 0, 0, 0, 141, 1, 3, 13, 0, 0, 0, 0, 3, 0, 27.4),
(818, 52, 2, '1998-12-06', 1, 'CAR', 'W 31-28', 0, 0, 0, 139, 1, 2, 28, 0, 0, 0, 0, 3, 0, 27.7),
(819, 52, 3, '1997-09-14', 0, 'NO', 'W 33-7', 0, 0, 0, 29, 0, 4, 23, 1, 0, 0, 0, 0, 0, 15.2),
(820, 52, 4, '1998-09-14', 1, 'WAS', 'W 45-10', 0, 0, 0, 138, 1, 1, 12, 0, 0, 0, 0, 3, 0, 25),
(821, 52, 5, '1998-09-06', 0, 'NYJ', 'W 36-30', 0, 0, 0, 187, 2, 2, 38, 0, 0, 0, 0, 3, 0, 39.5),
(822, 52, 6, '2001-11-11', 0, 'NO', 'W 28-27', 0, 0, 0, 145, 0, 3, 15, 0, 0, 0, 0, 3, 0, 22),
(823, 52, 7, '2003-10-19', 0, 'TB', 'W 24-7', 0, 0, 0, 117, 1, 3, 38, 0, 0, 0, 0, 3, 0, 27.5),
(824, 52, 8, '2002-12-01', 0, 'SEA', 'W 31-24', 0, 0, 0, 124, 3, 2, 28, 0, 0, 0, 0, 3, 0, 38.2),
(825, 52, 9, '1998-12-14', 0, 'DET', 'W 35-13', 0, 0, 0, 198, 1, 0, 0, 0, 0, 0, 0, 3, 0, 28.8),
(826, 52, 10, '2001-12-30', 1, 'DAL', 'L 21-27', 0, 0, 0, 35, 0, 2, 3, 0, 0, 0, 0, 0, 0, 5.8),
(827, 52, 11, '1997-09-21', 0, 'ATL', 'W 34-7', 0, 0, 0, 33, 0, 2, 83, 0, 0, 0, 0, 0, 0, 13.6),
(828, 52, 12, '1998-10-04', 1, 'BUF', 'L 21-26', 0, 0, 0, 28, 0, 5, 38, 0, 0, 0, 0, 0, 0, 11.6),
(829, 52, 13, '1998-12-27', 0, 'LAR', 'W 38-19', 0, 0, 0, 21, 0, 3, 58, 0, 0, 0, 0, 0, 0, 10.9),
(830, 52, 14, '2002-11-03', 1, 'OAK', 'W 23-20', 0, 0, 0, 36, 0, 3, 12, 0, 0, 0, 0, 0, 0, 7.8),
(831, 52, 15, '2001-12-02', 0, 'BUF', 'W 35-0', 0, 0, 0, 124, 1, 2, 18, 0, 0, 0, 0, 3, 0, 25.2),
(832, 52, 16, '1998-11-30', 0, 'NYG', 'W 31-7', 0, 0, 0, 166, 1, 2, 7, 0, 0, 0, 0, 3, 0, 28.3),
(833, 53, 1, '1958-11-30', 0, 'WAS', 'W 21-14', 0, 0, 0, 12, 0, 1, 21, 0, 0, 0, 0, 0, 0, 4.3),
(834, 53, 2, '1959-11-01', 1, 'BAL', 'W 38-31', 0, 0, 0, 178, 5, 1, 0, 0, 0, 0, 0, 3, 0, 51.8),
(835, 53, 3, '1963-12-01', 1, 'LAR', 'W 24-10', 0, 0, 0, 179, 2, 0, 0, 0, 0, 0, 0, 3, 0, 32.9),
(836, 53, 4, '1964-10-18', 1, 'DAL', 'W 20-16', 0, 0, 0, 188, 0, 1, 9, 0, 0, 0, 0, 3, 0, 23.7),
(837, 53, 5, '1963-09-22', 1, 'DAL', 'W 41-24', 0, 0, 0, 232, 2, 0, 0, 0, 0, 0, 0, 3, 0, 38.2),
(838, 53, 6, '1962-10-14', 0, 'BAL', 'L 14-36', 0, 0, 0, 11, 0, 3, 85, 1, 0, 0, 0, 0, 0, 18.6),
(839, 53, 7, '1961-11-19', 0, 'PHI', 'W 45-24', 0, 0, 0, 237, 4, 3, 52, 0, 0, 0, 0, 3, 0, 58.9),
(840, 53, 8, '1965-12-12', 1, 'LAR', 'L 7-42', 0, 0, 0, 20, 0, 3, 13, 0, 0, 0, 0, 0, 0, 6.3),
(841, 53, 9, '1961-10-08', 0, 'WAS', 'W 31-7', 0, 0, 0, 24, 0, 7, 41, 0, 0, 0, 0, 0, 0, 13.5),
(842, 53, 10, '1958-10-26', 1, 'AZ', 'W 38-24', 0, 0, 0, 180, 4, 2, -10, 0, 0, 0, 0, 3, 0, 46),
(843, 53, 11, '1960-11-06', 0, 'NYG', 'L 13-17', 0, 0, 0, 29, 0, 1, -6, 0, 0, 0, 0, 0, 0, 3.3),
(844, 53, 12, '1958-10-12', 0, 'AZ', 'W 35-28', 0, 0, 0, 182, 3, 1, 8, 0, 0, 0, 0, 3, 0, 41),
(845, 53, 13, '1965-10-24', 1, 'NYG', 'W 38-14', 39, 1, 0, 177, 0, 3, 18, 1, 0, 0, 0, 3, 0, 37.06),
(846, 53, 14, '1963-11-03', 1, 'PHI', 'W 23-17', 0, 0, 0, 223, 1, 0, 0, 0, 0, 0, 0, 3, 0, 31.3),
(847, 53, 15, '1957-11-24', 0, 'LAR', 'W 45-31', 0, 0, 0, 237, 4, 3, 21, 0, 0, 0, 0, 3, 0, 55.8),
(848, 53, 16, '1957-10-13', 0, 'PHI', 'W 24-7', 0, 0, 0, 28, 0, 1, 5, 1, 0, 0, 0, 0, 0, 10.3),
(849, 54, 1, '1985-09-16', 0, 'PIT', 'W 17-7', 0, 0, 0, 82, 1, 5, 49, 0, 0, 0, 0, 0, 0, 24.1),
(850, 54, 2, '1984-12-09', 1, 'PIT', 'L 20-23', 0, 0, 0, 103, 0, 0, 0, 0, 0, 0, 0, 3, 0, 13.3),
(851, 54, 3, '1987-11-15', 0, 'BUF', 'W 27-21', 0, 0, 0, 21, 0, 6, 64, 0, 0, 0, 0, 0, 0, 14.5),
(852, 54, 4, '1986-09-07', 1, 'CHI', 'L 31-41', 0, 0, 0, 18, 0, 6, 94, 0, 0, 0, 0, 0, 0, 17.2),
(853, 54, 5, '1987-11-08', 0, 'ATL', 'W 38-3', 0, 0, 0, 29, 2, 4, 40, 1, 0, 0, 0, 0, 0, 28.9),
(854, 54, 6, '1988-09-19', 0, 'IND', 'W 23-17', 0, 0, 0, 22, 0, 2, 27, 0, 0, 0, 0, 0, 0, 6.9),
(855, 54, 7, '1985-09-29', 1, 'SD', 'W 21-7', 0, 0, 0, 83, 0, 2, 12, 1, 0, 0, 0, 0, 0, 17.5),
(856, 54, 8, '1984-12-16', 1, 'HOU', 'W 27-20', 0, 0, 0, 188, 2, 3, 31, 0, 0, 0, 0, 3, 0, 39.9),
(857, 54, 9, '1985-12-22', 1, 'NYJ', 'L 10-37', 0, 0, 0, 101, 0, 1, 4, 0, 0, 0, 0, 3, 0, 14.5),
(858, 54, 10, '1986-10-05', 1, 'PIT', 'W 27-24', 0, 0, 0, 79, 1, 5, 29, 0, 0, 0, 0, 0, 0, 21.8),
(859, 54, 11, '1995-12-17', 0, 'CIN', 'W 26-10', 0, 0, 0, 121, 0, 7, 36, 0, 0, 0, 0, 3, 0, 25.7),
(860, 54, 12, '1985-12-15', 0, 'HOU', 'W 28-21', 0, 0, 0, 87, 0, 3, 13, 0, 0, 0, 0, 0, 0, 13),
(861, 54, 13, '1988-12-04', 0, 'DAL', 'W 24-21', 0, 0, 0, 24, 0, 1, 29, 0, 0, 0, 0, 0, 0, 6.3),
(862, 54, 14, '1985-11-17', 0, 'BUF', 'W 17-7', 0, 0, 0, 109, 1, 4, 20, 0, 0, 0, 0, 3, 0, 25.9),
(863, 54, 15, '1985-09-22', 1, 'DAL', 'L 7-20', 0, 0, 0, 80, 1, 1, 18, 0, 0, 0, 0, 0, 0, 16.8),
(864, 54, 16, '1994-10-13', 1, 'HOU', 'W 11-8', 0, 0, 0, 25, 0, 1, 15, 0, 0, 0, 0, 0, 0, 5),
(865, 55, 1, '2007-11-04', 0, 'NE', 'L 20-24', 0, 0, 0, 112, 0, 5, 114, 1, 0, 0, 0, 3, 3, 39.6),
(866, 55, 2, '2007-10-28', 1, 'CAR', 'W 31-7', 0, 0, 0, 100, 2, 2, 9, 1, 0, 0, 0, 3, 0, 33.9),
(867, 55, 3, '2010-09-19', 0, 'NYG', 'W 38-14', 0, 0, 0, 92, 0, 2, 21, 0, 0, 0, 0, 0, 0, 13.3),
(868, 55, 4, '2008-12-07', 0, 'CIN', 'W 35-3', 0, 0, 0, 26, 0, 2, 14, 0, 0, 0, 0, 0, 0, 6),
(869, 55, 5, '2007-09-06', 0, 'NO', 'W 41-10', 0, 0, 0, 118, 1, 3, 25, 0, 0, 0, 0, 3, 0, 26.3),
(870, 55, 6, '2009-10-11', 1, 'TEN', 'W 31-9', 0, 0, 0, 27, 1, 10, 53, 0, 0, 0, 0, 0, 0, 24),
(871, 55, 7, '2008-09-14', 1, 'MIN', 'W 18-15', 0, 0, 0, 20, 1, 2, 13, 0, 0, 0, 0, 0, 0, 11.3),
(872, 55, 8, '2006-12-10', 1, 'JAX', 'L 17-44', 0, 0, 0, 22, 0, 1, 14, 0, 0, 0, 0, 0, 0, 4.6),
(873, 55, 9, '2011-12-18', 0, 'TEN', 'W 27-13', 0, 0, 0, 20, 0, 2, 7, 0, 0, 0, 0, 0, 0, 4.7),
(874, 55, 10, '2010-10-17', 1, 'WAS', 'W 27-24', 0, 0, 0, 128, 1, 0, 0, 0, 0, 0, 0, 3, 0, 21.8),
(875, 55, 11, '2006-10-29', 1, 'DEN', 'W 34-31', 0, 0, 0, 93, 0, 5, 37, 0, 0, 0, 0, 0, 0, 18),
(876, 55, 12, '2008-11-16', 0, 'HOU', 'W 33-27', 0, 0, 0, 105, 1, 4, 48, 1, 0, 0, 0, 3, 0, 34.3),
(877, 55, 13, '2010-09-26', 1, 'DEN', 'W 27-13', 0, 0, 0, 29, 0, 2, 10, 0, 0, 0, 0, 0, 0, 5.9),
(878, 55, 14, '2006-12-24', 1, 'HOU', 'L 24-27', 0, 0, 0, 100, 0, 4, 8, 0, 0, 0, 0, 3, 0, 17.8),
(879, 55, 15, '2007-09-30', 0, 'DEN', 'W 38-20', 0, 0, 0, 136, 1, 3, 10, 0, 0, 0, 0, 3, 0, 26.6),
(880, 55, 16, '2006-11-26', 0, 'PHI', 'W 45-21', 0, 0, 0, 171, 4, 2, 37, 0, 0, 0, 0, 3, 0, 49.8),
(881, 56, 1, '2002-12-22', 0, 'NYG', 'L 27-44', 0, 0, 0, 13, 0, 3, 2, 0, 0, 0, 0, 0, 0, 4.5),
(882, 56, 2, '2004-09-09', 1, 'NE', 'L 24-27', 0, 0, 0, 142, 0, 3, 29, 0, 0, 0, 0, 3, 0, 23.1),
(883, 56, 3, '2005-12-24', 1, 'SEA', 'L 13-28', 0, 0, 0, 41, 0, 3, 14, 0, 0, 0, 0, 0, 0, 8.5),
(884, 56, 4, '2002-10-27', 1, 'WAS', 'L 21-26', 0, 0, 0, 33, 0, 5, 14, 1, 0, 0, 0, 0, 0, 15.7),
(885, 56, 5, '2004-10-31', 1, 'KC', 'L 35-45', 0, 0, 0, 34, 0, 6, 90, 0, 0, 0, 0, 0, 0, 18.4),
(886, 56, 6, '2002-09-15', 0, 'MIA', 'L 13-21', 0, 0, 0, 138, 0, 8, 82, 0, 0, 0, 0, 3, 0, 33),
(887, 56, 7, '2002-12-15', 1, 'CLE', 'W 28-23', 0, 0, 0, 42, 0, 3, 20, 0, 0, 0, 0, 0, 0, 9.2),
(888, 56, 8, '2000-10-29', 0, 'DET', 'W 30-18', 0, 0, 0, 139, 1, 2, 24, 0, 0, 0, 0, 3, 0, 27.3),
(889, 56, 9, '2003-12-28', 1, 'HOU', 'W 20-17', 0, 0, 0, 171, 1, 5, 35, 0, 0, 0, 0, 3, 0, 34.6),
(890, 56, 10, '2005-10-17', 0, 'LAR', 'W 45-28', 0, 0, 0, 143, 3, 3, 16, 0, 0, 0, 0, 3, 0, 39.9),
(891, 56, 11, '1999-11-21', 1, 'PHI', 'W 44-17', 0, 0, 0, 152, 2, 5, 47, 1, 0, 0, 0, 3, 0, 45.9),
(892, 56, 12, '2004-11-21', 1, 'CHI', 'W 41-10', 0, 0, 0, 204, 1, 1, 11, 0, 0, 0, 0, 3, 0, 31.5),
(893, 56, 13, '2000-10-15', 1, 'SEA', 'W 37-24', 0, 0, 0, 219, 3, 1, 9, 0, 0, 0, 0, 3, 0, 44.8),
(894, 56, 14, '2001-10-21', 0, 'NE', 'L 17-38', 0, 0, 0, 143, 0, 4, 34, 0, 0, 0, 0, 3, 0, 24.7),
(895, 56, 15, '2005-12-18', 0, 'SD', 'L 17-26', 0, 0, 0, 25, 1, 2, 20, 0, 0, 0, 0, 0, 0, 12.5),
(896, 56, 16, '2005-10-23', 1, 'HOU', 'W 38-20', 0, 0, 0, 139, 2, 1, 8, 0, 0, 0, 0, 3, 0, 30.7),
(897, 57, 1, '1987-11-02', 0, 'NYG', 'W 33-24', 0, 0, 0, 3, 0, 1, 2, 0, 0, 0, 0, 0, 0, 1.5),
(898, 57, 2, '1985-09-29', 1, 'HOU', 'W 17-10', 0, 0, 0, 159, 0, 1, 1, 0, 0, 0, 0, 3, 0, 20),
(899, 57, 3, '1986-11-23', 1, 'WAS', 'L 14-41', 0, 0, 0, 13, 0, 1, 16, 0, 0, 0, 0, 0, 0, 3.9),
(900, 57, 4, '1980-10-05', 0, 'NYG', 'W 24-3', 0, 0, 0, 26, 0, 4, 30, 0, 0, 0, 0, 0, 0, 9.6),
(901, 57, 5, '1986-10-12', 0, 'WAS', 'W 30-6', 0, 0, 0, 22, 0, 0, 0, 0, 0, 0, 0, 0, 0, 2.2),
(902, 57, 6, '1978-10-15', 1, 'LAR', 'W 24-21', 0, 0, 0, 24, 0, 4, 21, 0, 0, 0, 0, 0, 0, 8.5),
(903, 57, 7, '1978-09-24', 0, 'LAR', 'W 21-12', 0, 0, 0, 154, 1, 1, 6, 0, 0, 0, 0, 3, 0, 26),
(904, 57, 8, '1981-10-18', 0, 'LAR', 'W 29-17', 0, 0, 0, 159, 1, 1, 22, 0, 0, 0, 0, 3, 0, 28.1),
(905, 57, 9, '1981-12-06', 1, 'BAL', 'W 37-13', 0, 0, 0, 175, 0, 1, 10, 0, 0, 0, 0, 3, 0, 22.5),
(906, 57, 10, '1980-11-09', 1, 'NYG', 'L 35-38', 0, 0, 0, 183, 2, 0, 0, 0, 0, 0, 0, 3, 0, 33.3),
(907, 57, 11, '1978-11-19', 0, 'NO', 'W 27-7', 0, 0, 0, 152, 1, 1, 4, 0, 0, 0, 0, 3, 0, 25.6),
(908, 57, 12, '1983-01-03', 1, 'MIN', 'L 27-31', 0, 0, 0, 153, 1, 1, 5, 0, 0, 0, 0, 3, 0, 25.8),
(909, 57, 13, '1987-11-08', 1, 'DET', 'L 17-27', 0, 0, 0, 29, 0, 1, 5, 0, 0, 0, 0, 0, 0, 4.4),
(910, 57, 14, '1983-09-05', 1, 'WAS', 'W 31-30', 0, 0, 0, 151, 0, 0, 0, 0, 0, 0, 0, 3, 0, 18.1),
(911, 57, 15, '1981-09-21', 1, 'NE', 'W 35-21', 0, 0, 0, 162, 1, 4, 22, 0, 0, 0, 0, 3, 0, 31.4),
(912, 57, 16, '1977-12-04', 0, 'PHI', 'W 24-14', 0, 0, 0, 206, 2, 3, 24, 0, 0, 0, 0, 3, 0, 41),
(913, 58, 1, '2000-11-12', 0, 'CIN', 'W 23-6', 0, 0, 0, 16, 0, 1, 19, 0, 0, 0, 0, 0, 0, 4.5),
(914, 58, 2, '1998-12-06', 1, 'NO', 'L 3-22', 0, 0, 0, 6, 0, 0, 0, 0, 0, 0, 0, 0, 0, 0.6),
(915, 58, 3, '1995-10-29', 1, 'ATL', 'W 28-13', 0, 0, 0, 167, 1, 5, 30, 0, 0, 0, 0, 3, 0, 33.7),
(916, 58, 4, '1992-11-01', 0, 'PHI', 'W 20-10', 0, 0, 0, 163, 0, 1, 9, 0, 0, 0, 0, 3, 0, 21.2),
(917, 58, 5, '1993-10-31', 1, 'PHI', 'W 23-10', 0, 0, 0, 237, 1, 0, 0, 0, 0, 0, 0, 3, 0, 32.7),
(918, 58, 6, '2002-12-29', 1, 'WAS', 'L 14-20', 0, 0, 0, 13, 0, 1, -3, 0, 0, 0, 0, 0, 0, 2),
(919, 58, 7, '1995-09-04', 1, 'NYG', 'W 35-0', 0, 0, 0, 163, 4, 1, 0, 0, 0, 0, 0, 3, 0, 44.3),
(920, 58, 8, '1994-01-02', 1, 'NYG', 'W 16-13', 0, 0, 0, 168, 0, 10, 61, 1, 0, 0, 0, 3, 0, 41.9),
(921, 58, 9, '1993-12-06', 0, 'PHI', 'W 23-17', 0, 0, 0, 172, 0, 4, 26, 0, 0, 0, 0, 3, 0, 26.8),
(922, 58, 10, '1996-11-24', 1, 'NYG', 'L 6-20', 0, 0, 0, 18, 0, 4, 24, 0, 0, 0, 0, 0, 0, 8.2),
(923, 58, 11, '1994-11-07', 0, 'NYG', 'W 38-10', 0, 0, 0, 163, 2, 3, 13, 0, 0, 0, 0, 3, 0, 35.6),
(924, 58, 12, '1994-09-04', 1, 'PIT', 'W 26-9', 0, 0, 0, 171, 1, 3, 3, 0, 0, 0, 0, 3, 0, 29.4),
(925, 58, 13, '1992-12-21', 1, 'ATL', 'W 41-17', 0, 0, 0, 174, 2, 2, 5, 0, 0, 0, 0, 3, 0, 34.9),
(926, 58, 14, '1991-09-22', 1, 'AZ', 'W 17-9', 0, 0, 0, 182, 2, 3, 19, 0, 0, 0, 0, 3, 0, 38.1),
(927, 58, 15, '1997-11-27', 0, 'TEN', 'L 14-27', 0, 0, 0, 22, 0, 3, 20, 0, 0, 0, 0, 0, 0, 7.2),
(928, 58, 16, '2000-12-25', 1, 'TEN', 'L 0-31', 0, 0, 0, 20, 0, 0, 0, 0, 0, 0, 0, 0, 0, 2),
(929, 59, 1, '2001-09-30', 1, 'WAS', 'W 45-13', 0, 0, 0, 147, 2, 5, 78, 1, 0, 0, 0, 3, 0, 48.5),
(930, 59, 2, '2001-10-07', 1, 'DEN', 'L 6-20', 0, 0, 0, 42, 0, 7, 58, 0, 0, 0, 0, 0, 0, 17),
(931, 59, 3, '2001-10-14', 0, 'PIT', 'L 17-20', 0, 0, 0, 150, 2, 3, -1, 0, 0, 0, 0, 3, 0, 32.9),
(932, 59, 4, '2002-09-22', 1, 'NE', 'L 38-41', 0, 0, 0, 180, 2, 5, 18, 1, 0, 0, 0, 3, 0, 45.8),
(933, 59, 5, '2003-11-30', 1, 'SD', 'W 28-24', 0, 0, 0, 162, 2, 4, 24, 0, 0, 0, 0, 3, 0, 37.6),
(934, 59, 6, '2002-11-10', 1, 'SF', 'L 13-17', 0, 0, 0, 51, 1, 2, 5, 0, 0, 0, 0, 0, 0, 13.6),
(935, 59, 7, '2002-10-06', 1, 'NYJ', 'W 29-25', 0, 0, 0, 152, 1, 9, 81, 1, 0, 0, 0, 3, 0, 47.3),
(936, 59, 8, '2004-09-12', 1, 'DEN', 'L 24-34', 0, 0, 0, 151, 3, 2, -2, 0, 0, 0, 0, 3, 0, 37.9),
(937, 59, 9, '2002-12-15', 1, 'DEN', 'L 24-31', 0, 0, 0, 161, 0, 2, 22, 0, 0, 0, 0, 3, 0, 23.3),
(938, 59, 10, '2001-11-04', 1, 'SD', 'W 25-20', 0, 0, 0, 181, 1, 1, 9, 0, 0, 0, 0, 3, 0, 29),
(939, 59, 11, '2005-10-30', 1, 'SD', 'L 20-28', 0, 0, 0, 38, 0, 3, 15, 0, 0, 0, 0, 0, 0, 8.3),
(940, 59, 12, '2002-11-24', 1, 'SEA', 'L 32-39', 0, 0, 0, 197, 2, 7, 110, 1, 0, 0, 0, 3, 3, 61.7),
(941, 59, 13, '2005-10-16', 0, 'WAS', 'W 28-21', 0, 0, 0, 18, 1, 5, 100, 1, 0, 0, 0, 0, 3, 31.8),
(942, 59, 14, '2001-12-09', 1, 'OAK', 'L 26-28', 0, 0, 0, 168, 1, 5, 109, 1, 0, 0, 0, 3, 3, 50.7),
(943, 59, 15, '2003-12-28', 0, 'CHI', 'W 31-3', 0, 0, 0, 50, 2, 2, 6, 0, 0, 0, 0, 0, 0, 19.6),
(944, 59, 16, '2003-12-07', 1, 'DEN', 'L 27-45', 0, 0, 0, 44, 2, 7, 33, 0, 0, 0, 0, 0, 0, 26.7),
(945, 60, 1, '2005-12-17', 1, 'NYG', 'L 17-27', 0, 0, 0, 167, 2, 2, 17, 0, 0, 0, 0, 3, 0, 35.4),
(946, 60, 2, '2006-11-23', 0, 'DEN', 'W 19-10', 0, 0, 0, 157, 1, 1, 6, 0, 0, 0, 0, 3, 0, 26.3),
(947, 60, 3, '2009-09-13', 1, 'BAL', 'L 24-38', 0, 0, 0, 20, 0, 1, 6, 0, 0, 0, 0, 0, 0, 3.6),
(948, 60, 4, '2006-10-08', 1, 'AZ', 'W 23-20', 0, 0, 0, 36, 0, 6, 106, 1, 0, 0, 0, 0, 3, 29.2),
(949, 60, 5, '2006-11-19', 0, 'OAK', 'W 17-13', 0, 0, 0, 154, 2, 0, 0, 0, 0, 0, 0, 3, 0, 30.4),
(950, 60, 6, '2006-01-01', 0, 'CIN', 'W 37-3', 0, 0, 0, 201, 3, 2, 21, 0, 0, 0, 0, 3, 0, 45.2),
(951, 60, 7, '2006-10-29', 0, 'SEA', 'W 35-28', 0, 0, 0, 155, 3, 2, 26, 1, 0, 0, 0, 3, 0, 47.1),
(952, 60, 8, '2008-09-14', 0, 'OAK', 'L 8-23', 0, 0, 0, 22, 0, 0, 0, 0, 0, 0, 0, 0, 0, 2.2),
(953, 60, 9, '2005-12-11', 1, 'DAL', 'L 28-31', 0, 0, 0, 143, 3, 3, 28, 0, 0, 0, 0, 3, 0, 41.1),
(954, 60, 10, '2006-11-05', 1, 'LAR', 'W 31-17', 0, 0, 0, 172, 1, 0, 0, 0, 0, 0, 0, 3, 0, 26.2),
(955, 60, 11, '2008-09-28', 0, 'DEN', 'W 33-19', 0, 0, 0, 198, 2, 5, 0, 0, 0, 0, 0, 3, 0, 39.8),
(956, 60, 12, '2006-10-15', 1, 'PIT', 'L 7-45', 0, 0, 0, 26, 1, 3, 6, 0, 0, 0, 0, 0, 0, 12.2),
(957, 60, 13, '2005-11-20', 1, 'HOU', 'W 45-17', 0, 0, 0, 211, 2, 1, 6, 0, 0, 0, 0, 3, 0, 37.7),
(958, 60, 14, '2004-12-19', 0, 'DEN', 'W 45-17', 0, 0, 0, 151, 2, 0, 0, 0, 0, 0, 0, 3, 0, 30.1),
(959, 60, 15, '2004-11-07', 1, 'TB', 'L 31-34', 0, 0, 0, 21, 0, 4, 38, 0, 0, 0, 0, 0, 0, 9.9),
(960, 60, 16, '2008-12-28', 1, 'CIN', 'L 6-16', 0, 0, 0, 18, 0, 0, 0, 0, 0, 0, 0, 0, 0, 1.8),
(961, 61, 1, '1995-09-17', 1, 'PHI', 'W 27-21', 0, 0, 0, 122, 0, 0, 0, 0, 0, 0, 0, 3, 0, 15.2),
(962, 61, 2, '1995-09-10', 0, 'SEA', 'W 14-10', 0, 0, 0, 115, 0, 0, 0, 0, 0, 0, 0, 3, 0, 14.5),
(963, 61, 3, '1998-10-04', 1, 'IND', 'L 12-17', 0, 0, 0, 130, 1, 1, 13, 0, 0, 0, 0, 3, 0, 24.3),
(964, 61, 4, '1995-09-24', 0, 'DEN', 'W 17-6', 0, 0, 0, 115, 2, 0, 0, 0, 0, 0, 0, 3, 0, 26.5),
(965, 61, 5, '1994-10-16', 1, 'NO', 'W 36-22', 0, 0, 0, 120, 3, 1, 10, 0, 0, 0, 0, 3, 0, 35),
(966, 61, 6, '1998-09-20', 1, 'KC', 'L 7-23', 0, 0, 0, 165, 1, 0, 0, 0, 0, 0, 0, 3, 0, 25.5),
(967, 61, 7, '1993-12-27', 0, 'MIA', 'W 45-20', 0, 0, 0, 118, 3, 0, 0, 0, 0, 0, 0, 3, 0, 32.8),
(968, 61, 8, '1998-09-27', 0, 'NYG', 'L 16-34', 0, 0, 0, 56, 0, 0, 0, 0, 0, 0, 0, 0, 0, 5.6),
(969, 61, 9, '1994-10-09', 0, 'KC', 'W 20-6', 0, 0, 0, 125, 1, 3, 21, 0, 0, 0, 0, 3, 0, 26.6),
(970, 61, 10, '1998-10-18', 0, 'PHI', 'W 13-10', 0, 0, 0, 112, 1, 2, 7, 0, 0, 0, 0, 3, 0, 22.9),
(971, 61, 11, '1993-12-05', 0, 'DEN', 'W 13-10', 0, 0, 0, 22, 1, 2, 15, 0, 0, 0, 0, 0, 0, 11.7),
(972, 61, 12, '1993-10-17', 0, 'KC', 'L 14-17', 0, 0, 0, 34, 1, 4, 20, 0, 0, 0, 0, 0, 0, 15.4),
(973, 61, 13, '1993-09-19', 0, 'HOU', 'W 18-17', 0, 0, 0, 33, 0, 0, 0, 0, 0, 0, 0, 0, 0, 3.3),
(974, 61, 14, '1993-11-29', 1, 'IND', 'W 31-0', 0, 0, 0, 74, 0, 0, 0, 0, 0, 0, 0, 0, 0, 7.4),
(975, 61, 15, '1993-12-19', 1, 'KC', 'L 24-28', 0, 0, 0, 22, 1, 1, 2, 0, 0, 0, 0, 0, 0, 9.4),
(976, 61, 16, '1994-09-11', 0, 'CIN', 'W 27-10', 0, 0, 0, 107, 1, 1, 16, 0, 0, 0, 0, 3, 0, 22.3),
(977, 62, 1, '2005-09-25', 0, 'NYG', 'W 45-23', 26, 1, 0, 192, 3, 6, 28, 0, 0, 0, 0, 3, 0, 54.04),
(978, 62, 2, '2003-09-28', 1, 'OAK', 'L 31-34', 21, 1, 0, 187, 1, 7, 24, 0, 0, 0, 0, 3, 0, 41.94),
(979, 62, 3, '2002-09-29', 0, 'NE', 'W 21-14', 0, 0, 0, 217, 2, 4, 20, 0, 0, 0, 0, 3, 0, 42.7),
(980, 62, 4, '2003-10-05', 1, 'JAX', 'L 21-27', 0, 0, 0, 38, 0, 4, 30, 0, 0, 0, 0, 0, 0, 10.8),
(981, 62, 5, '2003-10-19', 1, 'CLE', 'W 26-20', 0, 0, 0, 200, 1, 3, 21, 0, 0, 0, 0, 3, 0, 34.1),
(982, 62, 6, '2006-12-17', 0, 'KC', 'W 20-9', 0, 0, 0, 199, 2, 1, 5, 0, 0, 0, 0, 3, 0, 36.4),
(983, 62, 7, '2006-10-29', 0, 'LAR', 'W 38-24', 0, 0, 0, 183, 2, 3, 57, 1, 0, 0, 0, 3, 0, 48),
(984, 62, 8, '2002-11-03', 0, 'NYJ', 'L 13-44', 0, 0, 0, 60, 1, 2, 13, 0, 0, 0, 0, 0, 0, 15.3),
(985, 62, 9, '2008-09-14', 1, 'DEN', 'L 38-39', 0, 0, 0, 26, 0, 2, 14, 0, 0, 0, 0, 0, 0, 6),
(986, 62, 10, '2008-10-05', 1, 'MIA', 'L 10-17', 0, 0, 0, 35, 0, 5, 22, 0, 0, 0, 0, 0, 0, 10.7),
(987, 62, 11, '2009-09-14', 1, 'OAK', 'W 24-20', 0, 0, 0, 55, 1, 1, 1, 0, 0, 0, 0, 0, 0, 12.6),
(988, 62, 12, '2005-11-27', 1, 'WAS', 'W 23-17', 0, 0, 0, 184, 3, 6, 29, 0, 0, 0, 0, 3, 0, 48.3),
(989, 62, 13, '2007-10-14', 0, 'OAK', 'W 28-14', 0, 0, 0, 198, 4, 3, 16, 0, 0, 0, 0, 3, 0, 51.4),
(990, 62, 14, '2002-12-01', 0, 'DEN', 'W 30-27', 0, 0, 0, 220, 3, 11, 51, 0, 0, 0, 0, 3, 0, 59.1),
(991, 62, 15, '2003-12-28', 0, 'OAK', 'W 21-14', 0, 0, 0, 243, 2, 8, 17, 0, 0, 0, 0, 3, 0, 49),
(992, 62, 16, '2009-11-08', 1, 'NYG', 'W 21-20', 0, 0, 0, 22, 0, 2, 8, 0, 0, 0, 0, 0, 0, 5),
(993, 63, 1, '2000-12-03', 1, 'NO', 'W 38-23', 0, 0, 0, 251, 4, 1, 5, 0, 0, 0, 0, 3, 0, 53.6),
(994, 63, 2, '2001-10-28', 0, 'NE', 'W 31-20', 0, 0, 0, 40, 1, 0, 0, 0, 0, 0, 0, 0, 0, 10),
(995, 63, 3, '2005-10-02', 1, 'JAX', 'W 20-7', 0, 0, 0, 115, 0, 3, 27, 0, 0, 0, 0, 3, 0, 20.2),
(996, 63, 4, '2001-09-30', 0, 'BAL', 'L 13-20', 0, 0, 0, 34, 0, 0, 0, 0, 0, 0, 0, 0, 0, 3.4),
(997, 63, 5, '2005-10-09', 0, 'WAS', 'W 21-19', 0, 0, 0, 34, 0, 2, 16, 0, 0, 0, 0, 0, 0, 7),
(998, 63, 6, '2000-12-10', 0, 'SEA', 'W 31-24', 0, 0, 0, 131, 2, 0, 0, 0, 0, 0, 0, 3, 0, 28.1),
(999, 63, 7, '2001-11-18', 0, 'WAS', 'L 10-17', 0, 0, 0, 31, 0, 1, 16, 0, 0, 0, 0, 0, 0, 5.7),
(1000, 63, 8, '2000-09-17', 1, 'OAK', 'W 33-24', 0, 0, 0, 187, 0, 1, 2, 0, 0, 0, 0, 3, 0, 22.9),
(1001, 63, 9, '2005-12-04', 1, 'KC', 'L 27-31', 0, 0, 0, 37, 1, 1, 66, 1, 0, 0, 0, 0, 0, 23.3),
(1002, 63, 10, '2001-10-07', 0, 'KC', 'W 20-6', 0, 0, 0, 155, 1, 0, 0, 0, 0, 0, 0, 3, 0, 24.5),
(1003, 63, 11, '2001-11-22', 1, 'DAL', 'W 26-24', 0, 0, 0, 118, 1, 2, 13, 0, 0, 0, 0, 3, 0, 24.1),
(1004, 63, 12, '2000-11-26', 1, 'SEA', 'W 38-31', 0, 0, 0, 195, 2, 2, 14, 0, 0, 0, 0, 3, 0, 37.9),
(1005, 63, 13, '2005-11-24', 1, 'DAL', 'W 24-21', 0, 0, 0, 31, 0, 2, 6, 0, 0, 0, 0, 0, 0, 5.7),
(1006, 63, 14, '2005-10-30', 0, 'PHI', 'W 49-21', 0, 0, 0, 126, 1, 1, 16, 0, 0, 0, 0, 3, 0, 24.2),
(1007, 63, 15, '2000-09-10', 0, 'ATL', 'W 42-14', 0, 0, 0, 131, 2, 1, 18, 0, 0, 0, 0, 3, 0, 30.9),
(1008, 63, 16, '2005-10-23', 1, 'NYG', 'L 23-24', 0, 0, 0, 120, 1, 0, 0, 0, 0, 0, 0, 3, 0, 21),
(1009, 64, 1, '1997-11-30', 1, 'SD', 'W 38-28', 0, 0, 0, 178, 1, 4, 36, 0, 0, 0, 0, 3, 0, 34.4),
(1010, 64, 2, '1998-09-13', 0, 'DAL', 'W 42-23', 0, 0, 0, 191, 3, 0, 0, 0, 0, 0, 0, 3, 0, 40.1),
(1011, 64, 3, '1998-12-27', 0, 'SEA', 'W 28-21', 0, 0, 0, 178, 0, 2, 17, 1, 0, 0, 0, 3, 0, 30.5),
(1012, 64, 4, '1997-09-21', 0, 'CIN', 'W 38-20', 0, 0, 0, 215, 1, 2, 13, 0, 0, 0, 0, 3, 0, 33.8),
(1013, 64, 5, '1998-12-21', 1, 'MIA', 'L 21-31', 0, 0, 0, 29, 0, 2, 5, 0, 0, 0, 0, 0, 0, 5.4),
(1014, 64, 6, '1997-10-26', 1, 'BUF', 'W 23-20', 0, 0, 0, 207, 1, 5, 29, 0, 0, 0, 0, 3, 0, 37.6),
(1015, 64, 7, '1999-09-26', 1, 'TB', 'L 10-13', 0, 0, 0, 53, 0, 0, 0, 0, 0, 0, 0, 0, 0, 5.3),
(1016, 64, 8, '1997-10-06', 0, 'NE', 'W 34-13', 0, 0, 0, 171, 2, 2, 7, 0, 0, 0, 0, 3, 0, 34.8),
(1017, 64, 9, '1996-10-06', 0, 'SD', 'W 28-17', 0, 0, 0, 50, 0, 6, 42, 0, 0, 0, 0, 0, 0, 15.2),
(1018, 64, 10, '1998-10-04', 0, 'PHI', 'W 41-16', 0, 0, 0, 168, 2, 0, 0, 0, 0, 0, 0, 3, 0, 31.8),
(1019, 64, 11, '1995-10-16', 0, 'OAK', 'W 27-0', 0, 0, 0, 34, 0, 5, 25, 0, 0, 0, 0, 0, 0, 10.9),
(1020, 64, 12, '1996-12-08', 1, 'GB', 'L 6-41', 0, 0, 0, 54, 0, 0, 0, 0, 0, 0, 0, 0, 0, 5.4),
(1021, 64, 13, '1998-10-11', 1, 'SEA', 'W 21-16', 0, 0, 0, 208, 1, 0, 0, 0, 0, 0, 0, 3, 0, 29.8),
(1022, 64, 14, '1997-12-15', 1, 'SF', 'L 17-34', 0, 0, 0, 28, 1, 2, 0, 0, 0, 0, 0, 0, 0, 10.8),
(1023, 64, 15, '1995-11-19', 0, 'SD', 'W 30-27', 0, 0, 0, 176, 1, 2, 20, 0, 0, 0, 0, 3, 0, 30.6),
(1024, 64, 16, '1996-10-20', 0, 'BAL', 'W 45-34', 0, 0, 0, 194, 2, 3, 19, 0, 0, 0, 0, 3, 0, 39.3),
(1025, 65, 1, '2005-10-02', 1, 'BAL', 'L 3-13', 0, 0, 0, 30, 0, 3, 15, 0, 0, 0, 0, 0, 0, 7.5),
(1026, 65, 2, '2003-12-14', 0, 'PIT', 'W 6-0', 0, 0, 0, 174, 0, 4, 54, 0, 0, 0, 0, 3, 0, 29.8),
(1027, 65, 3, '2004-09-12', 0, 'CIN', 'W 31-24', 0, 0, 0, 196, 1, 3, 7, 1, 0, 0, 0, 3, 0, 38.3),
(1028, 65, 4, '1999-11-15', 1, 'NE', 'W 24-17', 0, 0, 0, 149, 1, 2, 8, 0, 0, 0, 0, 3, 0, 26.7),
(1029, 65, 5, '2000-12-10', 1, 'OAK', 'L 7-31', 0, 0, 0, 11, 0, 5, 51, 0, 0, 0, 0, 0, 0, 11.2),
(1030, 65, 6, '1998-09-20', 0, 'IND', 'W 44-6', 0, 0, 0, 144, 0, 2, 30, 0, 0, 0, 0, 3, 0, 22.4),
(1031, 65, 7, '2002-12-02', 1, 'OAK', 'L 20-26', 0, 0, 0, 26, 0, 2, 11, 0, 0, 0, 0, 0, 0, 5.7),
(1032, 65, 8, '2005-10-24', 1, 'ATL', 'L 14-27', 0, 0, 0, 28, 1, 3, 26, 0, 0, 0, 0, 0, 0, 14.4),
(1033, 65, 9, '2000-10-15', 1, 'NE', 'W 34-17', 0, 0, 0, 143, 3, 2, 18, 0, 0, 0, 0, 3, 0, 39.1),
(1034, 65, 10, '2000-12-03', 0, 'IND', 'W 27-17', 0, 0, 0, 203, 1, 4, 9, 0, 0, 0, 0, 3, 0, 34.2),
(1035, 65, 11, '2005-01-02', 1, 'LAR', 'L 29-32', 0, 0, 0, 153, 0, 2, 22, 0, 0, 0, 0, 3, 0, 22.5),
(1036, 65, 12, '2001-10-28', 1, 'CAR', 'W 13-12', 0, 0, 0, 159, 0, 7, 39, 0, 0, 0, 0, 3, 0, 29.8),
(1037, 65, 13, '2000-01-02', 0, 'SEA', 'W 19-9', 0, 0, 0, 158, 1, 3, 45, 0, 0, 0, 0, 3, 0, 32.3),
(1038, 65, 14, '2005-12-04', 1, 'NE', 'L 3-16', 0, 0, 0, 29, 0, 4, 26, 0, 0, 0, 0, 0, 0, 9.5),
(1039, 65, 15, '2000-11-26', 0, 'CHI', 'W 17-10', 0, 0, 0, 29, 0, 1, -2, 0, 0, 0, 0, 0, 0, 3.7),
(1040, 65, 16, '2005-10-16', 1, 'BUF', 'L 17-27', 0, 0, 0, 148, 1, 2, 3, 0, 0, 0, 0, 3, 0, 26.1),
(1041, 66, 1, '1983-09-11', 0, 'SEA', 'L 10-17', 0, 0, 0, 140, 0, 2, 16, 0, 0, 0, 0, 3, 0, 20.6),
(1042, 66, 2, '1988-10-02', 0, 'KC', 'T 17-17', 0, 0, 0, 154, 0, 3, 23, 0, 0, 0, 0, 3, 0, 23.7),
(1043, 66, 3, '1985-11-03', 1, 'IND', 'W 35-17', 0, 0, 0, 149, 1, 4, 18, 0, 0, 0, 0, 3, 0, 29.7),
(1044, 66, 4, '1983-09-18', 1, 'NE', 'L 13-23', 0, 0, 0, 33, 0, 4, 26, 0, 0, 0, 0, 0, 0, 9.9),
(1045, 66, 5, '1985-10-27', 0, 'SEA', 'W 17-14', 0, 0, 0, 151, 0, 2, 28, 1, 0, 0, 0, 3, 0, 28.9),
(1046, 66, 6, '1984-09-06', 0, 'PIT', 'L 17-23', 0, 0, 0, 30, 0, 0, 0, 0, 0, 0, 0, 0, 0, 3),
(1047, 66, 7, '1986-10-26', 0, 'NO', 'W 28-23', 0, 0, 0, 28, 1, 3, 26, 0, 0, 0, 0, 0, 0, 14.4),
(1048, 66, 8, '1988-09-18', 0, 'HOU', 'W 45-3', 0, 0, 0, 26, 1, 1, 4, 0, 0, 0, 0, 0, 0, 10),
(1049, 66, 9, '1985-09-15', 0, 'BUF', 'W 42-3', 0, 0, 0, 192, 2, 3, 35, 0, 0, 0, 0, 3, 0, 40.7),
(1050, 66, 10, '1987-11-15', 1, 'KC', 'W 16-9', 0, 0, 0, 184, 0, 1, 8, 0, 0, 0, 0, 3, 0, 23.2),
(1051, 66, 11, '1984-11-04', 0, 'MIA', 'L 17-31', 0, 0, 0, 132, 1, 4, 29, 0, 0, 0, 0, 3, 0, 29.1),
(1052, 66, 12, '1987-10-25', 1, 'WAS', 'L 16-17', 0, 0, 0, 16, 0, 2, 8, 0, 0, 0, 0, 0, 0, 4.4),
(1053, 66, 13, '1984-09-16', 0, 'CIN', 'W 43-23', 0, 0, 0, 150, 2, 2, 32, 0, 0, 0, 0, 3, 0, 35.2),
(1054, 66, 14, '1986-12-13', 0, 'PIT', 'L 24-45', 0, 0, 0, 137, 0, 6, 51, 0, 0, 0, 0, 3, 0, 27.8),
(1055, 66, 15, '1988-09-11', 1, 'CLE', 'W 23-3', 0, 0, 0, 28, 0, 3, 32, 0, 0, 0, 0, 0, 0, 9),
(1056, 66, 16, '1985-10-14', 0, 'MIA', 'W 23-7', 0, 0, 0, 173, 0, 3, 46, 0, 0, 0, 0, 3, 0, 27.9),
(1057, 67, 1, '2010-11-14', 1, 'PIT', 'W 39-26', 0, 0, 0, 87, 0, 4, 36, 0, 0, 0, 0, 0, 0, 16.3);
INSERT INTO `legends_player_data` (`rowID`, `playerID`, `gameID`, `game_date`, `is_away`, `opp`, `game_result`, `passYDS`, `passTD`, `passINT`, `rushYDS`, `rushTD`, `rec`, `recYDS`, `recTD`, `krtd`, `prtd`, `passBonus`, `rushBonus`, `recBonus`, `fpts`) VALUES
(1058, 67, 2, '2008-11-09', 0, 'BUF', 'W 20-10', 0, 0, 0, 105, 1, 0, 0, 0, 0, 0, 0, 3, 0, 19.5),
(1059, 67, 3, '2010-09-26', 0, 'BUF', 'W 38-30', 0, 0, 0, 98, 1, 1, 6, 0, 0, 0, 0, 0, 0, 17.4),
(1060, 67, 4, '2010-11-21', 0, 'IND', 'W 31-28', 0, 0, 0, 96, 1, 1, 4, 0, 0, 0, 0, 0, 0, 17),
(1061, 67, 5, '2011-11-27', 1, 'PHI', 'W 38-20', 0, 0, 0, 44, 2, 0, 0, 0, 0, 0, 0, 0, 0, 16.4),
(1062, 67, 6, '2010-10-17', 0, 'BAL', 'W 23-20', 0, 0, 0, 20, 1, 0, 0, 0, 0, 0, 0, 0, 0, 8),
(1063, 67, 7, '2010-10-31', 0, 'MIN', 'W 28-18', 0, 0, 0, 112, 2, 1, 11, 0, 0, 0, 0, 3, 0, 28.3),
(1064, 67, 8, '2011-11-21', 0, 'KC', 'W 34-3', 0, 0, 0, 81, 0, 1, 25, 0, 0, 0, 0, 0, 0, 11.6),
(1065, 67, 9, '2010-12-12', 1, 'CHI', 'W 36-7', 0, 0, 0, 87, 0, 0, 0, 0, 0, 0, 0, 0, 0, 8.7),
(1066, 67, 10, '2010-12-26', 1, 'BUF', 'W 34-3', 0, 0, 0, 104, 0, 1, 3, 0, 0, 0, 0, 3, 0, 14.7),
(1067, 67, 11, '2011-10-09', 0, 'NYJ', 'W 30-21', 0, 0, 0, 136, 2, 1, 13, 0, 0, 0, 0, 3, 0, 30.9),
(1068, 67, 12, '2010-09-19', 1, 'NYJ', 'L 14-28', 0, 0, 0, 19, 0, 0, 0, 0, 0, 0, 0, 0, 0, 1.9),
(1069, 67, 13, '2011-01-02', 0, 'MIA', 'W 38-7', 0, 0, 0, 80, 1, 1, 6, 0, 0, 0, 0, 0, 0, 15.6),
(1070, 67, 14, '2010-10-24', 1, 'SD', 'W 23-20', 0, 0, 0, 24, 1, 0, 0, 0, 0, 0, 0, 0, 0, 8.4),
(1071, 67, 15, '2011-12-18', 1, 'DEN', 'W 41-23', 0, 0, 0, 17, 1, 2, 32, 0, 0, 0, 0, 0, 0, 12.9),
(1072, 67, 16, '2011-09-25', 1, 'BUF', 'L 31-34', 0, 0, 0, 18, 0, 0, 0, 0, 0, 0, 0, 0, 0, 1.8),
(1073, 68, 1, '2006-11-26', 0, 'CHI', 'W 17-13', 0, 0, 0, 33, 1, 4, 45, 0, 0, 0, 0, 0, 0, 17.8),
(1074, 68, 2, '2009-11-08', 0, 'MIA', 'W 27-17', 0, 0, 0, 82, 1, 0, 0, 0, 0, 0, 0, 0, 0, 14.2),
(1075, 68, 3, '2007-09-23', 0, 'BUF', 'W 38-7', 0, 0, 0, 103, 0, 0, 0, 0, 0, 0, 0, 3, 0, 13.3),
(1076, 68, 4, '2009-12-13', 0, 'CAR', 'W 20-10', 0, 0, 0, 94, 0, 2, 17, 0, 0, 0, 0, 0, 0, 13.1),
(1077, 68, 5, '2007-12-23', 0, 'MIA', 'W 28-7', 0, 0, 0, 156, 1, 0, 0, 0, 0, 0, 0, 3, 0, 24.6),
(1078, 68, 6, '2006-10-01', 1, 'CIN', 'W 38-13', 0, 0, 0, 125, 2, 1, 15, 0, 0, 0, 0, 3, 0, 30),
(1079, 68, 7, '2009-11-15', 1, 'IND', 'L 34-35', 0, 0, 0, 31, 1, 2, 15, 0, 0, 0, 0, 0, 0, 12.6),
(1080, 68, 8, '2006-09-10', 0, 'BUF', 'W 19-17', 0, 0, 0, 86, 0, 0, 0, 0, 0, 0, 0, 0, 0, 8.6),
(1081, 68, 9, '2009-09-14', 0, 'BUF', 'W 25-24', 0, 0, 0, 32, 0, 2, 9, 0, 0, 0, 0, 0, 0, 6.1),
(1082, 68, 10, '2006-11-19', 1, 'GB', 'W 35-0', 0, 0, 0, 82, 0, 4, 34, 1, 0, 0, 0, 0, 0, 21.6),
(1083, 68, 11, '2009-10-18', 0, 'TEN', 'W 59-0', 0, 0, 0, 123, 1, 3, 10, 0, 0, 0, 0, 3, 0, 25.3),
(1084, 68, 12, '2007-12-16', 0, 'NYJ', 'W 20-10', 0, 0, 0, 104, 1, 0, 0, 0, 0, 0, 0, 3, 0, 19.4),
(1085, 68, 13, '2009-12-20', 1, 'BUF', 'W 17-10', 0, 0, 0, 81, 1, 0, 0, 0, 0, 0, 0, 0, 0, 14.1),
(1086, 68, 14, '2008-10-05', 1, 'SF', 'W 30-21', 0, 0, 0, 26, 0, 0, 0, 0, 0, 0, 0, 0, 0, 2.6),
(1087, 68, 15, '2006-09-24', 0, 'DEN', 'L 7-17', 0, 0, 0, 18, 0, 5, 61, 0, 0, 0, 0, 0, 0, 12.9),
(1088, 68, 16, '2007-11-25', 0, 'PHI', 'W 31-28', 0, 0, 0, 31, 1, 0, 0, 0, 0, 0, 0, 0, 0, 9.1),
(1089, 69, 1, '1983-01-02', 1, 'SD', 'W 41-34', 0, 0, 0, 126, 2, 3, 40, 0, 0, 0, 0, 3, 0, 34.6),
(1090, 69, 2, '1985-10-06', 0, 'KC', 'W 19-10', 0, 0, 0, 126, 0, 3, 24, 0, 0, 0, 0, 3, 0, 21),
(1091, 69, 3, '1986-12-21', 0, 'IND', 'L 24-30', 0, 0, 0, 31, 0, 3, 12, 0, 0, 0, 0, 0, 0, 7.3),
(1092, 69, 4, '1985-11-17', 0, 'CIN', 'W 13-6', 0, 0, 0, 135, 0, 6, 54, 1, 0, 0, 0, 3, 0, 33.9),
(1093, 69, 5, '1988-10-16', 1, 'KC', 'W 27-17', 0, 0, 0, 20, 1, 1, 7, 0, 0, 0, 0, 0, 0, 9.7),
(1094, 69, 6, '1987-10-25', 0, 'SEA', 'L 13-35', 0, 0, 0, 29, 0, 3, 14, 0, 0, 0, 0, 0, 0, 7.3),
(1095, 69, 7, '1982-12-05', 0, 'SEA', 'W 28-23', 0, 0, 0, 156, 2, 2, 14, 0, 0, 0, 0, 3, 0, 34),
(1096, 69, 8, '1983-10-30', 0, 'SEA', 'L 21-34', 0, 0, 0, 30, 1, 8, 104, 0, 0, 0, 0, 0, 3, 30.4),
(1097, 69, 9, '1990-12-02', 1, 'DEN', 'W 23-20', 0, 0, 0, 22, 0, 0, 0, 0, 0, 0, 0, 0, 0, 2.2),
(1098, 69, 10, '1987-09-13', 1, 'GB', 'W 20-0', 0, 0, 0, 136, 1, 2, 0, 0, 0, 0, 0, 3, 0, 24.6),
(1099, 69, 11, '1985-12-23', 1, 'LAR', 'W 16-6', 0, 0, 0, 123, 0, 8, 25, 0, 0, 0, 0, 3, 0, 25.8),
(1100, 69, 12, '1985-12-01', 1, 'ATL', 'W 34-24', 0, 0, 0, 156, 0, 2, 42, 1, 0, 0, 0, 3, 0, 30.8),
(1101, 69, 13, '1985-12-08', 1, 'DEN', 'W 17-14', 0, 0, 0, 135, 1, 5, 21, 0, 0, 0, 0, 3, 0, 29.6),
(1102, 69, 14, '1982-12-26', 0, 'DEN', 'W 27-10', 0, 0, 0, 16, 0, 5, 91, 2, 0, 0, 0, 0, 0, 27.7),
(1103, 69, 15, '1984-12-02', 1, 'MIA', 'W 45-34', 0, 0, 0, 155, 3, 1, 10, 0, 0, 0, 0, 3, 0, 38.5),
(1104, 69, 16, '1985-11-24', 0, 'DEN', 'W 31-28', 0, 0, 0, 173, 1, 4, 49, 0, 0, 0, 0, 3, 0, 35.2),
(1105, 70, 1, '1989-12-10', 0, 'AZ', 'W 16-14', 0, 0, 0, 114, 0, 0, 0, 0, 0, 0, 0, 3, 0, 14.4),
(1106, 70, 2, '1989-10-29', 0, 'WAS', 'W 37-24', 0, 0, 0, 144, 1, 0, 0, 0, 0, 0, 0, 3, 0, 23.4),
(1107, 70, 3, '1990-12-16', 0, 'CIN', 'W 24-7', 0, 0, 0, 117, 0, 0, 0, 0, 0, 0, 0, 3, 0, 14.7),
(1108, 70, 4, '1990-12-02', 1, 'DEN', 'W 23-20', 0, 0, 0, 117, 2, 0, 0, 0, 0, 0, 0, 3, 0, 26.7),
(1109, 70, 5, '1987-11-30', 1, 'SEA', 'W 37-14', 0, 0, 0, 221, 2, 1, 14, 1, 0, 0, 0, 3, 0, 45.5),
(1110, 70, 6, '1989-11-12', 1, 'SD', 'L 12-14', 0, 0, 0, 103, 0, 2, 18, 0, 0, 0, 0, 3, 0, 17.1),
(1111, 70, 7, '1990-12-30', 0, 'SD', 'W 17-12', 0, 0, 0, 28, 0, 3, 31, 0, 0, 0, 0, 0, 0, 8.9),
(1112, 70, 8, '1990-11-19', 1, 'MIA', 'W 13-10', 0, 0, 0, 99, 0, 0, 0, 0, 0, 0, 0, 0, 0, 9.9),
(1113, 70, 9, '1987-11-22', 0, 'DEN', 'L 17-23', 0, 0, 0, 98, 2, 5, 20, 0, 0, 0, 0, 0, 0, 28.8),
(1114, 70, 10, '1988-11-28', 1, 'SEA', 'L 27-35', 0, 0, 0, 31, 0, 0, 0, 0, 0, 0, 0, 0, 0, 3.1),
(1115, 70, 11, '1989-12-24', 1, 'NYG', 'L 17-34', 0, 0, 0, 35, 0, 2, 14, 0, 0, 0, 0, 0, 0, 6.9),
(1116, 70, 12, '1989-11-05', 0, 'CIN', 'W 28-7', 0, 0, 0, 159, 2, 0, 0, 0, 0, 0, 0, 3, 0, 30.9),
(1117, 70, 13, '1990-11-04', 1, 'KC', 'L 7-9', 0, 0, 0, 40, 0, 0, 0, 0, 0, 0, 0, 0, 0, 4),
(1118, 70, 14, '1990-11-11', 0, 'GB', 'L 16-29', 0, 0, 0, 25, 0, 2, 24, 0, 0, 0, 0, 0, 0, 6.9),
(1119, 70, 15, '1990-12-10', 1, 'DET', 'W 38-31', 0, 0, 0, 129, 1, 0, 0, 0, 0, 0, 0, 3, 0, 21.9),
(1120, 70, 16, '1989-12-03', 0, 'DEN', 'W 16-13', 0, 0, 0, 44, 0, 0, 0, 0, 0, 0, 0, 0, 0, 4.4),
(1121, 71, 1, '2003-09-28', 1, 'PIT', 'W 30-13', 0, 0, 0, 21, 0, 1, -3, 0, 0, 0, 0, 0, 0, 2.8),
(1122, 71, 2, '2000-10-16', 0, 'JAX', 'W 27-13', 0, 0, 0, 167, 1, 3, 42, 0, 0, 0, 0, 3, 0, 32.9),
(1123, 71, 3, '2000-11-19', 0, 'CLE', 'W 24-10', 0, 0, 0, 134, 3, 2, 15, 0, 0, 0, 0, 3, 0, 37.9),
(1124, 71, 4, '1998-09-27', 0, 'JAX', 'L 22-27', 0, 0, 0, 25, 0, 1, 10, 0, 0, 0, 0, 0, 0, 4.5),
(1125, 71, 5, '2001-10-29', 1, 'PIT', 'L 7-34', 0, 0, 0, 13, 0, 2, 14, 0, 0, 0, 0, 0, 0, 4.7),
(1126, 71, 6, '1999-12-09', 0, 'OAK', 'W 21-14', 0, 0, 0, 199, 2, 6, 50, 0, 0, 0, 0, 3, 0, 45.9),
(1127, 71, 7, '1998-09-13', 0, 'SD', 'L 7-13', 0, 0, 0, 11, 0, 2, 8, 0, 0, 0, 0, 0, 0, 3.9),
(1128, 71, 8, '1997-08-31', 0, 'OAK', 'W 24-21', 0, 0, 0, 216, 1, 0, 0, 0, 0, 0, 0, 3, 0, 30.6),
(1129, 71, 9, '2000-12-17', 1, 'CLE', 'W 24-0', 0, 0, 0, 176, 3, 1, 0, 0, 0, 0, 0, 3, 0, 39.6),
(1130, 71, 10, '2000-10-08', 1, 'CIN', 'W 23-14', 0, 0, 0, 181, 1, 3, 33, 0, 0, 0, 0, 3, 0, 33.4),
(1131, 71, 11, '1998-10-25', 0, 'CHI', 'L 20-23', 0, 0, 0, 137, 0, 3, 22, 0, 0, 0, 0, 3, 0, 21.9),
(1132, 71, 12, '1999-10-17', 1, 'NO', 'W 24-21', 0, 0, 0, 155, 0, 1, 12, 0, 0, 0, 0, 3, 0, 20.7),
(1133, 71, 13, '2001-12-22', 1, 'OAK', 'W 13-10', 0, 0, 0, 23, 0, 2, 15, 0, 0, 0, 0, 0, 0, 5.8),
(1134, 71, 14, '1997-12-21', 0, 'PIT', 'W 16-6', 0, 0, 0, 25, 0, 0, 0, 0, 0, 0, 0, 0, 0, 2.5),
(1135, 71, 15, '1998-11-08', 1, 'TB', 'W 31-22', 0, 0, 0, 134, 1, 1, 0, 0, 0, 0, 0, 3, 0, 23.4),
(1136, 71, 16, '1998-11-01', 1, 'PIT', 'W 41-31', 0, 0, 0, 153, 1, 1, 14, 0, 0, 0, 0, 3, 0, 26.7),
(1137, 72, 1, '2008-09-07', 0, 'JAX', 'W 17-10', 0, 0, 0, 40, 1, 0, 0, 0, 0, 0, 0, 0, 0, 10),
(1138, 72, 2, '2008-10-19', 1, 'KC', 'W 34-10', 0, 0, 0, 149, 3, 1, 7, 0, 0, 0, 0, 3, 0, 37.6),
(1139, 72, 3, '2007-10-07', 0, 'ATL', 'W 20-13', 0, 0, 0, 32, 0, 0, 0, 0, 0, 0, 0, 0, 0, 3.2),
(1140, 72, 4, '2008-09-28', 0, 'MIN', 'W 30-17', 0, 0, 0, 13, 1, 0, 0, 0, 0, 0, 0, 0, 0, 7.3),
(1141, 72, 5, '2008-10-27', 0, 'IND', 'W 31-21', 0, 0, 0, 13, 2, 1, 1, 0, 0, 0, 0, 0, 0, 14.4),
(1142, 72, 6, '2007-11-19', 1, 'DEN', 'L 20-34', 0, 0, 0, 42, 0, 2, 22, 0, 0, 0, 0, 0, 0, 8.4),
(1143, 72, 7, '2008-11-09', 1, 'CHI', 'W 21-14', 0, 0, 0, 14, 1, 1, 6, 0, 0, 0, 0, 0, 0, 9),
(1144, 72, 8, '2007-12-09', 0, 'SD', 'L 17-23', 0, 0, 0, 113, 1, 2, 24, 0, 0, 0, 0, 3, 0, 24.7),
(1145, 72, 9, '2008-11-02', 0, 'GB', 'W 19-16', 0, 0, 0, 77, 0, 0, 0, 0, 0, 0, 0, 0, 0, 7.7),
(1146, 72, 10, '2007-12-16', 1, 'KC', 'W 26-17', 0, 0, 0, 95, 0, 1, 0, 0, 0, 0, 0, 0, 0, 10.5),
(1147, 72, 11, '2007-12-23', 0, 'NYJ', 'W 10-6', 0, 0, 0, 103, 0, 0, 0, 0, 0, 0, 0, 3, 0, 13.3),
(1148, 72, 12, '2008-12-07', 0, 'CLE', 'W 28-9', 0, 0, 0, 99, 1, 1, 2, 0, 0, 0, 0, 0, 0, 17.1),
(1149, 72, 13, '2008-11-27', 1, 'DET', 'W 47-10', 0, 0, 0, 106, 2, 0, 0, 0, 0, 0, 0, 3, 0, 25.6),
(1150, 72, 14, '2007-10-21', 1, 'HOU', 'W 38-36', 0, 0, 0, 104, 1, 4, 22, 0, 0, 0, 0, 3, 0, 25.6),
(1151, 72, 15, '2007-11-04', 0, 'CAR', 'W 20-7', 0, 0, 0, 100, 1, 1, 1, 0, 0, 0, 0, 3, 0, 20.1),
(1152, 72, 16, '2007-10-28', 0, 'OAK', 'W 13-9', 0, 0, 0, 133, 0, 1, 8, 0, 0, 0, 0, 3, 0, 18.1),
(1153, 73, 1, '1973-12-16', 1, 'NYJ', 'W 34-14', 0, 0, 0, 200, 1, 0, 0, 0, 0, 0, 0, 3, 0, 29),
(1154, 73, 2, '1972-10-29', 0, 'PIT', 'L 21-38', 0, 0, 0, 189, 1, 3, 7, 0, 0, 0, 0, 3, 0, 31.6),
(1155, 73, 3, '1975-09-21', 0, 'NYJ', 'W 42-14', 0, 0, 0, 173, 2, 1, 5, 0, 0, 0, 0, 3, 0, 33.8),
(1156, 73, 4, '1970-09-27', 0, 'LAR', 'L 0-19', 0, 0, 0, 24, 0, 0, 0, 0, 0, 0, 0, 0, 0, 2.4),
(1157, 73, 5, '1973-12-09', 0, 'NE', 'W 37-13', 0, 0, 0, 219, 1, 0, 0, 0, 0, 0, 0, 3, 0, 30.9),
(1158, 73, 6, '1975-11-17', 1, 'CIN', 'L 24-33', 0, 0, 0, 197, 2, 2, 21, 0, 0, 0, 0, 3, 0, 38.8),
(1159, 73, 7, '1976-11-25', 1, 'DET', 'L 14-27', 0, 0, 0, 273, 2, 0, 0, 0, 0, 0, 0, 3, 0, 42.3),
(1160, 73, 8, '1969-10-26', 1, 'MIA', 'L 6-24', 0, 0, 0, 12, 0, 4, 60, 0, 0, 0, 0, 0, 0, 11.2),
(1161, 73, 9, '1975-09-28', 1, 'PIT', 'W 30-21', 0, 0, 0, 227, 1, 0, 0, 0, 0, 0, 0, 3, 0, 31.7),
(1162, 73, 10, '1976-12-05', 1, 'MIA', 'L 27-45', 0, 0, 0, 203, 1, 2, 12, 0, 0, 0, 0, 3, 0, 32.5),
(1163, 73, 11, '1975-12-14', 1, 'NE', 'W 34-14', 0, 0, 0, 185, 1, 2, 28, 0, 0, 0, 0, 3, 0, 32.3),
(1164, 73, 12, '1971-12-12', 0, 'HOU', 'L 14-20', 0, 0, 0, 29, 1, 1, 14, 0, 0, 0, 0, 0, 0, 11.3),
(1165, 73, 13, '1971-09-19', 0, 'DAL', 'L 37-49', 0, 0, 0, 25, 1, 1, 4, 0, 0, 0, 0, 0, 0, 9.9),
(1166, 73, 14, '1973-09-16', 1, 'NE', 'W 31-13', -3, 0, 0, 250, 2, 0, 0, 0, 0, 0, 0, 3, 0, 39.88),
(1167, 73, 15, '1969-10-05', 1, 'HOU', 'L 14-28', 0, 0, 0, 27, 0, 3, 32, 0, 0, 0, 0, 0, 0, 8.9),
(1168, 73, 16, '1972-12-03', 1, 'BAL', 'L 7-35', 0, 0, 0, 26, 1, 6, 62, 0, 0, 0, 0, 0, 0, 20.8),
(1169, 74, 1, '1990-10-28', 1, 'NE', 'W 27-10', 0, 0, 0, 136, 1, 1, 9, 0, 0, 0, 0, 3, 0, 24.5),
(1170, 74, 2, '1989-10-29', 0, 'MIA', 'W 31-17', 0, 0, 0, 148, 1, 2, 21, 0, 0, 0, 0, 3, 0, 27.9),
(1171, 74, 3, '1997-09-07', 1, 'NYJ', 'W 28-22', 0, 0, 0, 18, 1, 0, 0, 0, 0, 0, 0, 0, 0, 7.8),
(1172, 74, 4, '1993-11-28', 1, 'KC', 'L 7-23', 0, 0, 0, 25, 0, 6, 44, 0, 0, 0, 0, 0, 0, 12.9),
(1173, 74, 5, '1990-12-23', 0, 'MIA', 'W 24-14', 0, 0, 0, 154, 1, 2, 29, 0, 0, 0, 0, 3, 0, 29.3),
(1174, 74, 6, '1997-09-14', 1, 'KC', 'L 16-22', 0, 0, 0, 17, 0, 4, 23, 0, 0, 0, 0, 0, 0, 8),
(1175, 74, 7, '1991-09-01', 0, 'MIA', 'W 35-31', 0, 0, 0, 165, 1, 8, 103, 1, 0, 0, 0, 3, 3, 52.8),
(1176, 74, 8, '1990-09-24', 1, 'NYJ', 'W 30-7', 0, 0, 0, 214, 0, 3, 5, 0, 0, 0, 0, 3, 0, 27.9),
(1177, 74, 9, '1992-11-08', 0, 'PIT', 'W 28-20', 0, 0, 0, 155, 1, 4, 30, 0, 0, 0, 0, 3, 0, 31.5),
(1178, 74, 10, '1992-10-26', 1, 'NYJ', 'W 24-20', 0, 0, 0, 142, 0, 3, 22, 1, 0, 0, 0, 3, 0, 28.4),
(1179, 74, 11, '1996-09-08', 0, 'NE', 'W 17-10', 0, 0, 0, 22, 1, 1, 6, 0, 0, 0, 0, 0, 0, 9.8),
(1180, 74, 12, '1995-12-17', 0, 'MIA', 'W 23-20', 0, 0, 0, 148, 1, 1, 11, 1, 0, 0, 0, 3, 0, 31.9),
(1181, 74, 13, '1990-11-18', 0, 'NE', 'W 14-0', 0, 0, 0, 165, 2, 1, 5, 0, 0, 0, 0, 3, 0, 33),
(1182, 74, 14, '1991-11-18', 1, 'MIA', 'W 41-27', 0, 0, 0, 135, 1, 3, 40, 1, 0, 0, 0, 3, 0, 35.5),
(1183, 74, 15, '1995-09-17', 0, 'IND', 'W 20-14', 0, 0, 0, 25, 1, 2, 7, 0, 0, 0, 0, 0, 0, 11.2),
(1184, 74, 16, '1992-11-01', 0, 'NE', 'W 16-7', 0, 0, 0, 29, 0, 5, 45, 0, 0, 0, 0, 0, 0, 12.4),
(1185, 75, 1, '2000-10-01', 1, 'DET', 'W 31-24', 0, 0, 0, 134, 1, 2, 19, 0, 0, 0, 0, 3, 0, 26.3),
(1186, 75, 2, '1998-10-25', 1, 'DET', 'W 34-13', 0, 0, 0, 134, 1, 0, 0, 0, 0, 0, 0, 3, 0, 22.4),
(1187, 75, 3, '2000-12-24', 1, 'IND', 'L 10-31', 0, 0, 0, 37, 0, 1, 3, 0, 0, 0, 0, 0, 0, 5),
(1188, 75, 4, '1996-10-13', 1, 'TB', 'L 13-24', 0, 0, 0, 133, 1, 0, 0, 0, 0, 0, 0, 3, 0, 22.3),
(1189, 75, 5, '1998-11-08', 0, 'NO', 'W 31-24', 0, 0, 0, 137, 1, 1, 9, 0, 0, 0, 0, 3, 0, 24.6),
(1190, 75, 6, '2000-11-23', 1, 'DAL', 'W 27-15', 0, 0, 0, 148, 1, 1, -6, 0, 0, 0, 0, 3, 0, 24.2),
(1191, 75, 7, '2000-12-17', 0, 'GB', 'L 28-33', 0, 0, 0, 26, 0, 3, 16, 0, 0, 0, 0, 0, 0, 7.2),
(1192, 75, 8, '1999-09-19', 0, 'OAK', 'L 17-22', 0, 0, 0, 24, 0, 1, 6, 0, 0, 0, 0, 0, 0, 4),
(1193, 75, 9, '1998-11-22', 0, 'GB', 'W 28-14', 0, 0, 0, 27, 0, 2, 10, 0, 0, 0, 0, 0, 0, 5.7),
(1194, 75, 10, '2000-10-15', 1, 'CHI', 'W 28-16', 0, 0, 0, 170, 1, 1, 7, 0, 0, 0, 0, 3, 0, 27.7),
(1195, 75, 11, '1997-10-26', 1, 'TB', 'W 10-6', 0, 0, 0, 30, 0, 2, 10, 0, 0, 0, 0, 0, 0, 6),
(1196, 75, 12, '1997-08-31', 1, 'BUF', 'W 34-13', 0, 0, 0, 169, 1, 1, 5, 0, 0, 0, 0, 3, 0, 27.4),
(1197, 75, 13, '1998-09-13', 1, 'LAR', 'W 38-31', 0, 0, 0, 179, 2, 3, 7, 0, 0, 0, 0, 3, 0, 36.6),
(1198, 75, 14, '1999-12-26', 1, 'NYG', 'W 34-17', 0, 0, 0, 146, 1, 1, 9, 0, 0, 0, 0, 3, 0, 25.5),
(1199, 75, 15, '1998-09-20', 0, 'DET', 'W 29-6', 0, 0, 0, 39, 0, 2, 10, 0, 0, 0, 0, 0, 0, 6.9),
(1200, 75, 16, '1997-12-21', 0, 'IND', 'W 39-28', 0, 0, 0, 160, 0, 2, 15, 0, 0, 0, 0, 3, 0, 22.5),
(1201, 76, 1, '1991-10-13', 0, 'AZ', 'W 34-7', 0, 0, 0, 30, 1, 2, 12, 0, 0, 0, 0, 0, 0, 12.2),
(1202, 76, 2, '1990-12-09', 1, 'NYG', 'L 15-23', 0, 0, 0, 78, 0, 2, 19, 0, 0, 0, 0, 0, 0, 11.7),
(1203, 76, 3, '1991-09-01', 1, 'CHI', 'L 6-10', 0, 0, 0, 86, 0, 3, 11, 0, 0, 0, 0, 0, 0, 12.7),
(1204, 76, 4, '1989-12-03', 0, 'CHI', 'W 27-16', 0, 0, 0, 36, 1, 2, 22, 0, 0, 0, 0, 0, 0, 13.8),
(1205, 76, 5, '1990-12-02', 0, 'GB', 'W 23-7', 0, 0, 0, 35, 0, 3, 26, 0, 0, 0, 0, 0, 0, 9.1),
(1206, 76, 6, '1991-09-22', 1, 'NO', 'L 0-26', 0, 0, 0, 15, 0, 2, 10, 0, 0, 0, 0, 0, 0, 4.5),
(1207, 76, 7, '1991-09-08', 1, 'ATL', 'W 20-19', 0, 0, 0, 125, 0, 2, 2, 0, 0, 0, 0, 3, 0, 17.7),
(1208, 76, 8, '1990-11-18', 1, 'SEA', 'W 24-21', 0, 0, 0, 99, 1, 4, 29, 0, 0, 0, 0, 0, 0, 22.8),
(1209, 76, 9, '1991-12-08', 1, 'TB', 'W 26-24', 0, 0, 0, 126, 1, 0, 0, 0, 0, 0, 0, 3, 0, 21.6),
(1210, 76, 10, '1990-09-16', 0, 'NO', 'W 32-3', 0, 0, 0, 39, 0, 5, 23, 1, 0, 0, 0, 0, 0, 17.2),
(1211, 76, 11, '1991-10-27', 1, 'AZ', 'W 28-0', 0, 0, 0, 79, 3, 1, 4, 0, 0, 0, 0, 0, 0, 27.3),
(1212, 76, 12, '1991-09-29', 0, 'DEN', 'L 6-13', 0, 0, 0, 103, 0, 3, 17, 0, 0, 0, 0, 3, 0, 18),
(1213, 76, 13, '1989-10-22', 1, 'DET', 'W 20-7', 0, 0, 0, 89, 1, 3, 7, 0, 0, 0, 0, 0, 0, 18.6),
(1214, 76, 14, '1991-11-17', 1, 'GB', 'W 35-21', 0, 0, 0, 95, 1, 1, 7, 0, 0, 0, 0, 0, 0, 17.2),
(1215, 76, 15, '1990-09-30', 0, 'TB', 'L 20-23', 0, 0, 0, 8, 0, 1, 16, 0, 0, 0, 0, 0, 0, 3.4),
(1216, 76, 16, '1989-10-15', 0, 'GB', 'W 26-14', 0, 0, 0, 148, 0, 1, 7, 0, 0, 0, 0, 3, 0, 19.5),
(1217, 77, 1, '1997-10-19', 0, 'SF', 'L 28-35', 27, 1, 0, 19, 0, 2, 28, 0, 0, 0, 0, 0, 0, 11.78),
(1218, 77, 2, '1998-10-18', 0, 'NO', 'W 31-23', 0, 0, 0, 132, 1, 1, 7, 0, 0, 0, 0, 3, 0, 23.9),
(1219, 77, 3, '1998-12-20', 1, 'DET', 'W 24-17', 0, 0, 0, 147, 1, 1, 8, 1, 0, 0, 0, 3, 0, 31.5),
(1220, 77, 4, '1998-11-01', 0, 'LAR', 'W 37-15', 0, 0, 0, 172, 2, 2, 31, 1, 0, 0, 0, 3, 0, 43.3),
(1221, 77, 5, '1998-09-27', 1, 'SF', 'L 20-31', 0, 0, 0, 123, 1, 2, 43, 0, 0, 0, 0, 3, 0, 27.6),
(1222, 77, 6, '1998-12-06', 0, 'IND', 'W 28-21', 0, 0, 0, 122, 1, 4, 58, 0, 0, 0, 0, 3, 0, 31),
(1223, 77, 7, '1998-11-29', 1, 'LAR', 'W 21-10', 0, 0, 0, 188, 1, 2, 9, 0, 0, 0, 0, 3, 0, 30.7),
(1224, 77, 8, '2000-10-08', 0, 'NYG', 'L 6-13', 0, 0, 0, 12, 0, 1, 12, 0, 0, 0, 0, 0, 0, 3.4),
(1225, 77, 9, '1996-11-10', 1, 'LAR', 'L 16-59', 0, 0, 0, 23, 0, 2, 11, 1, 0, 0, 0, 0, 0, 11.4),
(1226, 77, 10, '1997-12-21', 1, 'AZ', 'L 26-29', 0, 0, 1, 152, 0, 4, 36, 0, 0, 0, 0, 3, 0, 24.8),
(1227, 77, 11, '2000-11-12', 1, 'DET', 'L 10-13', 0, 0, 0, 119, 1, 5, 36, 0, 0, 0, 0, 3, 0, 29.5),
(1228, 77, 12, '1998-12-13', 1, 'NO', 'W 27-17', 0, 0, 0, 148, 0, 1, 4, 0, 0, 0, 0, 3, 0, 19.2),
(1229, 77, 13, '1997-08-31', 1, 'DET', 'L 17-28', 0, 0, 0, 33, 1, 2, 26, 0, 0, 0, 0, 0, 0, 13.9),
(1230, 77, 14, '1997-11-02', 0, 'LAR', 'W 34-31', 0, 0, 0, 162, 1, 0, 0, 0, 0, 0, 0, 3, 0, 25.2),
(1231, 77, 15, '2000-11-26', 1, 'OAK', 'L 14-41', 0, 0, 0, 26, 1, 2, 21, 0, 0, 0, 0, 0, 0, 12.7),
(1232, 77, 16, '1996-11-17', 0, 'NO', 'W 17-15', 0, 0, 0, 35, 0, 4, 21, 0, 0, 0, 0, 0, 0, 9.6),
(1233, 78, 1, '2010-11-21', 1, 'LAR', 'W 34-17', 0, 0, 0, 131, 1, 1, -4, 0, 0, 0, 0, 3, 0, 22.7),
(1234, 78, 2, '2011-10-16', 0, 'CAR', 'W 31-17', 0, 0, 0, 139, 2, 1, 8, 0, 0, 0, 0, 3, 0, 30.7),
(1235, 78, 3, '2010-10-10', 1, 'CLE', 'W 20-10', 0, 0, 0, 140, 0, 0, 0, 0, 0, 0, 0, 3, 0, 17),
(1236, 78, 4, '2012-11-11', 1, 'NO', 'L 27-31', 0, 0, 0, 15, 0, 0, 0, 0, 0, 0, 0, 0, 0, 1.5),
(1237, 78, 5, '2009-11-08', 0, 'WAS', 'W 31-17', 0, 0, 0, 166, 2, 2, 14, 0, 0, 0, 0, 3, 0, 35),
(1238, 78, 6, '2012-01-01', 0, 'TB', 'W 45-24', 0, 0, 0, 172, 2, 0, 0, 0, 0, 0, 0, 3, 0, 32.2),
(1239, 78, 7, '2009-11-29', 0, 'TB', 'W 20-17', 0, 0, 0, 33, 0, 0, 0, 0, 0, 0, 0, 0, 0, 3.3),
(1240, 78, 8, '2008-12-28', 0, 'LAR', 'W 31-27', 0, 0, 0, 208, 1, 0, 0, 0, 0, 0, 0, 3, 0, 29.8),
(1241, 78, 9, '2008-12-14', 0, 'TB', 'W 13-10', 0, 0, 0, 152, 1, 2, 30, 0, 0, 0, 0, 3, 0, 29.2),
(1242, 78, 10, '2012-09-09', 1, 'KC', 'W 40-24', 0, 0, 0, 32, 0, 0, 0, 0, 0, 0, 0, 0, 0, 3.2),
(1243, 78, 11, '2009-11-02', 1, 'NO', 'L 27-35', 0, 0, 0, 151, 1, 0, 0, 0, 0, 0, 0, 3, 0, 24.1),
(1244, 78, 12, '2011-09-25', 1, 'TB', 'L 13-16', 0, 0, 0, 20, 0, 0, 0, 0, 0, 0, 0, 0, 0, 2),
(1245, 78, 13, '2012-11-25', 1, 'TB', 'W 24-23', 0, 0, 0, 17, 1, 3, 13, 0, 0, 0, 0, 0, 0, 12),
(1246, 78, 14, '2008-09-07', 0, 'DET', 'W 34-21', 0, 0, 0, 220, 2, 1, 6, 0, 0, 0, 0, 3, 0, 38.6),
(1247, 78, 15, '2008-11-02', 1, 'OAK', 'W 24-0', 0, 0, 0, 139, 0, 0, 0, 0, 0, 0, 0, 3, 0, 16.9),
(1248, 78, 16, '2009-10-18', 0, 'CHI', 'W 21-14', 0, 0, 0, 30, 1, 2, 16, 0, 0, 0, 0, 0, 0, 12.6),
(1249, 79, 1, '2007-09-30', 0, 'OAK', 'L 17-35', 0, 0, 0, 134, 1, 6, 73, 0, 0, 0, 0, 3, 0, 35.7),
(1250, 79, 2, '2009-10-04', 0, 'BUF', 'W 38-10', 0, 0, 0, 115, 2, 0, 0, 0, 0, 0, 0, 3, 0, 26.5),
(1251, 79, 3, '2006-11-05', 1, 'CHI', 'W 31-13', 0, 0, 0, 157, 0, 2, 33, 0, 0, 0, 0, 3, 0, 24),
(1252, 79, 4, '2009-09-21', 0, 'IND', 'L 23-27', 0, 0, 0, 136, 2, 0, 0, 0, 0, 0, 0, 3, 0, 28.6),
(1253, 79, 5, '2006-12-31', 1, 'IND', 'L 22-27', 0, 0, 0, 115, 0, 1, 10, 0, 0, 0, 0, 3, 0, 16.5),
(1254, 79, 6, '2007-10-07', 1, 'HOU', 'L 19-22', 0, 0, 0, 114, 1, 5, 39, 0, 0, 0, 0, 3, 0, 29.3),
(1255, 79, 7, '2009-11-01', 1, 'NYJ', 'W 30-25', 0, 0, 0, 27, 0, 1, 2, 0, 0, 0, 0, 0, 0, 3.9),
(1256, 79, 8, '2008-10-05', 0, 'SD', 'W 17-10', 0, 0, 0, 125, 1, 1, 8, 0, 0, 0, 0, 3, 0, 23.3),
(1257, 79, 9, '2005-09-25', 0, 'CAR', 'W 27-24', 0, 0, 0, 132, 1, 3, 15, 0, 0, 0, 0, 3, 0, 26.7),
(1258, 79, 10, '2008-09-14', 1, 'AZ', 'L 10-31', 0, 0, 0, 25, 1, 2, 19, 0, 0, 0, 0, 0, 0, 12.4),
(1259, 79, 11, '2008-10-19', 0, 'BAL', 'L 13-27', 0, 0, 0, 27, 0, 1, 1, 0, 0, 0, 0, 0, 0, 3.8),
(1260, 79, 12, '2010-10-04', 0, 'NE', 'L 14-41', 0, 0, 0, 27, 0, 4, 29, 0, 0, 0, 0, 0, 0, 9.6),
(1261, 79, 13, '2006-11-19', 0, 'MIN', 'W 24-20', 0, 0, 0, 5, 0, 0, 0, 0, 0, 0, 0, 0, 0, 0.5),
(1262, 79, 14, '2006-10-15', 1, 'NYJ', 'L 17-20', 0, 0, 0, 127, 1, 0, 0, 0, 0, 0, 0, 3, 0, 21.7),
(1263, 79, 15, '2008-09-21', 1, 'NE', 'W 38-13', 19, 1, 0, 113, 4, 1, 9, 0, 0, 0, 0, 3, 0, 44.96),
(1264, 79, 16, '2010-11-14', 0, 'TEN', 'W 29-17', 0, 0, 0, 11, 1, 0, 0, 0, 0, 0, 0, 0, 0, 7.1),
(1265, 80, 1, '1973-10-15', 1, 'CLE', 'W 17-9', 0, 0, 0, 114, 2, 0, 0, 0, 0, 0, 0, 3, 0, 26.4),
(1266, 80, 2, '1973-11-04', 1, 'NYJ', 'W 24-14', 0, 0, 0, 107, 0, 1, 9, 0, 0, 0, 0, 3, 0, 15.6),
(1267, 80, 3, '1969-11-09', 1, 'NE', 'W 17-16', 0, 0, 0, 121, 1, 1, 3, 0, 0, 0, 0, 3, 0, 22.4),
(1268, 80, 4, '1968-11-24', 1, 'NE', 'W 34-10', 0, 0, 0, 31, 0, 2, 8, 1, 0, 0, 0, 0, 0, 11.9),
(1269, 80, 5, '1974-12-02', 0, 'CIN', 'W 24-3', 0, 0, 0, 123, 0, 0, 0, 0, 0, 0, 0, 3, 0, 15.3),
(1270, 80, 6, '1972-10-22', 0, 'BUF', 'W 24-23', 0, 0, 0, 107, 1, 0, 0, 0, 0, 0, 0, 3, 0, 19.7),
(1271, 80, 7, '1972-09-17', 1, 'KC', 'W 20-10', 0, 0, 0, 118, 1, 0, 0, 0, 0, 0, 0, 3, 0, 20.8),
(1272, 80, 8, '1968-09-21', 0, 'OAK', 'L 21-47', 0, 0, 0, 17, 1, 2, 24, 0, 0, 0, 0, 0, 0, 12.1),
(1273, 80, 9, '1970-11-30', 1, 'ATL', 'W 20-7', 0, 0, 0, 108, 1, 1, -11, 0, 0, 0, 0, 3, 0, 19.7),
(1274, 80, 10, '1970-12-06', 0, 'NE', 'W 37-20', 0, 0, 0, 115, 1, 0, 0, 0, 0, 0, 0, 3, 0, 20.5),
(1275, 80, 11, '1970-11-22', 0, 'BAL', 'W 34-17', 0, 0, 0, 30, 0, 1, 5, 0, 0, 0, 0, 0, 0, 4.5),
(1276, 80, 12, '1972-11-27', 0, 'LAR', 'W 31-10', 0, 0, 0, 114, 0, 0, 0, 0, 0, 0, 0, 3, 0, 14.4),
(1277, 80, 13, '1970-11-15', 0, 'NO', 'W 21-10', 0, 0, 0, 29, 1, 0, 0, 0, 0, 0, 0, 0, 0, 8.9),
(1278, 80, 14, '1968-09-14', 0, 'HOU', 'L 10-24', 0, 0, 0, 26, 0, 2, -5, 0, 0, 0, 0, 0, 0, 4.1),
(1279, 80, 15, '1968-12-15', 0, 'NYJ', 'L 7-31', 0, 0, 0, 19, 1, 0, 0, 0, 0, 0, 0, 0, 0, 7.9),
(1280, 80, 16, '1971-10-24', 1, 'NYJ', 'W 30-14', 0, 0, 0, 137, 2, 1, 4, 0, 0, 0, 0, 3, 0, 30.1),
(1281, 81, 1, '2004-12-26', 0, 'ATL', 'W 26-13', 0, 0, 0, 128, 0, 0, 0, 0, 0, 0, 0, 3, 0, 15.8),
(1282, 81, 2, '2002-12-22', 1, 'CIN', 'L 13-20', 0, 0, 0, 26, 0, 0, 0, 0, 0, 0, 0, 0, 0, 2.6),
(1283, 81, 3, '2003-11-30', 1, 'WAS', 'W 24-20', 0, 0, 0, 165, 0, 4, 31, 0, 0, 0, 0, 3, 0, 26.6),
(1284, 81, 4, '2005-10-09', 1, 'GB', 'L 3-52', 0, 0, 0, 31, 0, 3, 33, 0, 0, 0, 0, 0, 0, 9.4),
(1285, 81, 5, '2006-12-03', 0, 'SF', 'W 34-10', 0, 0, 0, 136, 0, 1, 4, 0, 0, 0, 0, 3, 0, 18),
(1286, 81, 6, '2003-09-21', 1, 'TEN', 'L 12-27', 0, 0, 0, 8, 0, 3, 23, 0, 0, 0, 0, 0, 0, 6.1),
(1287, 81, 7, '2006-10-01', 1, 'CAR', 'L 18-21', 0, 0, 0, 39, 1, 1, 8, 0, 0, 0, 0, 0, 0, 11.7),
(1288, 81, 8, '2003-11-16', 0, 'ATL', 'W 23-20', 0, 0, 0, 173, 2, 9, 64, 0, 0, 0, 0, 3, 0, 47.7),
(1289, 81, 9, '2006-11-05', 1, 'TB', 'W 31-14', 0, 0, 0, 32, 1, 2, 12, 0, 0, 0, 0, 0, 0, 12.4),
(1290, 81, 10, '2005-01-02', 1, 'CAR', 'W 21-18', 0, 0, 0, 140, 1, 1, 14, 0, 0, 0, 0, 3, 0, 25.4),
(1291, 81, 11, '2004-11-14', 0, 'KC', 'W 27-20', 0, 0, 0, 127, 1, 0, 0, 0, 0, 0, 0, 3, 0, 21.7),
(1292, 81, 12, '2005-10-02', 0, 'BUF', 'W 19-7', 0, 0, 0, 130, 0, 2, 16, 0, 0, 0, 0, 3, 0, 19.6),
(1293, 81, 13, '2002-10-20', 0, 'SF', 'W 35-27', 0, 0, 0, 139, 0, 5, 35, 1, 0, 0, 0, 3, 0, 31.4),
(1294, 81, 14, '2002-12-08', 1, 'BAL', 'W 37-25', 0, 0, 0, 127, 3, 3, 10, 0, 0, 0, 0, 3, 0, 37.7),
(1295, 81, 15, '2007-09-06', 1, 'IND', 'L 10-41', 0, 0, 0, 38, 0, 2, 7, 0, 0, 0, 0, 0, 0, 6.5),
(1296, 81, 16, '2003-11-23', 1, 'PHI', 'L 20-33', 0, 0, 0, 184, 2, 4, 48, 0, 0, 0, 0, 3, 0, 42.2),
(1297, 82, 1, '2000-09-17', 1, 'SEA', 'L 10-20', 0, 0, 0, 107, 0, 5, 35, 0, 0, 0, 0, 3, 0, 22.2),
(1298, 82, 2, '2000-01-02', 1, 'CAR', 'L 13-45', 0, 0, 0, 7, 0, 5, 5, 0, 0, 0, 0, 0, 0, 6.2),
(1299, 82, 3, '2001-10-14', 1, 'CAR', 'W 27-25', 0, 0, 0, 147, 1, 4, 31, 0, 0, 0, 0, 3, 0, 30.8),
(1300, 82, 4, '1999-11-07', 0, 'TB', 'L 16-31', 0, 0, 0, 41, 0, 4, 22, 0, 0, 0, 0, 0, 0, 10.3),
(1301, 82, 5, '2000-10-08', 1, 'CHI', 'W 31-10', 0, 0, 0, 128, 1, 4, 57, 0, 0, 0, 0, 3, 0, 31.5),
(1302, 82, 6, '2001-12-23', 1, 'TB', 'L 21-48', 0, 0, 0, 26, 0, 4, 15, 0, 0, 0, 0, 0, 0, 8.1),
(1303, 82, 7, '2001-10-07', 0, 'MIN', 'W 28-15', 0, 0, 0, 136, 1, 5, 42, 0, 0, 0, 0, 3, 0, 31.8),
(1304, 82, 8, '1999-10-17', 0, 'TEN', 'L 21-24', 0, 0, 0, 35, 0, 0, 0, 0, 0, 0, 0, 0, 0, 3.5),
(1305, 82, 9, '1999-10-31', 0, 'CLE', 'L 16-21', 0, 0, 0, 179, 0, 3, 8, 0, 0, 0, 0, 3, 0, 24.7),
(1306, 82, 10, '2001-11-11', 1, 'SF', 'L 27-28', 0, 0, 0, 121, 0, 3, 52, 0, 0, 0, 0, 3, 0, 23.3),
(1307, 82, 11, '1999-10-24', 1, 'NYG', 'L 3-31', 0, 0, 0, 111, 0, 1, -9, 0, 0, 0, 0, 3, 0, 14.2),
(1308, 82, 12, '2002-01-06', 0, 'SF', 'L 0-38', 0, 0, 0, 33, 0, 4, -8, 0, 0, 0, 0, 0, 0, 6.5),
(1309, 82, 13, '2000-10-15', 0, 'CAR', 'W 24-6', 34, 0, 0, 144, 2, 3, 35, 0, 0, 0, 0, 3, 0, 37.26),
(1310, 82, 14, '2000-10-22', 1, 'ATL', 'W 21-19', 0, 0, 0, 156, 3, 4, 37, 0, 0, 0, 0, 3, 0, 44.3),
(1311, 82, 15, '2001-11-18', 0, 'IND', 'W 34-20', 0, 0, 0, 120, 1, 4, 48, 0, 0, 0, 0, 3, 0, 29.8),
(1312, 82, 16, '1999-09-12', 0, 'CAR', 'W 19-10', 0, 0, 0, 40, 0, 0, 0, 0, 0, 0, 0, 0, 0, 4),
(1313, 83, 1, '2002-10-06', 1, 'IND', 'L 21-28', 0, 0, 0, 164, 2, 6, 21, 0, 0, 0, 0, 3, 0, 39.5),
(1314, 83, 2, '2001-10-28', 1, 'DET', 'W 31-27', 0, 0, 0, 184, 2, 3, 18, 1, 0, 0, 0, 3, 0, 44.2),
(1315, 83, 3, '1999-10-31', 0, 'JAX', 'L 10-41', 0, 0, 0, 32, 0, 2, 25, 0, 0, 0, 0, 0, 0, 7.7),
(1316, 83, 4, '2000-11-05', 0, 'BAL', 'L 7-27', 0, 0, 0, 23, 0, 1, 9, 0, 0, 0, 0, 0, 0, 4.2),
(1317, 83, 5, '2002-10-27', 0, 'TEN', 'L 24-30', 0, 0, 0, 138, 1, 0, 0, 0, 0, 0, 0, 3, 0, 22.8),
(1318, 83, 6, '1998-09-20', 0, 'GB', 'L 6-13', 0, 0, 0, 28, 0, 0, 0, 0, 0, 0, 0, 0, 0, 2.8),
(1319, 83, 7, '2000-10-22', 0, 'DEN', 'W 31-21', 0, 0, 0, 278, 2, 0, 0, 0, 0, 0, 0, 3, 0, 42.8),
(1320, 83, 8, '2000-12-03', 0, 'AZ', 'W 24-13', 0, 0, 0, 216, 1, 0, 0, 0, 0, 0, 0, 3, 0, 30.6),
(1321, 83, 9, '2001-10-21', 0, 'CHI', 'L 0-24', 0, 0, 0, 30, 0, 0, 0, 0, 0, 0, 0, 0, 0, 3),
(1322, 83, 10, '2000-09-24', 1, 'BAL', 'L 0-37', 0, 0, 0, 9, 0, 3, 22, 0, 0, 0, 0, 0, 0, 6.1),
(1323, 83, 11, '1997-12-04', 0, 'TEN', 'W 41-14', 0, 0, 0, 246, 4, 2, 30, 0, 0, 0, 0, 3, 0, 56.6),
(1324, 83, 12, '1999-12-12', 0, 'CLE', 'W 44-28', 0, 0, 0, 192, 3, 2, 20, 0, 0, 0, 0, 3, 0, 44.2),
(1325, 83, 13, '2000-10-29', 1, 'CLE', 'W 12-3', 0, 0, 0, 137, 1, 0, 0, 0, 0, 0, 0, 3, 0, 22.7),
(1326, 83, 14, '1999-10-10', 1, 'CLE', 'W 18-17', 0, 0, 0, 168, 0, 1, 1, 0, 0, 0, 0, 3, 0, 20.9),
(1327, 83, 15, '2001-10-14', 0, 'CLE', 'W 24-14', 0, 0, 0, 140, 1, 3, 16, 0, 0, 0, 0, 3, 0, 27.6),
(1328, 83, 16, '1999-12-26', 1, 'BAL', 'L 0-22', 0, 0, 0, 27, 0, 5, 30, 0, 0, 0, 0, 0, 0, 10.7),
(1329, 84, 1, '2004-10-03', 1, 'PIT', 'L 17-28', 0, 0, 0, 123, 1, 0, 0, 0, 0, 0, 0, 3, 0, 21.3),
(1330, 84, 2, '2006-09-17', 0, 'CLE', 'W 34-17', 0, 0, 0, 145, 2, 2, 3, 0, 0, 0, 0, 3, 0, 31.8),
(1331, 84, 3, '2003-11-09', 0, 'HOU', 'W 34-27', 0, 0, 0, 182, 2, 2, 18, 0, 0, 0, 0, 3, 0, 37),
(1332, 84, 4, '2006-12-24', 1, 'DEN', 'L 23-24', 0, 0, 0, 129, 1, 2, 11, 0, 0, 0, 0, 3, 0, 25),
(1333, 84, 5, '2003-12-14', 0, 'SF', 'W 41-38', 0, 0, 0, 174, 2, 2, 8, 0, 0, 0, 0, 3, 0, 35.2),
(1334, 84, 6, '2004-12-19', 0, 'BUF', 'L 17-33', 0, 0, 0, 130, 1, 0, 0, 0, 0, 0, 0, 3, 0, 22),
(1335, 84, 7, '2003-11-16', 0, 'KC', 'W 24-19', 0, 0, 0, 165, 0, 2, 12, 0, 0, 0, 0, 3, 0, 22.7),
(1336, 84, 8, '2003-12-21', 1, 'LAR', 'L 10-27', 0, 0, 0, 30, 0, 2, 17, 0, 0, 0, 0, 0, 0, 6.7),
(1337, 84, 9, '2006-01-01', 1, 'KC', 'L 3-37', 0, 0, 0, 18, 0, 1, -1, 0, 0, 0, 0, 0, 0, 2.7),
(1338, 84, 10, '2005-12-11', 0, 'CLE', 'W 23-20', 0, 0, 0, 169, 1, 3, 11, 0, 0, 0, 0, 3, 0, 30),
(1339, 84, 11, '2007-12-02', 1, 'PIT', 'L 10-24', 0, 0, 0, 34, 1, 0, 0, 0, 0, 0, 0, 0, 0, 9.4),
(1340, 84, 12, '2005-09-11', 1, 'CLE', 'W 27-13', 0, 0, 0, 126, 1, 2, 12, 0, 0, 0, 0, 3, 0, 24.8),
(1341, 84, 13, '2003-11-30', 1, 'PIT', 'W 24-20', 0, 0, 0, 29, 0, 1, 4, 0, 0, 0, 0, 0, 0, 4.3),
(1342, 84, 14, '2007-09-23', 1, 'SEA', 'L 21-24', 0, 0, 0, 9, 0, 1, 33, 0, 0, 0, 0, 0, 0, 5.2),
(1343, 84, 15, '2004-12-26', 0, 'NYG', 'W 23-22', 0, 0, 0, 31, 1, 2, 13, 0, 0, 0, 0, 0, 0, 12.4),
(1344, 84, 16, '2004-11-28', 0, 'CLE', 'W 58-48', 0, 0, 0, 202, 2, 1, 5, 0, 0, 0, 0, 3, 0, 36.7),
(1345, 85, 1, '2001-12-09', 1, 'DEN', 'L 7-20', 0, 0, 0, 28, 0, 2, 4, 0, 0, 0, 0, 0, 0, 5.2),
(1346, 85, 2, '2004-11-07', 1, 'SF', 'W 42-27', 0, 0, 0, 160, 2, 0, 0, 0, 0, 0, 0, 3, 0, 31),
(1347, 85, 3, '2005-11-06', 1, 'AZ', 'W 33-19', 0, 0, 0, 173, 2, 0, 0, 0, 0, 0, 0, 3, 0, 32.3),
(1348, 85, 4, '2001-10-07', 0, 'JAX', 'W 24-15', 0, 0, 0, 176, 2, 2, 15, 0, 0, 0, 0, 3, 0, 36.1),
(1349, 85, 5, '2002-10-20', 1, 'LAR', 'L 20-37', 0, 0, 0, 30, 0, 1, 16, 0, 0, 0, 0, 0, 0, 5.6),
(1350, 85, 6, '2004-11-14', 1, 'LAR', 'L 12-23', 0, 0, 0, 176, 0, 1, 3, 0, 0, 0, 0, 3, 0, 21.9),
(1351, 85, 7, '2005-11-13', 0, 'LAR', 'W 31-16', 0, 0, 0, 165, 3, 1, 9, 0, 0, 0, 0, 3, 0, 39.4),
(1352, 85, 8, '2004-10-31', 0, 'CAR', 'W 23-17', 0, 0, 0, 195, 1, 3, 13, 1, 0, 0, 0, 3, 0, 38.8),
(1353, 85, 9, '2005-12-18', 1, 'TEN', 'W 28-24', 0, 0, 0, 172, 1, 0, 0, 0, 0, 0, 0, 3, 0, 26.2),
(1354, 85, 10, '2006-11-27', 0, 'GB', 'W 34-24', 0, 0, 0, 201, 0, 0, 0, 0, 0, 0, 0, 3, 0, 23.1),
(1355, 85, 11, '2001-09-30', 1, 'OAK', 'L 14-38', 0, 0, 0, 18, 1, 7, 66, 0, 0, 0, 0, 0, 0, 21.4),
(1356, 85, 12, '2002-11-17', 0, 'DEN', 'L 9-31', 0, 0, 0, 18, 0, 6, 23, 0, 0, 0, 0, 0, 0, 10.1),
(1357, 85, 13, '2007-11-04', 1, 'CLE', 'L 30-33', 0, 0, 0, 32, 0, 1, 1, 0, 0, 0, 0, 0, 0, 4.3),
(1358, 85, 14, '2004-12-26', 0, 'AZ', 'W 24-21', 0, 0, 0, 154, 3, 0, 0, 0, 0, 0, 0, 3, 0, 36.4),
(1359, 85, 15, '2007-10-07', 1, 'PIT', 'L 0-21', 0, 0, 0, 25, 0, 3, 7, 0, 0, 0, 0, 0, 0, 6.2),
(1360, 85, 16, '2001-11-11', 0, 'OAK', 'W 34-27', 0, 0, 0, 266, 3, 1, 7, 0, 0, 0, 0, 3, 0, 49.3),
(1361, 86, 1, '1995-10-29', 1, 'AZ', 'L 14-20', 0, 0, 0, 127, 0, 0, 0, 0, 0, 0, 0, 3, 0, 15.7),
(1362, 86, 2, '1994-09-25', 0, 'PIT', 'W 30-13', 0, 0, 0, 126, 1, 3, 14, 0, 0, 0, 0, 3, 0, 26),
(1363, 86, 3, '1994-11-13', 1, 'DEN', 'L 10-17', 0, 0, 0, 122, 1, 4, 78, 0, 0, 0, 0, 3, 0, 33),
(1364, 86, 4, '1995-11-19', 1, 'WAS', 'W 27-20', 0, 0, 0, 136, 1, 3, -24, 0, 0, 0, 0, 3, 0, 23.2),
(1365, 86, 5, '1992-09-20', 1, 'NE', 'W 10-6', 0, 0, 0, 122, 1, 1, 7, 0, 0, 0, 0, 3, 0, 22.9),
(1366, 86, 6, '1991-10-20', 1, 'PIT', 'W 27-7', 0, 0, 0, 13, 0, 1, -3, 0, 0, 0, 0, 0, 0, 2),
(1367, 86, 7, '1993-12-19', 0, 'AZ', 'L 27-30', 0, 0, 0, 168, 1, 0, 0, 0, 0, 0, 0, 3, 0, 25.8),
(1368, 86, 8, '1995-12-24', 1, 'KC', 'L 3-26', 0, 0, 0, 7, 0, 1, 8, 0, 0, 0, 0, 0, 0, 2.5),
(1369, 86, 9, '1993-09-19', 1, 'NE', 'W 17-14', 0, 0, 0, 174, 1, 0, 0, 0, 0, 0, 0, 3, 0, 26.4),
(1370, 86, 10, '1992-11-22', 0, 'KC', 'L 14-24', 0, 0, 0, 154, 1, 0, 0, 0, 0, 0, 0, 3, 0, 24.4),
(1371, 86, 11, '1996-09-15', 0, 'KC', 'L 17-35', 0, 0, 0, 6, 0, 3, 26, 0, 0, 0, 0, 0, 0, 6.2),
(1372, 86, 12, '1994-12-11', 1, 'HOU', 'W 16-14', 0, 0, 0, 185, 1, 0, 0, 0, 0, 0, 0, 3, 0, 27.5),
(1373, 86, 13, '1996-10-27', 0, 'SD', 'W 32-13', 0, 0, 0, 146, 1, 4, 40, 0, 0, 0, 0, 3, 0, 31.6),
(1374, 86, 14, '1996-10-06', 1, 'MIA', 'W 22-15', 0, 0, 0, 18, 0, 3, 18, 0, 0, 0, 0, 0, 0, 6.6),
(1375, 86, 15, '1997-12-07', 1, 'BAL', 'L 24-31', 0, 0, 0, 20, 0, 1, -1, 0, 0, 0, 0, 0, 0, 2.9),
(1376, 86, 16, '1993-10-24', 0, 'NE', 'W 10-9', 0, 0, 0, 26, 0, 3, 11, 0, 0, 0, 0, 0, 0, 6.7),
(1377, 87, 1, '1998-11-01', 0, 'MIN', 'W 27-24', 0, 0, 0, 115, 1, 4, 49, 0, 0, 0, 0, 3, 0, 29.4),
(1378, 87, 2, '2001-10-14', 1, 'TEN', 'L 28-31', 0, 0, 0, 16, 1, 7, 65, 1, 0, 0, 0, 0, 0, 27.1),
(1379, 87, 3, '1998-11-15', 1, 'JAX', 'L 24-29', 0, 0, 0, 107, 0, 2, 14, 0, 0, 0, 0, 3, 0, 17.1),
(1380, 87, 4, '1997-11-30', 1, 'NYG', 'W 20-8', 0, 0, 0, 120, 0, 2, 49, 0, 0, 0, 0, 3, 0, 21.9),
(1381, 87, 5, '2000-12-03', 0, 'DAL', 'W 27-7', 0, 0, 0, 210, 2, 2, 11, 0, 0, 0, 0, 3, 0, 39.1),
(1382, 87, 6, '2000-10-01', 1, 'WAS', 'L 17-20', 0, 0, 0, 3, 0, 4, 36, 0, 0, 0, 0, 0, 0, 7.9),
(1383, 87, 7, '2000-11-26', 0, 'BUF', 'W 31-17', 0, 0, 0, 106, 2, 1, 23, 0, 0, 0, 0, 3, 0, 28.9),
(1384, 87, 8, '2000-12-18', 0, 'LAR', 'W 38-35', 0, 0, 0, 145, 3, 5, 53, 0, 0, 0, 0, 3, 0, 45.8),
(1385, 87, 9, '1997-09-21', 0, 'MIA', 'W 31-21', 0, 0, 0, 17, 0, 6, 106, 1, 0, 0, 0, 0, 3, 27.3),
(1386, 87, 10, '1997-12-21', 0, 'CHI', 'W 31-15', 0, 0, 0, 119, 0, 3, 18, 0, 0, 0, 0, 3, 0, 19.7),
(1387, 87, 11, '2008-10-12', 0, 'CAR', 'W 27-3', 0, 0, 0, 115, 0, 3, 18, 0, 0, 0, 0, 3, 0, 19.3),
(1388, 87, 12, '1997-09-28', 0, 'AZ', 'W 19-18', 0, 0, 0, 27, 0, 2, 10, 0, 0, 0, 0, 0, 0, 5.7),
(1389, 87, 13, '1997-09-07', 1, 'DET', 'W 24-17', 0, 0, 0, 130, 1, 2, 20, 0, 0, 0, 0, 3, 0, 26),
(1390, 87, 14, '1997-10-05', 1, 'GB', 'L 16-21', 0, 0, 0, 125, 1, 1, 4, 0, 0, 0, 0, 3, 0, 22.9),
(1391, 87, 15, '1999-12-26', 0, 'GB', 'W 29-10', 0, 0, 0, 25, 0, 6, 48, 1, 0, 0, 0, 0, 0, 19.3),
(1392, 87, 16, '1997-10-12', 0, 'DET', 'L 9-27', 0, 0, 0, 9, 0, 3, 71, 1, 0, 0, 0, 0, 0, 17),
(1393, 88, 1, '1994-11-13', 1, 'DET', 'L 9-14', 0, 0, 0, 112, 0, 1, 6, 0, 0, 0, 0, 3, 0, 15.8),
(1394, 88, 2, '1994-12-11', 0, 'LAR', 'W 24-14', 0, 0, 0, 119, 1, 1, 4, 0, 0, 0, 0, 3, 0, 22.3),
(1395, 88, 3, '1996-10-27', 1, 'GB', 'L 7-13', 0, 0, 0, 29, 0, 0, 0, 0, 0, 0, 0, 0, 0, 2.9),
(1396, 88, 4, '1995-11-26', 1, 'GB', 'L 13-35', 0, 0, 0, 11, 1, 1, 17, 0, 0, 0, 0, 0, 0, 9.8),
(1397, 88, 5, '1995-12-03', 1, 'MIN', 'L 17-31', 0, 0, 0, 96, 0, 1, -3, 0, 0, 0, 0, 0, 0, 10.3),
(1398, 88, 6, '1995-09-24', 0, 'WAS', 'W 14-6', 0, 0, 0, 104, 1, 0, 0, 0, 0, 0, 0, 3, 0, 19.4),
(1399, 88, 7, '1995-11-12', 1, 'DET', 'L 24-27', 0, 0, 0, 144, 0, 0, 0, 0, 0, 0, 0, 3, 0, 17.4),
(1400, 88, 8, '1996-12-08', 0, 'WAS', 'W 24-10', 0, 0, 0, 97, 0, 0, 0, 0, 0, 0, 0, 0, 0, 9.7),
(1401, 88, 9, '1995-12-17', 1, 'CHI', 'L 10-31', 0, 0, 0, 33, 0, 1, 4, 0, 0, 0, 0, 0, 0, 4.7),
(1402, 88, 10, '1996-12-15', 1, 'MIN', 'L 10-21', 0, 0, 0, 28, 1, 0, 0, 0, 0, 0, 0, 0, 0, 8.8),
(1403, 88, 11, '1995-12-10', 0, 'GB', 'W 13-10', 0, 0, 0, 118, 0, 0, 0, 0, 0, 0, 0, 3, 0, 14.8),
(1404, 88, 12, '1995-11-19', 0, 'JAX', 'W 17-16', 0, 0, 0, 100, 2, 0, 0, 0, 0, 0, 0, 3, 0, 25),
(1405, 88, 13, '1996-11-17', 1, 'SD', 'W 25-17', 0, 0, 0, 24, 1, 2, 5, 0, 0, 0, 0, 0, 0, 10.9),
(1406, 88, 14, '1994-12-04', 0, 'WAS', 'W 26-21', 0, 0, 0, 192, 1, 0, 0, 0, 0, 0, 0, 3, 0, 28.2),
(1407, 88, 15, '1994-11-06', 0, 'CHI', 'L 6-20', 0, 0, 0, 20, 0, 1, 5, 0, 0, 0, 0, 0, 0, 3.5),
(1408, 88, 16, '1994-11-20', 1, 'SEA', 'L 21-22', 0, 0, 0, 111, 0, 1, 7, 0, 0, 0, 0, 3, 0, 15.8),
(1409, 89, 1, '2001-10-21', 1, 'WAS', 'L 14-17', 0, 0, 0, 121, 1, 4, 29, 0, 0, 0, 0, 3, 0, 28),
(1410, 89, 2, '2000-10-15', 1, 'NO', 'L 6-24', 0, 0, 0, 5, 0, 1, 6, 0, 0, 0, 0, 0, 0, 2.1),
(1411, 89, 3, '2000-10-01', 0, 'DAL', 'L 13-16', 0, 0, 0, 86, 1, 6, 48, 0, 0, 0, 0, 0, 0, 25.4),
(1412, 89, 4, '1998-12-13', 0, 'WAS', 'L 25-28', 0, 0, 0, 103, 1, 2, 71, 1, 0, 0, 0, 3, 0, 34.4),
(1413, 89, 5, '2000-09-17', 0, 'ATL', 'L 10-15', 0, 0, 0, 45, 0, 5, 62, 0, 0, 0, 0, 0, 0, 15.7),
(1414, 89, 6, '2000-10-29', 1, 'ATL', 'L 12-13', 0, 0, 0, 23, 0, 4, 51, 0, 0, 0, 0, 0, 0, 11.4),
(1415, 89, 7, '2001-10-14', 0, 'NO', 'L 25-27', 0, 0, 0, 30, 0, 3, 58, 0, 0, 0, 0, 0, 0, 11.8),
(1416, 89, 8, '2000-11-12', 0, 'NO', 'L 10-20', 0, 0, 0, 22, 0, 3, 40, 0, 0, 0, 0, 0, 0, 9.2),
(1417, 89, 9, '2000-09-03', 1, 'WAS', 'L 17-20', 0, 0, 0, 88, 0, 2, 20, 0, 0, 0, 0, 0, 0, 12.8),
(1418, 89, 10, '1999-12-05', 0, 'LAR', 'L 21-34', 0, 0, 0, 42, 0, 3, 17, 0, 0, 0, 0, 0, 0, 8.9),
(1419, 89, 11, '1998-12-27', 1, 'IND', 'W 27-19', 0, 0, 0, 109, 1, 2, 23, 0, 0, 0, 0, 3, 0, 24.2),
(1420, 89, 12, '2000-10-08', 0, 'SEA', 'W 26-3', 0, 0, 0, 103, 0, 4, 38, 0, 0, 0, 0, 3, 0, 21.1),
(1421, 89, 13, '1999-10-03', 1, 'WAS', 'L 36-38', 0, 0, 0, 142, 3, 1, 12, 0, 0, 0, 0, 3, 0, 37.4),
(1422, 89, 14, '1999-11-21', 1, 'CLE', 'W 31-17', 0, 0, 0, 93, 0, 3, 42, 0, 0, 0, 0, 0, 0, 16.5),
(1423, 89, 15, '1997-10-26', 0, 'ATL', 'W 21-12', 0, 0, 0, 104, 2, 0, 0, 0, 0, 0, 0, 3, 0, 25.4),
(1424, 89, 16, '1999-11-28', 0, 'ATL', 'W 34-28', 0, 0, 0, 94, 1, 3, 25, 0, 0, 0, 0, 0, 0, 20.9),
(1425, 90, 1, '1998-10-04', 1, 'ATL', 'L 23-51', 0, 0, 0, 48, 0, 1, 4, 0, 0, 0, 0, 0, 0, 6.2),
(1426, 90, 2, '1998-09-06', 0, 'ATL', 'L 14-19', 0, 0, 0, 40, 0, 1, 15, 0, 0, 0, 0, 0, 0, 6.5),
(1427, 90, 3, '1998-11-08', 1, 'SF', 'L 23-25', 0, 0, 0, 44, 0, 3, 15, 0, 0, 0, 0, 0, 0, 8.9),
(1428, 90, 4, '1997-12-14', 0, 'GB', 'L 10-31', 0, 0, 0, 119, 1, 0, 0, 0, 0, 0, 0, 3, 0, 20.9),
(1429, 90, 5, '1997-12-20', 0, 'LAR', 'L 18-30', 0, 0, 0, 78, 0, 0, 0, 0, 0, 0, 0, 0, 0, 7.8),
(1430, 90, 6, '1998-10-25', 0, 'BUF', 'L 14-30', 0, 0, 0, 74, 0, 1, 3, 0, 0, 0, 0, 0, 0, 8.7),
(1431, 90, 7, '1999-12-26', 1, 'PIT', 'L 20-30', 0, 0, 0, 90, 1, 2, 0, 0, 0, 0, 0, 0, 0, 17),
(1432, 90, 8, '1997-09-14', 1, 'SD', 'W 26-7', 0, 0, 0, 52, 0, 2, 2, 0, 0, 0, 0, 0, 0, 7.4),
(1433, 90, 9, '1997-12-08', 1, 'DAL', 'W 23-13', 0, 0, 0, 138, 0, 1, 7, 0, 0, 0, 0, 3, 0, 18.5),
(1434, 90, 10, '1997-11-23', 1, 'LAR', 'W 16-10', 0, 0, 0, 41, 0, 0, 0, 0, 0, 0, 0, 0, 0, 4.1),
(1435, 90, 11, '1998-09-27', 0, 'GB', 'L 30-37', 0, 0, 0, 52, 0, 2, 10, 0, 0, 0, 0, 0, 0, 8.2),
(1436, 90, 12, '1998-09-13', 1, 'NO', 'L 14-19', 0, 0, 0, 100, 0, 1, 3, 0, 0, 0, 0, 3, 0, 14.3),
(1437, 90, 13, '1997-11-02', 0, 'OAK', 'W 38-14', 0, 0, 0, 147, 3, 2, 11, 0, 0, 0, 0, 3, 0, 38.8),
(1438, 90, 14, '1997-11-30', 0, 'NO', 'L 13-16', 0, 0, 0, 112, 1, 1, 7, 0, 0, 0, 0, 3, 0, 21.9),
(1439, 90, 15, '1998-11-01', 0, 'NO', 'W 31-17', 0, 0, 0, 101, 1, 0, 0, 0, 0, 0, 0, 3, 0, 19.1),
(1440, 90, 16, '1999-11-07', 0, 'PHI', 'W 33-7', 0, 0, 0, 74, 0, 2, 20, 0, 0, 0, 0, 0, 0, 11.4),
(1441, 91, 1, '2009-10-18', 0, 'LAR', 'W 23-20', 0, 0, 0, 133, 3, 5, 45, 0, 0, 0, 0, 3, 0, 43.8),
(1442, 91, 2, '2006-12-10', 0, 'IND', 'W 44-17', 0, 0, 0, 166, 2, 1, 15, 0, 1, 0, 0, 3, 0, 40.1),
(1443, 91, 3, '2007-11-25', 0, 'BUF', 'W 36-14', 0, 0, 0, 10, 1, 2, 16, 0, 0, 0, 0, 0, 0, 10.6),
(1444, 91, 4, '2007-12-09', 0, 'CAR', 'W 37-6', 0, 0, 0, 24, 0, 2, 21, 0, 0, 0, 0, 0, 0, 6.5),
(1445, 91, 5, '2013-09-15', 1, 'OAK', 'L 9-19', 0, 0, 0, 27, 0, 1, 1, 0, 0, 0, 0, 0, 0, 3.8),
(1446, 91, 6, '2010-10-31', 1, 'DAL', 'W 35-17', 0, 0, 0, 135, 0, 2, 13, 0, 0, 0, 0, 3, 0, 19.8),
(1447, 91, 7, '2006-12-24', 0, 'NE', 'L 21-24', 0, 0, 0, 131, 2, 6, 41, 0, 0, 0, 0, 3, 0, 38.2),
(1448, 91, 8, '2010-12-05', 1, 'TEN', 'W 17-6', 0, 0, 0, 186, 0, 1, 4, 0, 0, 0, 0, 3, 0, 23),
(1449, 91, 9, '2012-09-23', 1, 'IND', 'W 22-17', 0, 0, 0, 177, 1, 2, 16, 0, 0, 0, 0, 3, 0, 30.3),
(1450, 91, 10, '2012-01-01', 0, 'IND', 'W 19-13', 0, 0, 0, 169, 0, 1, 4, 0, 0, 0, 0, 3, 0, 21.3),
(1451, 91, 11, '2013-11-17', 0, 'AZ', 'L 14-27', 0, 0, 0, 23, 1, 4, 12, 0, 0, 0, 0, 0, 0, 13.5),
(1452, 91, 12, '2008-10-26', 0, 'CLE', 'L 17-23', 0, 0, 0, 29, 0, 3, 19, 0, 0, 0, 0, 0, 0, 7.8),
(1453, 91, 13, '2010-11-21', 0, 'CLE', 'W 24-20', 0, 0, 1, 133, 1, 3, 87, 0, 0, 0, 0, 3, 0, 33),
(1454, 91, 14, '2008-10-12', 1, 'DEN', 'W 24-17', 0, 0, 0, 125, 2, 2, 23, 0, 0, 0, 0, 3, 0, 31.8),
(1455, 91, 15, '2013-09-29', 0, 'IND', 'L 3-37', 0, 0, 0, 23, 0, 1, 5, 0, 0, 0, 0, 0, 0, 3.8),
(1456, 91, 16, '2007-10-14', 0, 'HOU', 'W 37-17', 0, 0, 0, 125, 2, 4, 59, 0, 0, 0, 0, 3, 0, 37.4),
(1457, 92, 1, '1998-12-13', 0, 'TEN', 'L 13-16', 0, 0, 0, 42, 1, 7, 32, 0, 0, 0, 0, 0, 0, 20.4),
(1458, 92, 2, '2008-10-05', 0, 'PIT', 'L 21-26', 0, 0, 0, 19, 0, 2, 6, 0, 0, 0, 0, 0, 0, 4.5),
(1459, 92, 3, '2004-12-19', 1, 'GB', 'W 28-25', 0, 0, 0, 165, 1, 0, 0, 0, 0, 0, 0, 3, 0, 25.5),
(1460, 92, 4, '2003-12-07', 0, 'HOU', 'W 27-0', 0, 0, 0, 163, 1, 0, 0, 0, 0, 0, 0, 3, 0, 25.3),
(1461, 92, 5, '2000-10-01', 0, 'PIT', 'L 13-24', 0, 0, 0, 24, 0, 4, 14, 0, 0, 0, 0, 0, 0, 7.8),
(1462, 92, 6, '2000-12-03', 0, 'CLE', 'W 48-0', 0, 0, 0, 181, 3, 1, 6, 0, 0, 0, 0, 3, 0, 40.7),
(1463, 92, 7, '2003-12-21', 0, 'NO', 'W 20-19', 0, 0, 0, 194, 1, 2, 31, 0, 0, 0, 0, 3, 0, 33.5),
(1464, 92, 8, '2003-10-12', 0, 'MIA', 'L 10-24', 0, 0, 0, 35, 0, 8, 64, 0, 0, 0, 0, 0, 0, 17.9),
(1465, 92, 9, '2005-12-11', 0, 'IND', 'L 18-26', 0, 0, 0, 19, 0, 0, 0, 0, 0, 0, 0, 0, 0, 1.9),
(1466, 92, 10, '1998-12-06', 0, 'DET', 'W 37-22', 0, 0, 0, 183, 2, 3, 23, 0, 0, 0, 0, 3, 0, 38.6),
(1467, 92, 11, '2008-09-28', 0, 'HOU', 'W 30-27', 0, 0, 0, 25, 0, 3, 21, 0, 0, 0, 0, 0, 0, 7.6),
(1468, 92, 12, '2003-11-09', 0, 'IND', 'W 28-23', 0, 0, 0, 152, 2, 0, 0, 0, 0, 0, 0, 3, 0, 30.2),
(1469, 92, 13, '2004-11-28', 1, 'MIN', 'L 16-27', 0, 0, 0, 147, 0, 1, 13, 0, 0, 0, 0, 3, 0, 20),
(1470, 92, 14, '2002-10-20', 1, 'BAL', 'L 10-17', 0, 0, 0, 151, 1, 8, 46, 0, 0, 0, 0, 3, 0, 36.7),
(1471, 92, 15, '2000-11-19', 1, 'PIT', 'W 34-24', 0, 0, 0, 234, 3, 3, 14, 1, 0, 0, 0, 3, 0, 54.8),
(1472, 92, 16, '2005-10-30', 1, 'LAR', 'L 21-24', 0, 0, 0, 165, 1, 2, -1, 0, 0, 0, 0, 3, 0, 27.4),
(1473, 93, 1, '2004-12-26', 1, 'PIT', 'L 7-20', 0, 0, 0, 26, 1, 2, 16, 0, 0, 0, 0, 0, 0, 12.2),
(1474, 93, 2, '2005-01-02', 0, 'MIA', 'W 30-23', 0, 0, 0, 167, 1, 0, 0, 0, 0, 0, 0, 3, 0, 25.7),
(1475, 93, 3, '2000-11-19', 0, 'DAL', 'W 27-0', 0, 0, 0, 187, 0, 4, 20, 0, 0, 0, 0, 3, 0, 27.7),
(1476, 93, 4, '2005-10-23', 1, 'CHI', 'L 6-10', 0, 0, 0, 34, 0, 2, 6, 0, 0, 0, 0, 0, 0, 6),
(1477, 93, 5, '2004-09-26', 1, 'CIN', 'W 23-9', 0, 0, 0, 186, 1, 1, 46, 0, 0, 0, 0, 3, 0, 33.2),
(1478, 93, 6, '2002-11-10', 0, 'CIN', 'W 38-27', 0, 0, 0, 135, 2, 0, 0, 0, 0, 0, 0, 3, 0, 28.5),
(1479, 93, 7, '2005-11-20', 0, 'PIT', 'W 16-13', 0, 0, 0, 28, 0, 0, 0, 0, 0, 0, 0, 0, 0, 2.8),
(1480, 93, 8, '2002-10-27', 0, 'PIT', 'L 18-31', 0, 0, 0, 34, 0, 5, 50, 0, 0, 0, 0, 0, 0, 13.4),
(1481, 93, 9, '2003-12-21', 1, 'CLE', 'W 35-0', 0, 0, 0, 205, 2, 3, 21, 0, 0, 0, 0, 3, 0, 40.6),
(1482, 93, 10, '2003-12-07', 0, 'CIN', 'W 31-13', 0, 0, 0, 180, 3, 0, 0, 0, 0, 0, 0, 3, 0, 39),
(1483, 93, 11, '2000-11-26', 0, 'CLE', 'W 44-7', 0, 0, 0, 170, 2, 0, 0, 0, 0, 0, 0, 3, 0, 32),
(1484, 93, 12, '2002-10-06', 1, 'CLE', 'W 26-21', 0, 0, 0, 187, 0, 5, 26, 0, 0, 0, 0, 3, 0, 29.3),
(1485, 93, 13, '2000-10-15', 1, 'WAS', 'L 3-10', 0, 0, 0, 34, 0, 3, 4, 0, 0, 0, 0, 0, 0, 6.8),
(1486, 93, 14, '2003-09-14', 0, 'CLE', 'W 33-13', 0, 0, 0, 295, 2, 0, 0, 0, 0, 0, 0, 3, 0, 44.5),
(1487, 93, 15, '2003-10-26', 0, 'DEN', 'W 26-6', 0, 0, 0, 134, 1, 3, 28, 0, 0, 0, 0, 3, 0, 28.2),
(1488, 93, 16, '2005-09-18', 1, 'TEN', 'L 10-25', 0, 0, 0, 9, 0, 4, 32, 0, 0, 0, 0, 0, 0, 8.1),
(1489, 94, 1, '2012-01-01', 1, 'CIN', 'W 24-16', 0, 0, 0, 191, 2, 2, 8, 0, 0, 0, 0, 3, 0, 36.9),
(1490, 94, 2, '2013-11-17', 1, 'CHI', 'L 20-23', 0, 0, 0, 131, 1, 3, 17, 0, 0, 0, 0, 3, 0, 26.8),
(1491, 94, 3, '2013-11-03', 1, 'CLE', 'L 18-24', 0, 0, 0, 17, 0, 3, 21, 0, 0, 0, 0, 0, 0, 6.8),
(1492, 94, 4, '2013-10-13', 0, 'GB', 'L 17-19', 0, 0, 0, 34, 0, 3, 15, 0, 0, 0, 0, 0, 0, 7.9),
(1493, 94, 5, '2010-10-10', 0, 'DEN', 'W 31-17', 0, 0, 0, 133, 2, 4, 26, 0, 0, 0, 0, 3, 0, 34.9),
(1494, 94, 6, '2012-12-09', 1, 'WAS', 'L 28-31', 0, 0, 0, 121, 1, 3, 15, 0, 0, 0, 0, 3, 0, 25.6),
(1495, 94, 7, '2010-12-19', 0, 'NO', 'W 30-24', 0, 0, 0, 153, 1, 5, 80, 1, 0, 0, 0, 3, 0, 43.3),
(1496, 94, 8, '2012-11-11', 0, 'OAK', 'W 55-20', 0, 0, 0, 35, 1, 4, 33, 0, 0, 0, 0, 0, 0, 16.8),
(1497, 94, 9, '2008-11-02', 1, 'CLE', 'W 37-27', 0, 0, 0, 154, 0, 3, 22, 0, 0, 0, 0, 3, 0, 23.6),
(1498, 94, 10, '2013-11-28', 0, 'PIT', 'W 22-20', 0, 0, 0, 32, 0, 6, 38, 0, 0, 0, 0, 0, 0, 13),
(1499, 94, 11, '2013-11-24', 0, 'NYJ', 'W 19-3', 0, 0, 0, 30, 0, 1, -3, 0, 0, 0, 0, 0, 0, 3.7),
(1500, 94, 12, '2011-12-04', 1, 'CLE', 'W 24-10', 0, 0, 0, 204, 1, 2, 10, 0, 0, 0, 0, 3, 0, 32.4),
(1501, 94, 13, '2009-12-13', 0, 'DET', 'W 48-3', 0, 0, 0, 166, 1, 4, 53, 0, 0, 0, 0, 3, 0, 34.9),
(1502, 94, 14, '2013-11-10', 0, 'CIN', 'W 20-17', 0, 0, 0, 30, 0, 6, 26, 0, 0, 0, 0, 0, 0, 11.6),
(1503, 94, 15, '2009-12-27', 1, 'PIT', 'L 20-23', 0, 0, 0, 141, 0, 1, 14, 0, 0, 0, 0, 3, 0, 19.5),
(1504, 94, 16, '2009-09-13', 0, 'KC', 'W 38-24', 0, 0, 0, 108, 0, 2, 12, 0, 0, 0, 0, 3, 0, 17),
(1505, 95, 1, '1982-12-19', 1, 'PHI', 'L 14-35', 0, 0, 0, 26, 0, 2, 6, 0, 0, 0, 0, 0, 0, 5.2),
(1506, 95, 2, '1980-10-19', 0, 'TB', 'W 20-14', 0, 0, 0, 203, 0, 1, 8, 0, 0, 0, 0, 3, 0, 25.1),
(1507, 95, 3, '1980-10-12', 1, 'KC', 'L 20-21', 0, 0, 0, 178, 1, 0, 0, 0, 0, 0, 0, 3, 0, 26.8),
(1508, 95, 4, '1981-12-03', 0, 'CLE', 'W 17-13', 0, 0, 0, 31, 1, 2, 3, 0, 0, 0, 0, 0, 0, 11.4),
(1509, 95, 5, '1979-09-09', 1, 'PIT', 'L 7-38', 0, 0, 0, 38, 0, 1, 4, 0, 0, 0, 0, 0, 0, 5.2),
(1510, 95, 6, '1980-12-21', 0, 'MIN', 'W 20-16', 0, 0, 0, 203, 1, 1, -1, 0, 0, 0, 0, 3, 0, 30.2),
(1511, 95, 7, '1979-11-22', 1, 'DAL', 'W 30-24', 0, 0, 0, 195, 2, 0, 0, 0, 0, 0, 0, 3, 0, 34.5),
(1512, 95, 8, '1980-10-26', 0, 'CIN', 'W 23-3', 0, 0, 0, 202, 2, 0, 0, 0, 0, 0, 0, 3, 0, 35.2),
(1513, 95, 9, '1978-11-20', 0, 'MIA', 'W 35-30', 0, 0, 0, 199, 4, 0, 0, 0, 0, 0, 0, 3, 0, 46.9),
(1514, 95, 10, '1981-12-20', 0, 'PIT', 'W 21-20', 0, 0, 0, 24, 0, 4, 18, 0, 0, 0, 0, 0, 0, 8.2),
(1515, 95, 11, '1981-10-04', 0, 'CIN', 'W 17-10', 0, 0, 0, 182, 1, 1, 3, 0, 0, 0, 0, 3, 0, 28.5),
(1516, 95, 12, '1980-12-14', 1, 'GB', 'W 22-3', 0, 0, 0, 181, 2, 0, 0, 0, 0, 0, 0, 3, 0, 33.1),
(1517, 95, 13, '1982-11-28', 1, 'NE', 'L 21-29', 0, 0, 0, 37, 1, 0, 0, 0, 0, 0, 0, 0, 0, 9.7),
(1518, 95, 14, '1980-11-16', 1, 'CHI', 'W 10-6', 0, 0, 0, 206, 0, 0, 0, 0, 0, 0, 0, 3, 0, 23.6),
(1519, 95, 15, '1981-10-11', 0, 'SEA', 'W 35-17', 0, 0, 0, 186, 2, 3, 16, 0, 0, 0, 0, 3, 0, 38.2),
(1520, 95, 16, '1979-10-28', 0, 'NYJ', 'W 27-24', 0, 0, 0, 37, 1, 0, 0, 0, 0, 0, 0, 0, 0, 9.7),
(1521, 96, 1, '1990-11-26', 0, 'BUF', 'W 27-24', 0, 0, 0, 125, 1, 5, 89, 0, 0, 0, 0, 3, 0, 35.4),
(1522, 96, 2, '1994-11-13', 1, 'CIN', 'L 31-34', 0, 0, 0, 95, 1, 3, 8, 0, 0, 0, 0, 0, 0, 19.3),
(1523, 96, 3, '1993-10-11', 1, 'BUF', 'L 7-35', 0, 0, 0, 38, 0, 8, 65, 0, 0, 0, 0, 0, 0, 18.3),
(1524, 96, 4, '1989-09-10', 1, 'MIN', 'L 7-38', 0, 0, 0, 10, 0, 0, 0, 0, 0, 0, 0, 0, 0, 1),
(1525, 96, 5, '1992-09-06', 0, 'PIT', 'L 24-29', 0, 0, 0, 100, 0, 3, 24, 0, 0, 0, 0, 3, 0, 18.4),
(1526, 96, 6, '1989-10-01', 0, 'MIA', 'W 39-7', 0, 0, 0, 97, 0, 0, 0, 0, 0, 0, 0, 0, 0, 9.7),
(1527, 96, 7, '1992-12-07', 0, 'CHI', 'W 24-7', 0, 0, 0, 116, 1, 2, 4, 0, 0, 0, 0, 3, 0, 23),
(1528, 96, 8, '1989-12-03', 1, 'PIT', 'W 23-16', 0, 0, 0, 115, 1, 0, 0, 0, 0, 0, 0, 3, 0, 20.5),
(1529, 96, 9, '1990-12-09', 0, 'CLE', 'W 58-14', 0, 0, 0, 116, 4, 0, 0, 0, 0, 0, 0, 3, 0, 38.6),
(1530, 96, 10, '1990-09-23', 0, 'IND', 'W 24-10', 0, 0, 0, 35, 0, 3, 26, 2, 0, 0, 0, 0, 0, 21.1),
(1531, 96, 11, '1991-10-13', 1, 'NYJ', 'W 23-20', 0, 0, 0, 24, 1, 3, 38, 0, 0, 0, 0, 0, 0, 15.2),
(1532, 96, 12, '1992-10-11', 1, 'CIN', 'W 38-24', 0, 0, 0, 149, 0, 1, 4, 0, 0, 0, 0, 3, 0, 19.3),
(1533, 96, 13, '1994-11-21', 0, 'NYG', 'L 10-13', 0, 0, 0, 156, 0, 2, 49, 0, 0, 0, 0, 3, 0, 25.5),
(1534, 96, 14, '1993-10-17', 1, 'NE', 'W 28-14', 0, 0, 0, 94, 0, 6, 41, 0, 0, 0, 0, 0, 0, 19.5),
(1535, 96, 15, '1991-11-03', 1, 'WAS', 'L 13-16', 0, 0, 0, 14, 1, 5, 46, 0, 0, 0, 0, 0, 0, 17),
(1536, 96, 16, '1994-12-24', 0, 'NYJ', 'W 24-10', 0, 0, 0, 97, 1, 0, 0, 0, 0, 0, 0, 0, 0, 15.7),
(1537, 97, 1, '2009-10-25', 1, 'NYG', 'W 24-17', 0, 0, 0, 0, 0, 3, 75, 0, 0, 0, 0, 0, 0, 10.5),
(1538, 97, 2, '2008-11-16', 1, 'SEA', 'W 26-20', 0, 0, 0, 3, 0, 13, 186, 0, 0, 0, 0, 0, 3, 34.9),
(1539, 97, 3, '2005-12-18', 1, 'HOU', 'L 19-30', 0, 0, 0, 0, 0, 8, 134, 1, 0, 0, 0, 0, 3, 30.4),
(1540, 97, 4, '2009-09-13', 0, 'SF', 'L 16-20', 0, 0, 0, 0, 0, 2, 19, 0, 0, 0, 0, 0, 0, 3.9),
(1541, 97, 5, '2006-11-12', 0, 'DAL', 'L 10-27', 0, 0, 0, 0, 0, 2, 53, 0, 0, 0, 0, 0, 0, 7.3),
(1542, 97, 6, '2007-09-23', 1, 'BAL', 'L 23-26', 0, 0, 0, 0, 0, 14, 181, 2, 0, 0, 0, 0, 3, 47.1),
(1543, 97, 7, '2006-12-03', 1, 'LAR', 'W 34-20', 0, 0, 0, 0, 0, 2, 32, 0, 0, 0, 0, 0, 0, 5.2),
(1544, 97, 8, '2006-11-26', 1, 'MIN', 'L 26-31', 0, 0, 0, 0, 0, 9, 140, 1, 0, 0, 0, 0, 3, 32),
(1545, 97, 9, '2008-09-14', 0, 'MIA', 'W 31-10', 0, 0, 0, 0, 0, 6, 140, 3, 0, 0, 0, 0, 3, 41),
(1546, 97, 10, '2003-09-07', 1, 'DET', 'L 24-42', 0, 0, 0, 0, 0, 10, 217, 2, 0, 0, 0, 0, 3, 46.7),
(1547, 97, 11, '2007-12-02', 0, 'CLE', 'W 27-21', 0, 0, 0, 0, 0, 2, 25, 0, 0, 0, 0, 0, 0, 4.5),
(1548, 97, 12, '2007-12-23', 0, 'ATL', 'W 30-27', 0, 0, 0, 0, 0, 13, 162, 2, 0, 0, 0, 0, 3, 44.2),
(1549, 97, 13, '2006-10-16', 0, 'CHI', 'L 23-24', 0, 0, 0, 0, 0, 12, 136, 1, 0, 0, 0, 0, 3, 34.6),
(1550, 97, 14, '2005-10-09', 0, 'CAR', 'L 20-24', 0, 0, 0, 7, 0, 10, 162, 1, 0, 0, 0, 0, 3, 35.9),
(1551, 97, 15, '2005-12-04', 1, 'SF', 'W 17-10', 0, 0, 0, 0, 0, 11, 156, 1, 0, 0, 0, 0, 3, 35.6),
(1552, 97, 16, '2005-10-30', 1, 'DAL', 'L 13-34', 0, 0, 0, 0, 0, 3, 69, 1, 0, 0, 0, 0, 0, 15.9),
(1553, 98, 1, '1997-12-07', 0, 'WAS', 'L 28-38', 0, 0, 0, 0, 0, 5, 114, 3, 0, 0, 0, 0, 3, 37.4),
(1554, 98, 2, '2000-01-02', 1, 'GB', 'L 24-49', 0, 0, 0, 0, 0, 6, 120, 0, 0, 0, 0, 0, 3, 21),
(1555, 98, 3, '1995-12-25', 0, 'DAL', 'L 13-37', 0, 0, 0, 0, 0, 1, 6, 0, 0, 0, 0, 0, 0, 1.6),
(1556, 98, 4, '1997-11-16', 1, 'NYG', 'L 10-19', 0, 0, 0, 0, 0, 8, 139, 0, 0, 0, 0, 0, 3, 24.9),
(1557, 98, 5, '1996-09-29', 0, 'LAR', 'W 31-28', 0, 0, 0, 0, 0, 9, 143, 1, 0, 0, 0, 0, 3, 32.3),
(1558, 98, 6, '1997-11-30', 0, 'PIT', 'L 20-26', 0, 0, 0, 0, 0, 8, 188, 0, 0, 0, 0, 0, 3, 29.8),
(1559, 98, 7, '1996-11-24', 0, 'PHI', 'W 36-30', 0, 0, 0, 0, 0, 9, 156, 0, 0, 0, 0, 0, 3, 27.6),
(1560, 98, 8, '1996-09-15', 1, 'NE', 'L 0-31', 0, 0, 0, 0, 0, 1, 4, 0, 0, 0, 0, 0, 0, 1.4),
(1561, 98, 9, '1995-12-17', 1, 'PHI', 'L 20-21', 0, 0, 0, 0, 0, 1, 27, 0, 0, 0, 0, 0, 0, 3.7),
(1562, 98, 10, '1999-10-17', 0, 'WAS', 'L 10-24', 0, 0, 0, 0, 0, 1, 10, 1, 0, 0, 0, 0, 0, 8),
(1563, 98, 11, '1999-11-21', 0, 'DAL', 'W 13-9', 0, 0, 0, 0, 0, 1, 21, 1, 0, 0, 0, 0, 0, 9.1),
(1564, 98, 12, '1997-09-28', 1, 'TB', 'L 18-19', 0, 0, 0, 0, 0, 8, 147, 1, 0, 0, 0, 0, 3, 31.7),
(1565, 98, 13, '1996-12-22', 1, 'PHI', 'L 19-29', 0, 0, 0, 0, 0, 1, 21, 0, 0, 0, 0, 0, 0, 3.1),
(1566, 98, 14, '1996-10-27', 0, 'NYJ', 'L 21-31', 0, 0, 0, 0, 0, 7, 143, 1, 0, 0, 0, 0, 3, 30.3),
(1567, 98, 15, '1995-09-24', 1, 'DAL', 'L 20-34', 33, 0, 0, 0, 0, 9, 154, 1, 0, 0, 0, 0, 3, 34.72),
(1568, 98, 16, '1995-11-26', 0, 'ATL', 'W 40-37', 0, 0, 0, 0, 0, 8, 121, 1, 0, 0, 0, 0, 3, 29.1),
(1569, 99, 1, '1995-09-03', 0, 'MIN', 'W 31-14', 0, 0, 0, 0, 0, 5, 110, 2, 0, 0, 0, 0, 3, 31),
(1570, 99, 2, '1997-12-07', 0, 'BUF', 'W 20-3', 0, 0, 0, 10, 0, 7, 115, 0, 0, 0, 0, 0, 3, 22.5),
(1571, 99, 3, '1993-11-25', 1, 'DET', 'W 10-6', 0, 0, 0, -5, 0, 1, 11, 0, 0, 0, 0, 0, 0, 1.6),
(1572, 99, 4, '1993-11-21', 1, 'KC', 'W 19-17', 0, 0, 0, 0, 0, 1, 4, 0, 0, 0, 0, 0, 0, 1.4),
(1573, 99, 5, '1993-12-18', 0, 'DEN', 'L 3-13', 0, 0, 0, 0, 0, 1, 9, 0, 0, 0, 0, 0, 0, 1.9),
(1574, 99, 6, '1997-12-14', 1, 'LAR', 'W 13-10', 0, 0, 0, 0, 0, 7, 109, 1, 0, 0, 0, 0, 3, 26.9),
(1575, 99, 7, '1996-10-13', 1, 'NO', 'L 24-27', 0, 0, 0, 0, 0, 7, 111, 2, 0, 0, 0, 0, 3, 33.1),
(1576, 99, 8, '1995-10-22', 0, 'HOU', 'W 35-32', 0, 0, 0, 19, 0, 3, 111, 1, 0, 0, 0, 0, 3, 25),
(1577, 99, 9, '1995-11-12', 1, 'GB', 'L 28-35', 0, 0, 0, 0, 0, 6, 126, 2, 0, 0, 0, 0, 3, 33.6),
(1578, 99, 10, '1993-09-26', 0, 'TB', 'W 47-17', 0, 0, 0, 0, 0, 1, 8, 0, 0, 0, 0, 0, 0, 1.8),
(1579, 99, 11, '1996-09-22', 1, 'DET', 'L 16-35', 0, 0, 0, 0, 0, 8, 126, 1, 0, 0, 0, 0, 3, 29.6),
(1580, 99, 12, '1994-09-12', 1, 'PHI', 'L 22-30', 0, 0, 0, 0, 0, 7, 148, 2, 0, 0, 0, 0, 3, 36.8),
(1581, 99, 13, '1999-12-19', 0, 'DET', 'W 28-10', 0, 0, 0, 0, 0, 1, 4, 0, 0, 0, 0, 0, 0, 1.4),
(1582, 99, 14, '1996-12-22', 1, 'TB', 'L 19-34', 0, 0, 0, 0, 0, 9, 120, 0, 0, 0, 0, 0, 3, 24),
(1583, 99, 15, '1999-10-03', 0, 'NO', 'W 14-10', 0, 0, 0, 0, 0, 8, 103, 2, 0, 0, 0, 0, 3, 33.3);
INSERT INTO `legends_player_data` (`rowID`, `playerID`, `gameID`, `game_date`, `is_away`, `opp`, `game_result`, `passYDS`, `passTD`, `passINT`, `rushYDS`, `rushTD`, `rec`, `recYDS`, `recTD`, `krtd`, `prtd`, `passBonus`, `rushBonus`, `recBonus`, `fpts`) VALUES
(1584, 99, 16, '1993-09-05', 0, 'NYG', 'L 20-26', 0, 0, 0, 8, 0, 1, 6, 0, 0, 0, 0, 0, 0, 2.4),
(1585, 100, 1, '1983-10-02', 0, 'DEN', 'W 31-14', 0, 0, 0, 22, 0, 3, 98, 2, 0, 0, 0, 0, 0, 27),
(1586, 100, 2, '1986-11-03', 0, 'LAR', 'L 17-20', 0, 0, 0, 0, 0, 1, 20, 0, 0, 0, 0, 0, 0, 3),
(1587, 100, 3, '1987-11-16', 1, 'DEN', 'L 29-31', 0, 0, 0, 9, 0, 5, 133, 2, 0, 0, 0, 0, 3, 34.2),
(1588, 100, 4, '1986-09-28', 1, 'CIN', 'W 44-7', 0, 0, 0, 0, 0, 7, 174, 1, 0, 0, 0, 0, 3, 33.4),
(1589, 100, 5, '1986-11-09', 1, 'TB', 'W 23-3', 0, 0, 0, -15, 0, 4, 116, 1, 0, 0, 0, 0, 3, 23.1),
(1590, 100, 6, '1985-10-27', 0, 'MIN', 'W 27-9', 0, 0, 0, 5, 0, 1, 7, 0, 0, 0, 0, 0, 0, 2.2),
(1591, 100, 7, '1985-09-19', 1, 'MIN', 'W 33-24', 0, 0, 0, 0, 0, 6, 146, 1, 0, 0, 0, 0, 3, 29.6),
(1592, 100, 8, '1986-12-21', 1, 'DAL', 'W 24-10', 0, 0, 0, 11, 0, 1, 33, 1, 0, 0, 0, 0, 0, 11.4),
(1593, 100, 9, '1983-12-04', 1, 'GB', 'L 28-31', 0, 0, 0, 1, 0, 4, 129, 1, 0, 0, 0, 0, 3, 26),
(1594, 100, 10, '1986-10-19', 1, 'MIN', 'L 7-23', 0, 0, 0, 0, 0, 1, 50, 1, 1, 0, 0, 0, 0, 18),
(1595, 100, 11, '1983-09-18', 1, 'NO', 'L 31-34', 0, 0, 0, 0, 0, 4, 103, 3, 0, 0, 0, 0, 3, 35.3),
(1596, 100, 12, '1983-09-25', 1, 'BAL', 'L 19-22', 0, 0, 0, 0, 0, 5, 130, 1, 0, 0, 0, 0, 3, 27),
(1597, 100, 13, '1987-09-20', 0, 'TB', 'W 20-3', 0, 0, 0, 0, 0, 1, 46, 0, 0, 0, 0, 0, 0, 5.6),
(1598, 100, 14, '1984-10-14', 1, 'LAR', 'L 21-38', 0, 0, 0, 0, 0, 3, 84, 1, 0, 0, 0, 0, 0, 17.4),
(1599, 100, 15, '1986-10-05', 0, 'MIN', 'W 23-0', 0, 0, 0, 3, 0, 1, 9, 0, 0, 0, 0, 0, 0, 2.2),
(1600, 100, 16, '1987-11-01', 0, 'KC', 'W 31-28', 0, 0, 0, 0, 0, 4, 98, 2, 0, 0, 0, 0, 0, 25.8),
(1601, 101, 1, '1983-11-27', 1, 'ATL', 'L 41-47', 0, 0, 0, 13, 0, 7, 161, 1, 0, 0, 0, 0, 3, 33.4),
(1602, 101, 2, '1983-09-04', 1, 'HOU', 'W 41-38', 0, 0, 0, 12, 0, 8, 154, 1, 0, 0, 0, 0, 3, 33.6),
(1603, 101, 3, '1984-11-22', 1, 'DET', 'L 28-31', 0, 0, 0, 0, 0, 1, 24, 0, 0, 0, 0, 0, 0, 3.4),
(1604, 101, 4, '1981-09-13', 0, 'ATL', 'L 17-31', 0, 0, 0, 0, 0, 8, 179, 0, 0, 0, 0, 0, 3, 28.9),
(1605, 101, 5, '1980-11-16', 1, 'NYG', 'L 21-27', 0, 0, 0, 0, 0, 8, 175, 1, 0, 0, 0, 0, 3, 34.5),
(1606, 101, 6, '1983-09-11', 0, 'PIT', 'L 21-25', 0, 0, 0, 0, 0, 5, 169, 3, 0, 0, 0, 0, 3, 42.9),
(1607, 101, 7, '1985-10-06', 0, 'DET', 'W 43-10', 0, 0, 0, 0, 0, 10, 151, 0, 0, 0, 0, 0, 3, 28.1),
(1608, 101, 8, '1985-11-03', 0, 'CHI', 'L 10-16', 0, 0, 0, 3, 0, 1, 9, 0, 0, 0, 0, 0, 0, 2.2),
(1609, 101, 9, '1981-11-29', 1, 'MIN', 'W 35-23', 0, 0, 0, 0, 0, 7, 159, 1, 0, 0, 0, 0, 3, 31.9),
(1610, 101, 10, '1985-12-15', 1, 'DET', 'W 26-23', 0, 0, 0, 0, 0, 1, 13, 0, 0, 0, 0, 0, 0, 2.3),
(1611, 101, 11, '1984-10-21', 0, 'SEA', 'L 24-30', 0, 0, 0, 5, 0, 5, 162, 2, 0, 0, 0, 0, 3, 36.7),
(1612, 101, 12, '1983-12-12', 1, 'TB', 'W 12-9', 0, 0, 0, 0, 0, 1, 24, 0, 0, 0, 0, 0, 0, 3.4),
(1613, 101, 13, '1984-09-23', 1, 'DAL', 'L 6-20', 0, 0, 0, 8, 0, 1, 8, 0, 0, 0, 0, 0, 0, 2.6),
(1614, 101, 14, '1985-09-22', 0, 'NYJ', 'L 3-24', 0, 0, 0, 0, 0, 1, 27, 0, 0, 0, 0, 0, 0, 3.7),
(1615, 101, 15, '1984-10-07', 0, 'SD', 'L 28-34', 0, 0, 0, 1, 0, 5, 158, 1, 0, 0, 0, 0, 3, 29.9),
(1616, 101, 16, '1984-10-15', 1, 'DEN', 'L 14-17', 0, 0, 0, 0, 0, 11, 206, 1, 0, 0, 0, 0, 3, 40.6),
(1617, 102, 1, '1992-10-25', 0, 'CHI', 'L 10-30', 0, 0, 0, 3, 0, 9, 144, 1, 0, 0, 0, 0, 3, 32.7),
(1618, 102, 2, '1988-09-25', 0, 'CHI', 'L 6-24', 0, 0, 0, 0, 0, 7, 137, 0, 0, 0, 0, 0, 3, 23.7),
(1619, 102, 3, '1989-11-26', 0, 'MIN', 'W 20-19', 0, 0, 0, 0, 0, 10, 157, 2, 0, 0, 0, 0, 3, 40.7),
(1620, 102, 4, '1990-11-18', 1, 'AZ', 'W 24-21', 0, 0, 0, 0, 0, 10, 157, 1, 0, 0, 0, 0, 3, 34.7),
(1621, 102, 5, '1988-09-11', 0, 'TB', 'L 10-13', 0, 0, 0, 0, 0, 1, 15, 0, 0, 0, 0, 0, 0, 2.5),
(1622, 102, 6, '1990-10-14', 1, 'TB', 'L 14-26', 0, 0, 0, 0, 0, 7, 139, 0, 0, 0, 0, 0, 3, 23.9),
(1623, 102, 7, '1992-11-08', 1, 'NYG', 'L 7-27', 0, 0, 0, 0, 0, 11, 160, 0, 0, 0, 0, 0, 3, 30),
(1624, 102, 8, '1989-12-03', 1, 'TB', 'W 17-16', 0, 0, 0, 0, 0, 8, 169, 2, 0, 0, 0, 0, 3, 39.9),
(1625, 102, 9, '1991-09-08', 1, 'DET', 'L 14-23', 0, 0, 0, 12, 0, 1, 20, 0, 0, 0, 0, 0, 0, 4.2),
(1626, 102, 10, '1989-09-24', 1, 'LAR', 'L 38-41', 0, 0, 0, 0, 0, 8, 164, 1, 0, 0, 0, 0, 3, 33.4),
(1627, 102, 11, '1989-12-10', 0, 'KC', 'L 3-21', 0, 0, 0, 26, 0, 1, 5, 0, 0, 0, 0, 0, 0, 4.1),
(1628, 102, 12, '1990-12-22', 0, 'DET', 'L 17-24', 0, 0, 0, 10, 0, 1, 13, 0, 0, 0, 0, 0, 0, 3.3),
(1629, 102, 13, '1994-11-13', 0, 'NYJ', 'W 17-10', 0, 0, 0, 0, 0, 1, 13, 0, 0, 0, 0, 0, 0, 2.3),
(1630, 102, 14, '1991-11-10', 0, 'BUF', 'L 24-34', 0, 0, 0, -15, 0, 8, 133, 1, 0, 0, 0, 0, 3, 28.8),
(1631, 102, 15, '1993-10-24', 1, 'TB', 'W 37-14', 1, 0, 0, 5, 0, 10, 147, 4, 0, 0, 0, 0, 3, 52.24),
(1632, 102, 16, '1991-11-24', 0, 'IND', 'W 14-10', 0, 0, 0, 0, 0, 1, 8, 0, 0, 0, 0, 0, 0, 1.8),
(1633, 103, 1, '2011-12-24', 1, 'NYJ', 'W 29-14', 0, 0, 0, 0, 0, 3, 164, 1, 0, 0, 0, 0, 3, 28.4),
(1634, 103, 2, '2012-01-01', 0, 'DAL', 'W 31-14', 0, 0, 0, 0, 0, 6, 178, 1, 0, 0, 0, 0, 3, 32.8),
(1635, 103, 3, '2011-11-28', 1, 'NO', 'L 24-49', 0, 0, 0, 0, 0, 9, 157, 2, 0, 0, 0, 0, 3, 39.7),
(1636, 103, 4, '2013-09-29', 1, 'KC', 'L 7-31', 0, 0, 0, 0, 0, 10, 164, 1, 0, 0, 0, 0, 3, 35.4),
(1637, 103, 5, '2012-10-21', 0, 'WAS', 'W 27-23', 0, 0, 0, 0, 0, 7, 131, 1, 0, 0, 0, 0, 3, 29.1),
(1638, 103, 6, '2011-12-04', 0, 'GB', 'L 35-38', 0, 0, 0, 0, 0, 7, 119, 0, 0, 0, 0, 0, 3, 21.9),
(1639, 103, 7, '2012-12-09', 0, 'NO', 'W 52-27', 0, 0, 0, 0, 0, 8, 121, 1, 0, 0, 0, 0, 3, 29.1),
(1640, 103, 8, '2016-11-20', 0, 'CHI', 'W 22-16', 0, 0, 0, 0, 0, 1, 48, 0, 0, 0, 0, 0, 0, 5.8),
(1641, 103, 9, '2016-12-11', 0, 'DAL', 'W 10-7', 0, 0, 0, 0, 0, 1, 4, 0, 0, 0, 0, 0, 0, 1.4),
(1642, 103, 10, '2012-09-16', 0, 'TB', 'W 41-34', 0, 0, 0, 0, 0, 11, 179, 1, 0, 0, 0, 0, 3, 37.9),
(1643, 103, 11, '2011-10-09', 0, 'SEA', 'L 25-36', 0, 0, 0, 3, 0, 8, 161, 1, 0, 0, 0, 0, 3, 33.4),
(1644, 103, 12, '2016-11-27', 1, 'CLE', 'W 27-13', 0, 0, 0, 0, 0, 1, 37, 0, 0, 0, 0, 0, 0, 4.7),
(1645, 103, 13, '2011-11-20', 0, 'PHI', 'L 10-17', 0, 0, 0, 0, 0, 6, 128, 1, 0, 0, 0, 0, 3, 27.8),
(1646, 103, 14, '2016-12-18', 0, 'DET', 'W 17-6', 0, 0, 0, 0, 0, 1, 29, 0, 0, 0, 0, 0, 0, 3.9),
(1647, 103, 15, '2017-01-01', 1, 'WAS', 'W 19-10', 0, 0, 0, 0, 0, 2, 7, 0, 0, 0, 0, 0, 0, 2.7),
(1648, 103, 16, '2016-11-06', 0, 'PHI', 'W 28-23', 0, 0, 0, 0, 0, 1, 46, 0, 0, 0, 0, 0, 0, 5.6),
(1649, 104, 1, '1960-10-09', 1, 'PIT', 'W 19-17', 0, 0, 0, 14, 0, 1, 44, 1, 0, 0, 0, 0, 0, 12.8),
(1650, 104, 2, '1958-10-05', 1, 'PHI', 'L 24-27', 0, 0, 0, 51, 0, 7, 113, 1, 0, 0, 0, 0, 3, 32.4),
(1651, 104, 3, '1956-10-21', 0, 'PIT', 'W 38-10', 0, 0, 0, 67, 1, 7, 100, 0, 0, 0, 0, 0, 3, 32.7),
(1652, 104, 4, '1959-12-06', 0, 'CLE', 'W 48-7', 38, 0, 0, 46, 1, 7, 129, 1, 0, 0, 0, 0, 3, 41.02),
(1653, 104, 5, '1962-09-23', 1, 'PHI', 'W 29-13', 0, 0, 0, 0, 0, 1, 8, 0, 0, 0, 0, 0, 0, 1.8),
(1654, 104, 6, '1962-10-07', 1, 'LAR', 'W 31-14', 0, 0, 0, 0, 0, 6, 97, 0, 0, 0, 0, 0, 0, 15.7),
(1655, 104, 7, '1962-09-16', 1, 'CLE', 'L 7-17', 0, 0, 0, 0, 0, 1, 12, 0, 0, 0, 0, 0, 0, 2.2),
(1656, 104, 8, '1962-09-30', 1, 'PIT', 'W 31-27', 0, 0, 0, 0, 0, 4, 99, 1, 0, 0, 0, 0, 0, 19.9),
(1657, 104, 9, '1960-09-25', 1, 'SF', 'W 21-19', 0, 0, 0, 41, 0, 1, 9, 0, 0, 0, 0, 0, 0, 6),
(1658, 104, 10, '1956-11-11', 0, 'AZ', 'W 23-10', 0, 0, 0, 68, 0, 6, 116, 1, 0, 0, 0, 0, 3, 33.4),
(1659, 104, 11, '1962-11-18', 0, 'PHI', 'W 19-14', 0, 0, 0, 0, 0, 1, 12, 0, 0, 0, 0, 0, 0, 2.2),
(1660, 104, 12, '1962-10-28', 0, 'WAS', 'W 49-34', 0, 0, 0, 0, 0, 4, 127, 1, 0, 0, 0, 0, 3, 25.7),
(1661, 104, 13, '1959-10-25', 1, 'PIT', 'W 21-16', 0, 0, 0, 3, 0, 4, 135, 2, 0, 0, 0, 0, 3, 32.8),
(1662, 104, 14, '1960-10-02', 1, 'LAR', 'W 35-14', 0, 0, 0, 11, 0, 1, 4, 0, 0, 0, 0, 0, 0, 2.5),
(1663, 104, 15, '1959-10-18', 0, 'PHI', 'W 24-7', 0, 0, 0, 46, 0, 4, 117, 0, 0, 0, 0, 0, 3, 23.3),
(1664, 104, 16, '1957-12-01', 0, 'SF', 'L 17-27', 0, 0, 0, 16, 0, 11, 105, 1, 0, 0, 0, 0, 3, 32.1),
(1665, 105, 1, '2015-10-18', 0, 'CHI', 'W 37-34', 0, 0, 0, 0, 0, 6, 166, 1, 0, 0, 0, 0, 3, 31.6),
(1666, 105, 2, '2009-10-11', 0, 'PIT', 'L 20-28', 0, 0, 0, 0, 0, 1, 2, 0, 0, 0, 0, 0, 0, 1.2),
(1667, 105, 3, '2014-09-28', 1, 'NYJ', 'W 24-17', 0, 0, 0, 0, 0, 2, 12, 0, 0, 0, 0, 0, 0, 3.2),
(1668, 105, 4, '2012-11-11', 1, 'MIN', 'L 24-34', 0, 0, 0, 0, 0, 12, 207, 1, 0, 0, 0, 0, 3, 41.7),
(1669, 105, 5, '2014-10-05', 0, 'BUF', 'L 14-17', 0, 0, 0, 0, 0, 1, 7, 0, 0, 0, 0, 0, 0, 1.7),
(1670, 105, 6, '2007-10-07', 1, 'WAS', 'L 3-34', 0, 0, 0, 0, 0, 1, 3, 0, 0, 0, 0, 0, 0, 1.3),
(1671, 105, 7, '2013-11-17', 1, 'PIT', 'L 27-37', 0, 0, 0, 0, 0, 6, 179, 2, 0, 0, 0, 0, 3, 38.9),
(1672, 105, 8, '2014-09-08', 0, 'NYG', 'W 35-14', 0, 0, 0, 0, 0, 7, 164, 2, 0, 0, 0, 0, 3, 38.4),
(1673, 105, 9, '2012-01-01', 1, 'GB', 'L 41-45', 0, 0, 0, 0, 0, 11, 244, 1, 0, 0, 0, 0, 3, 44.4),
(1674, 105, 10, '2009-11-26', 0, 'GB', 'L 12-34', 0, 0, 0, 0, 0, 2, 10, 1, 0, 0, 0, 0, 0, 9),
(1675, 105, 11, '2011-12-18', 1, 'OAK', 'W 28-27', 0, 0, 0, 0, 0, 9, 214, 2, 0, 0, 0, 0, 3, 45.4),
(1676, 105, 12, '2010-11-07', 0, 'NYJ', 'L 20-23', 0, 0, 0, 0, 0, 1, 13, 0, 0, 0, 0, 0, 0, 2.3),
(1677, 105, 13, '2013-10-27', 0, 'DAL', 'W 31-30', 0, 0, 0, 0, 0, 14, 329, 1, 0, 0, 0, 0, 3, 55.9),
(1678, 105, 14, '2012-12-22', 0, 'ATL', 'L 18-31', 0, 0, 0, 0, 0, 11, 225, 0, 0, 0, 0, 0, 3, 36.5),
(1679, 105, 15, '2012-12-02', 0, 'IND', 'L 33-35', 0, 0, 0, 0, 0, 13, 171, 1, 0, 0, 0, 0, 3, 39.1),
(1680, 105, 16, '2012-09-23', 1, 'TEN', 'L 41-44', 0, 0, 0, 0, 0, 10, 164, 1, 0, 0, 0, 0, 3, 35.4),
(1681, 106, 1, '1994-10-23', 0, 'CHI', 'W 21-16', 0, 0, 0, 0, 0, 1, 14, 0, 0, 0, 0, 0, 0, 2.4),
(1682, 106, 2, '2000-10-19', 1, 'TB', 'W 28-14', 0, 0, 0, 0, 0, 1, 9, 0, 0, 0, 0, 0, 0, 1.9),
(1683, 106, 3, '1996-09-01', 1, 'MIN', 'L 13-17', 0, 0, 0, 0, 0, 12, 157, 1, 0, 0, 0, 0, 3, 36.7),
(1684, 106, 4, '1995-09-03', 1, 'PIT', 'L 20-23', 0, 0, 0, 0, 0, 10, 131, 1, 0, 0, 0, 0, 3, 32.1),
(1685, 106, 5, '1995-10-29', 0, 'GB', 'W 24-16', 0, 0, 0, 0, 0, 6, 147, 3, 0, 0, 0, 0, 3, 41.7),
(1686, 106, 6, '1998-11-15', 0, 'CHI', 'W 26-3', 0, 0, 0, 0, 0, 1, 3, 0, 0, 0, 0, 0, 0, 1.3),
(1687, 106, 7, '1994-11-24', 0, 'BUF', 'W 35-21', 0, 0, 0, 0, 0, 7, 169, 1, 0, 0, 0, 0, 3, 32.9),
(1688, 106, 8, '1995-11-23', 0, 'MIN', 'W 44-38', 0, 0, 0, 0, 0, 8, 127, 1, 0, 0, 0, 0, 3, 29.7),
(1689, 106, 9, '1995-12-04', 0, 'CHI', 'W 27-7', 0, 0, 0, 0, 0, 14, 183, 1, 0, 0, 0, 0, 3, 41.3),
(1690, 106, 10, '1993-12-05', 0, 'MIN', 'L 0-13', 0, 0, 0, 0, 0, 2, 12, 0, 0, 0, 0, 0, 0, 3.2),
(1691, 106, 11, '1993-11-21', 1, 'GB', 'L 17-26', 0, 0, 0, 0, 0, 2, 8, 0, 0, 0, 0, 0, 0, 2.8),
(1692, 106, 12, '1997-11-16', 0, 'MIN', 'W 38-15', 0, 0, 0, 0, 0, 10, 130, 1, 0, 0, 0, 0, 3, 32),
(1693, 106, 13, '1998-11-26', 0, 'PIT', 'W 19-16', 0, 0, 0, 0, 0, 8, 148, 1, 0, 0, 0, 0, 3, 31.8),
(1694, 106, 14, '1994-11-13', 0, 'TB', 'W 14-9', 0, 0, 0, 0, 0, 1, 9, 1, 0, 0, 0, 0, 0, 7.9),
(1695, 106, 15, '1994-11-06', 1, 'GB', 'L 30-38', 0, 0, 0, 0, 0, 8, 151, 2, 0, 0, 0, 0, 3, 38.1),
(1696, 106, 16, '1995-11-05', 1, 'ATL', 'L 22-34', 0, 0, 0, 0, 0, 9, 176, 0, 0, 0, 0, 0, 3, 29.6),
(1697, 107, 1, '1987-12-13', 0, 'DAL', 'W 24-20', 0, 0, 0, 0, 0, 9, 187, 1, 0, 0, 0, 0, 3, 36.7),
(1698, 107, 2, '1991-11-10', 0, 'ATL', 'W 56-17', 0, 0, 0, 0, 0, 4, 203, 3, 0, 0, 0, 0, 3, 45.3),
(1699, 107, 3, '1992-11-23', 1, 'NO', 'L 3-20', 0, 0, 0, 0, 0, 2, 43, 0, 0, 0, 0, 0, 0, 6.3),
(1700, 107, 4, '1989-10-29', 1, 'OAK', 'L 24-37', 0, 0, 0, 0, 0, 8, 145, 1, 0, 0, 0, 0, 3, 31.5),
(1701, 107, 5, '1985-09-15', 0, 'HOU', 'W 16-13', 0, 0, 0, 0, 0, 1, 22, 0, 0, 0, 0, 0, 0, 3.2),
(1702, 107, 6, '1985-10-20', 1, 'NYG', 'L 3-17', 0, 0, 0, 3, 0, 11, 193, 0, 0, 0, 0, 0, 3, 33.6),
(1703, 107, 7, '1985-09-22', 0, 'PHI', 'L 6-19', 0, 0, 0, 0, 0, 1, 5, 0, 0, 0, 0, 0, 0, 1.5),
(1704, 107, 8, '1988-10-02', 0, 'NYG', 'L 23-24', 0, 0, 0, 0, 0, 1, 29, 0, 0, 0, 0, 0, 0, 3.9),
(1705, 107, 9, '1986-10-27', 1, 'NYG', 'L 20-27', 0, 0, 0, 0, 0, 11, 241, 1, 0, 0, 0, 0, 3, 44.1),
(1706, 107, 10, '1990-09-30', 1, 'AZ', 'W 38-10', 0, 0, 0, 0, 0, 8, 162, 2, 0, 0, 0, 0, 3, 39.2),
(1707, 107, 11, '1986-09-21', 1, 'SD', 'W 30-27', 0, 0, 0, 0, 0, 6, 144, 1, 0, 0, 0, 0, 3, 29.4),
(1708, 107, 12, '1989-12-23', 1, 'SEA', 'W 29-0', 0, 0, 0, 0, 0, 9, 149, 1, 0, 0, 0, 0, 3, 32.9),
(1709, 107, 13, '1990-10-28', 1, 'NYG', 'L 10-21', 0, 0, 0, 0, 0, 1, 6, 0, 0, 0, 0, 0, 0, 1.6),
(1710, 107, 14, '1992-11-01', 0, 'NYG', 'L 7-24', 0, 0, 0, 0, 0, 2, 27, 0, 0, 0, 0, 0, 0, 4.7),
(1711, 107, 15, '1989-09-17', 0, 'PHI', 'L 37-42', 0, 0, 0, 0, 0, 4, 153, 2, 0, 0, 0, 0, 3, 34.3),
(1712, 107, 16, '1986-11-23', 0, 'DAL', 'W 41-14', 0, 0, 0, 0, 0, 8, 152, 1, 0, 0, 0, 0, 3, 32.2),
(1713, 108, 1, '1991-11-10', 0, 'ATL', 'W 56-17', 0, 0, 0, 3, 0, 7, 164, 2, 0, 0, 0, 0, 3, 38.7),
(1714, 108, 2, '1993-11-21', 1, 'LAR', 'L 6-10', 0, 0, 0, 0, 0, 1, 4, 0, 0, 0, 0, 0, 0, 1.4),
(1715, 108, 3, '1992-12-13', 0, 'DAL', 'W 20-17', 0, 0, 0, 0, 0, 1, 9, 0, 0, 0, 0, 0, 0, 1.9),
(1716, 108, 4, '1990-11-04', 1, 'DET', 'W 41-38', 0, 0, 0, 8, 0, 13, 168, 0, 0, 0, 0, 0, 3, 33.6),
(1717, 108, 5, '1985-12-15', 0, 'CIN', 'W 27-24', 0, 0, 0, 1, 0, 13, 230, 1, 0, 0, 0, 0, 3, 45.1),
(1718, 108, 6, '1992-12-20', 1, 'PHI', 'L 13-17', 0, 0, 0, 0, 0, 1, 11, 0, 0, 0, 0, 0, 0, 2.1),
(1719, 108, 7, '1986-09-21', 1, 'SD', 'W 30-27', 0, 0, 0, 21, 0, 7, 174, 0, 0, 0, 0, 0, 3, 29.5),
(1720, 108, 8, '1984-09-10', 1, 'SF', 'L 31-37', 0, 0, 0, 0, 0, 10, 200, 0, 0, 0, 0, 0, 3, 33),
(1721, 108, 9, '1984-10-07', 1, 'IND', 'W 35-7', 0, 0, 0, 0, 0, 8, 141, 3, 0, 0, 0, 0, 3, 43.1),
(1722, 108, 10, '1985-12-01', 0, 'SF', 'L 8-35', 0, 0, 0, 0, 0, 8, 150, 0, 0, 0, 0, 0, 3, 26),
(1723, 108, 11, '1984-12-16', 0, 'LAR', 'W 29-27', 0, 0, 0, 0, 0, 11, 136, 2, 0, 0, 0, 0, 3, 39.6),
(1724, 108, 12, '1992-12-06', 1, 'NYG', 'W 28-10', 0, 0, 0, 0, 0, 1, 42, 1, 0, 0, 0, 0, 0, 11.2),
(1725, 108, 13, '1993-12-26', 1, 'DAL', 'L 3-38', 0, 0, 0, 0, 0, 1, 12, 0, 0, 0, 0, 0, 0, 2.2),
(1726, 108, 14, '1989-11-26', 0, 'CHI', 'W 38-14', 0, 0, 0, 0, 0, 9, 152, 2, 0, 0, 0, 0, 3, 39.2),
(1727, 108, 15, '1993-12-05', 1, 'TB', 'W 23-17', 0, 0, 0, 0, 0, 1, 7, 0, 0, 0, 0, 0, 0, 1.7),
(1728, 108, 16, '1981-12-13', 0, 'BAL', 'W 38-14', 0, 0, 0, 0, 0, 7, 148, 1, 0, 0, 0, 0, 3, 30.8),
(1729, 109, 1, '1979-09-10', 0, 'ATL', 'L 10-14', 0, 0, 0, 0, 0, 9, 127, 0, 0, 0, 0, 0, 3, 24.7),
(1730, 109, 2, '1983-10-23', 0, 'CHI', 'L 6-7', 0, 0, 0, 0, 0, 1, 9, 0, 0, 0, 0, 0, 0, 1.9),
(1731, 109, 3, '1978-10-29', 0, 'LAR', 'L 10-16', 0, 0, 0, 0, 0, 7, 126, 1, 0, 0, 0, 0, 3, 28.6),
(1732, 109, 4, '1981-11-01', 0, 'DAL', 'L 14-17', 0, 0, 0, 1, 0, 5, 151, 1, 0, 0, 0, 0, 3, 29.2),
(1733, 109, 5, '1977-10-30', 1, 'WAS', 'L 17-23', 0, 0, 0, 0, 0, 4, 116, 1, 0, 0, 0, 0, 3, 24.6),
(1734, 109, 6, '1983-09-18', 1, 'DEN', 'W 13-10', 0, 0, 0, 0, 0, 1, 16, 0, 0, 0, 0, 0, 0, 2.6),
(1735, 109, 7, '1978-12-03', 1, 'MIN', 'L 27-28', 0, 0, 0, 0, 0, 4, 115, 2, 0, 0, 0, 0, 3, 30.5),
(1736, 109, 8, '1973-12-16', 1, 'WAS', 'L 20-38', 0, 0, 0, 0, 0, 4, 111, 0, 0, 0, 0, 0, 3, 18.1),
(1737, 109, 9, '1973-10-14', 1, 'LAR', 'W 27-24', 0, 0, 0, 0, 0, 12, 187, 2, 0, 0, 0, 0, 3, 45.7),
(1738, 109, 10, '1973-12-09', 0, 'NYJ', 'W 24-23', 0, 0, 0, 0, 0, 5, 146, 1, 0, 0, 0, 0, 3, 28.6),
(1739, 109, 11, '1983-10-02', 1, 'ATL', 'W 28-24', 0, 0, 0, 0, 0, 1, 29, 1, 0, 0, 0, 0, 0, 9.9),
(1740, 109, 12, '1980-09-07', 0, 'DEN', 'W 27-6', 0, 0, 0, 0, 0, 3, 135, 1, 0, 0, 0, 0, 3, 25.5),
(1741, 109, 13, '1983-09-25', 0, 'LAR', 'L 11-14', 0, 0, 0, 0, 0, 1, 7, 0, 0, 0, 0, 0, 0, 1.7),
(1742, 109, 14, '1981-10-25', 0, 'TB', 'W 20-10', 0, 0, 0, 0, 0, 1, 20, 0, 0, 0, 0, 0, 0, 3),
(1743, 109, 15, '1981-10-18', 1, 'MIN', 'L 23-35', 0, 0, 0, 0, 0, 8, 109, 1, 0, 0, 0, 0, 3, 27.9),
(1744, 109, 16, '1983-11-06', 0, 'DAL', 'L 20-27', 0, 0, 0, 0, 0, 1, 12, 0, 0, 0, 0, 0, 0, 2.2),
(1745, 110, 1, '1984-10-28', 0, 'LAR', 'L 14-34', 0, 0, 0, 0, 0, 6, 170, 1, 0, 0, 0, 0, 3, 32),
(1746, 110, 2, '1984-12-16', 1, 'ATL', 'L 10-26', 0, 0, 0, 0, 0, 7, 135, 1, 0, 0, 0, 0, 3, 29.5),
(1747, 110, 3, '1985-11-03', 1, 'SF', 'L 13-24', 0, 0, 0, 0, 0, 6, 146, 1, 0, 0, 0, 0, 3, 29.6),
(1748, 110, 4, '1989-10-08', 0, 'NYG', 'W 21-19', 0, 0, 0, 0, 0, 1, 21, 0, 0, 0, 0, 0, 0, 3.1),
(1749, 110, 5, '1989-10-15', 1, 'AZ', 'W 17-5', 0, 0, 0, 0, 0, 1, 24, 0, 0, 0, 0, 0, 0, 3.4),
(1750, 110, 6, '1989-09-10', 0, 'SEA', 'W 31-7', 0, 0, 0, 0, 0, 6, 140, 1, 0, 0, 0, 0, 3, 29),
(1751, 110, 7, '1986-12-14', 1, 'DAL', 'W 23-21', 0, 0, 0, 0, 0, 1, 17, 0, 0, 0, 0, 0, 0, 2.7),
(1752, 110, 8, '1987-12-06', 1, 'NYG', 'L 20-23', 0, 0, 0, 0, 0, 1, 1, 0, 0, 0, 0, 0, 0, 1.1),
(1753, 110, 9, '1984-09-02', 1, 'NYG', 'L 27-28', 0, 0, 0, -5, 0, 8, 147, 1, 0, 0, 0, 0, 3, 31.2),
(1754, 110, 10, '1987-12-20', 1, 'NYJ', 'W 38-27', 0, 0, 0, 0, 0, 6, 148, 2, 0, 0, 0, 0, 3, 35.8),
(1755, 110, 11, '1983-09-25', 0, 'LAR', 'L 11-14', 0, 0, 0, 0, 0, 6, 133, 0, 0, 0, 0, 0, 3, 22.3),
(1756, 110, 12, '1990-09-16', 0, 'AZ', 'L 21-23', 0, 0, 0, 0, 0, 1, 39, 0, 0, 0, 0, 0, 0, 4.9),
(1757, 110, 13, '1986-11-30', 1, 'OAK', 'W 33-27', 0, 0, 0, 0, 0, 8, 145, 3, 0, 0, 0, 0, 3, 43.5),
(1758, 110, 14, '1989-10-02', 1, 'CHI', 'L 13-27', 0, 0, 0, 0, 0, 1, 7, 0, 0, 0, 0, 0, 0, 1.7),
(1759, 110, 15, '1985-11-10', 0, 'ATL', 'W 23-17', 0, 0, 0, 0, 0, 3, 145, 1, 0, 0, 0, 0, 3, 26.5),
(1760, 110, 16, '1983-09-18', 1, 'DEN', 'W 13-10', 0, 0, 0, 0, 0, 6, 152, 1, 0, 0, 0, 0, 3, 30.2),
(1761, 111, 1, '1982-09-19', 0, 'CIN', 'W 26-20', 0, 0, 0, 0, 0, 1, 4, 0, 0, 0, 0, 0, 0, 1.4),
(1762, 111, 2, '1978-11-27', 1, 'SF', 'W 24-7', 0, 0, 0, 0, 0, 8, 134, 2, 0, 0, 0, 0, 3, 36.4),
(1763, 111, 3, '1977-10-09', 1, 'HOU', 'L 10-27', 0, 0, 0, 0, 0, 6, 102, 0, 0, 0, 0, 0, 3, 19.2),
(1764, 111, 4, '1980-11-16', 0, 'CLE', 'W 16-13', 0, 0, 0, 0, 0, 9, 138, 1, 0, 0, 0, 0, 3, 31.8),
(1765, 111, 5, '1981-11-29', 0, 'LAR', 'W 24-0', 0, 0, 0, 0, 0, 1, 9, 1, 0, 0, 0, 0, 0, 7.9),
(1766, 111, 6, '1980-10-05', 1, 'MIN', 'W 23-17', 0, 0, 0, 0, 0, 6, 107, 0, 0, 0, 0, 0, 3, 19.7),
(1767, 111, 7, '1975-11-02', 1, 'CIN', 'W 30-24', 0, 0, 0, 0, 0, 6, 116, 2, 0, 0, 0, 0, 3, 32.6),
(1768, 111, 8, '1982-11-28', 1, 'SEA', 'L 0-16', 0, 0, 0, 0, 0, 1, 16, 0, 0, 0, 0, 0, 0, 2.6),
(1769, 111, 9, '1979-12-02', 0, 'CIN', 'W 37-17', 0, 0, 0, 0, 0, 5, 192, 2, 0, 0, 0, 0, 3, 39.2),
(1770, 111, 10, '1979-11-04', 0, 'WAS', 'W 38-7', 0, 0, 0, 0, 0, 5, 106, 0, 0, 0, 0, 0, 3, 18.6),
(1771, 111, 11, '1981-12-20', 1, 'HOU', 'L 20-21', 0, 0, 0, 0, 0, 1, 12, 0, 0, 0, 0, 0, 0, 2.2),
(1772, 111, 12, '1981-11-22', 1, 'CLE', 'W 32-10', 0, 0, 0, 0, 0, 1, 19, 0, 0, 0, 0, 0, 0, 2.9),
(1773, 111, 13, '1977-11-13', 0, 'CLE', 'W 35-31', 0, 0, 0, 0, 0, 5, 129, 1, 0, 0, 0, 0, 3, 26.9),
(1774, 111, 14, '1975-10-05', 1, 'CLE', 'W 42-6', 0, 0, 0, 0, 0, 5, 126, 1, 0, 0, 0, 0, 3, 26.6),
(1775, 111, 15, '1983-01-02', 0, 'CLE', 'W 37-21', 0, 0, 0, 25, 0, 5, 114, 0, 0, 0, 0, 0, 3, 21.9),
(1776, 111, 16, '1982-09-13', 1, 'DAL', 'W 36-28', 0, 0, 0, 0, 0, 1, 9, 0, 0, 0, 0, 0, 0, 1.9),
(1777, 112, 1, '2011-12-08', 0, 'CLE', 'W 14-3', 0, 0, 0, 0, 0, 1, 6, 0, 0, 0, 0, 0, 0, 1.6),
(1778, 112, 2, '2005-12-04', 0, 'CIN', 'L 31-38', 0, 0, 0, 7, 0, 9, 135, 2, 0, 0, 0, 0, 3, 38.2),
(1779, 112, 3, '2002-11-17', 1, 'TEN', 'L 23-31', 0, 0, 0, 0, 0, 10, 168, 2, 0, 0, 0, 0, 3, 41.8),
(1780, 112, 4, '2006-10-22', 1, 'ATL', 'L 38-41', 0, 0, 0, 0, 0, 8, 171, 3, 0, 0, 0, 0, 3, 46.1),
(1781, 112, 5, '2011-11-13', 1, 'CIN', 'W 24-17', 0, 0, 0, 0, 0, 1, 10, 0, 0, 0, 0, 0, 0, 2),
(1782, 112, 6, '2010-12-05', 1, 'BAL', 'W 13-10', 0, 0, 0, 0, 0, 1, 13, 0, 0, 0, 0, 0, 0, 2.3),
(1783, 112, 7, '2010-10-24', 1, 'MIA', 'W 23-22', 0, 0, 0, 0, 0, 7, 131, 1, 0, 0, 0, 0, 3, 29.1),
(1784, 112, 8, '2002-11-10', 0, 'ATL', 'T 34-34', 0, 0, 0, 29, 0, 11, 139, 1, 0, 0, 0, 0, 3, 36.8),
(1785, 112, 9, '2010-09-19', 1, 'TEN', 'W 19-11', 0, 0, 0, 0, 0, 1, 9, 0, 0, 0, 0, 0, 0, 1.9),
(1786, 112, 10, '2003-11-30', 0, 'CIN', 'L 20-24', 0, 0, 0, 0, 0, 13, 149, 1, 0, 0, 0, 0, 3, 36.9),
(1787, 112, 11, '2011-10-02', 1, 'HOU', 'L 10-17', 0, 0, 0, 0, 0, 1, 19, 0, 0, 0, 0, 0, 0, 2.9),
(1788, 112, 12, '2003-09-14', 1, 'KC', 'L 20-41', 0, 0, 0, 5, 0, 9, 146, 0, 0, 0, 0, 0, 3, 27.1),
(1789, 112, 13, '2004-12-18', 1, 'NYG', 'W 33-30', 0, 0, 0, 0, 0, 9, 134, 0, 0, 0, 0, 0, 3, 25.4),
(1790, 112, 14, '2009-10-25', 0, 'MIN', 'W 27-17', 0, 0, 0, 0, 0, 1, 3, 0, 0, 0, 0, 0, 0, 1.3),
(1791, 112, 15, '2009-10-18', 0, 'CLE', 'W 27-14', 0, 0, 0, 0, 0, 8, 159, 1, 0, 0, 0, 0, 3, 32.9),
(1792, 112, 16, '2004-09-19', 1, 'BAL', 'L 13-30', 0, 0, 0, 0, 0, 6, 151, 1, 0, 0, 0, 0, 3, 30.1),
(1793, 113, 1, '2006-01-01', 1, 'DAL', 'W 20-10', 0, 0, 0, 0, 0, 1, 8, 0, 0, 0, 0, 0, 0, 1.8),
(1794, 113, 2, '2001-10-28', 0, 'NO', 'L 31-34', 0, 0, 0, 0, 0, 7, 179, 1, 0, 0, 0, 0, 3, 33.9),
(1795, 113, 3, '1995-10-01', 1, 'IND', 'L 18-21', 0, 0, 0, 0, 0, 8, 181, 2, 0, 0, 0, 0, 3, 41.1),
(1796, 113, 4, '1996-10-27', 1, 'BAL', 'L 31-37', 0, 0, 0, 0, 0, 11, 229, 1, 0, 0, 0, 0, 3, 42.9),
(1797, 113, 5, '2005-09-25', 0, 'TEN', 'W 31-27', 0, 0, 0, 0, 0, 1, 11, 0, 0, 0, 0, 0, 0, 2.1),
(1798, 113, 6, '2004-11-29', 1, 'GB', 'L 17-45', 0, 0, 0, 0, 0, 9, 170, 1, 0, 0, 0, 0, 3, 35),
(1799, 113, 7, '2000-09-17', 0, 'SF', 'W 41-24', 0, 0, 0, 0, 0, 8, 188, 1, 0, 0, 0, 0, 3, 35.8),
(1800, 113, 8, '2005-11-13', 1, 'SEA', 'L 16-31', 0, 0, 0, 0, 0, 1, 16, 0, 0, 0, 0, 0, 0, 2.6),
(1801, 113, 9, '2006-11-19', 1, 'CAR', 'L 0-15', 0, 0, 0, 0, 0, 1, 6, 0, 0, 0, 0, 0, 0, 1.6),
(1802, 113, 10, '1995-10-22', 0, 'SF', 'L 10-44', 0, 0, 0, 0, 0, 9, 173, 0, 0, 0, 0, 0, 3, 29.3),
(1803, 113, 11, '2007-09-30', 1, 'DAL', 'L 7-35', 0, 0, 0, 0, 0, 1, 24, 0, 0, 0, 0, 0, 0, 3.4),
(1804, 113, 12, '1997-11-02', 1, 'ATL', 'L 31-34', 0, 0, 0, 0, 0, 10, 233, 2, 0, 0, 0, 0, 3, 48.3),
(1805, 113, 13, '1995-12-24', 0, 'MIA', 'L 22-41', 0, 0, 0, 12, 0, 15, 210, 1, 0, 0, 0, 0, 3, 46.2),
(1806, 113, 14, '2004-10-18', 0, 'TB', 'W 28-21', 0, 0, 0, 0, 0, 1, 11, 0, 0, 0, 0, 0, 0, 2.1),
(1807, 113, 15, '1998-09-13', 0, 'MIN', 'L 31-38', 0, 0, 0, 30, 0, 11, 192, 1, 0, 0, 0, 0, 3, 42.2),
(1808, 113, 16, '1995-10-12', 0, 'ATL', 'W 21-19', 0, 0, 0, 0, 0, 10, 191, 2, 0, 0, 0, 0, 3, 44.1),
(1809, 114, 1, '2000-09-24', 1, 'ATL', 'W 41-20', 0, 0, 0, 0, 0, 3, 189, 2, 0, 0, 0, 0, 3, 36.9),
(1810, 114, 2, '2006-10-15', 0, 'SEA', 'L 28-30', 0, 0, 0, 0, 0, 8, 154, 3, 0, 0, 0, 0, 3, 44.4),
(1811, 114, 3, '2004-10-24', 1, 'MIA', 'L 14-31', 0, 0, 0, 0, 0, 1, 4, 0, 0, 0, 0, 0, 0, 1.4),
(1812, 114, 4, '2000-12-18', 1, 'TB', 'L 35-38', 0, 0, 0, 0, 0, 9, 165, 1, 0, 0, 0, 0, 3, 34.5),
(1813, 114, 5, '1999-12-05', 1, 'CAR', 'W 34-21', 0, 0, 0, 0, 0, 1, 4, 0, 0, 0, 0, 0, 0, 1.4),
(1814, 114, 6, '2003-10-26', 1, 'PIT', 'W 33-21', 0, 0, 0, 0, 0, 7, 174, 1, 0, 0, 0, 0, 3, 33.4),
(1815, 114, 7, '2008-09-07', 1, 'PHI', 'L 3-38', 0, 0, 0, 0, 0, 1, 9, 0, 0, 0, 0, 0, 0, 1.9),
(1816, 114, 8, '2003-10-13', 0, 'ATL', 'W 36-0', 0, 0, 0, 0, 0, 11, 161, 2, 0, 0, 0, 0, 3, 42.1),
(1817, 114, 9, '2004-12-05', 0, 'SF', 'W 16-6', 0, 0, 0, 0, 0, 10, 160, 1, 0, 0, 0, 0, 3, 35),
(1818, 114, 10, '2003-11-02', 1, 'SF', 'L 10-30', 0, 0, 0, 0, 0, 11, 200, 1, 0, 0, 0, 0, 3, 40),
(1819, 114, 11, '2000-12-10', 0, 'MIN', 'W 40-29', 0, 0, 0, 0, 0, 9, 172, 0, 0, 0, 0, 0, 3, 29.2),
(1820, 114, 12, '2002-11-03', 1, 'AZ', 'W 27-14', 0, 0, 0, 0, 0, 1, 7, 1, 0, 0, 0, 0, 0, 7.7),
(1821, 114, 13, '2005-12-24', 0, 'SF', 'L 20-24', 0, 0, 0, 0, 0, 10, 163, 1, 0, 0, 0, 0, 3, 35.3),
(1822, 114, 14, '2008-11-09', 1, 'NYJ', 'L 3-47', 0, 0, 0, 0, 0, 1, 5, 0, 0, 0, 0, 0, 0, 1.5),
(1823, 114, 15, '2001-12-30', 0, 'IND', 'W 42-17', 0, 0, 0, 0, 0, 7, 203, 2, 0, 0, 0, 0, 3, 42.3),
(1824, 114, 16, '2005-09-25', 0, 'TEN', 'W 31-27', 0, 0, 0, 0, 0, 9, 163, 1, 0, 0, 0, 0, 3, 34.3),
(1825, 115, 1, '2002-11-25', 0, 'PHI', 'L 17-38', 0, 0, 0, 0, 0, 13, 166, 2, 0, 0, 0, 0, 3, 44.6),
(1826, 115, 2, '1996-12-23', 0, 'DET', 'W 24-14', 0, 0, 0, 0, 0, 1, 4, 0, 0, 0, 0, 0, 0, 1.4),
(1827, 115, 3, '1997-09-21', 0, 'ATL', 'W 34-7', 0, 0, 0, 0, 0, 1, 56, 1, 0, 0, 0, 0, 0, 12.6),
(1828, 115, 4, '2002-11-03', 1, 'OAK', 'W 23-20', 0, 0, 0, 0, 0, 12, 191, 0, 0, 0, 0, 0, 3, 34.1),
(1829, 115, 5, '2003-12-21', 1, 'PHI', 'W 31-28', 0, 0, 0, 0, 0, 1, 20, 0, 0, 0, 0, 0, 0, 3),
(1830, 115, 6, '2002-11-17', 1, 'SD', 'L 17-20', 0, 0, 0, 0, 0, 7, 171, 2, 0, 0, 0, 0, 3, 39.1),
(1831, 115, 7, '1997-08-31', 1, 'TB', 'L 6-13', 0, 0, 0, 0, 0, 1, 12, 0, 0, 0, 0, 0, 0, 2.2),
(1832, 115, 8, '1999-11-14', 0, 'CAR', 'W 35-10', 0, 0, 0, 0, 0, 2, 16, 0, 0, 0, 0, 0, 0, 3.6),
(1833, 115, 9, '2001-10-14', 1, 'ATL', 'W 37-31', 0, 0, 0, 0, 0, 9, 183, 3, 0, 0, 0, 0, 3, 48.3),
(1834, 115, 10, '2000-12-17', 0, 'CHI', 'W 17-0', 0, 0, 0, 5, 0, 20, 283, 1, 0, 0, 0, 0, 3, 57.8),
(1835, 115, 11, '2000-11-12', 0, 'KC', 'W 21-7', 0, 0, 0, 0, 0, 1, 6, 0, 0, 0, 0, 0, 0, 1.6),
(1836, 115, 12, '2000-10-08', 0, 'OAK', 'L 28-34', 0, 0, 0, 4, 0, 12, 176, 2, 0, 0, 0, 0, 3, 45),
(1837, 115, 13, '1999-12-26', 0, 'WAS', 'L 20-26', 0, 0, 0, 0, 0, 1, 2, 0, 0, 0, 0, 0, 0, 1.2),
(1838, 115, 14, '2003-11-17', 0, 'PIT', 'W 30-14', 0, 0, 0, 0, 0, 8, 155, 1, 0, 0, 0, 0, 3, 32.5),
(1839, 115, 15, '2003-10-19', 0, 'TB', 'W 24-7', 0, 0, 0, 0, 0, 6, 152, 1, 0, 0, 0, 0, 3, 30.2),
(1840, 115, 16, '1999-12-05', 1, 'CIN', 'L 30-44', 0, 0, 0, 0, 0, 9, 145, 0, 0, 0, 0, 0, 3, 26.5),
(1841, 116, 1, '1993-11-14', 1, 'TB', 'W 45-21', 0, 0, 0, 0, 0, 8, 172, 4, 0, 0, 0, 0, 3, 52.2),
(1842, 116, 2, '1992-10-18', 0, 'ATL', 'W 56-17', 0, 0, 0, 26, 1, 7, 183, 2, 0, 0, 0, 0, 3, 48.9),
(1843, 116, 3, '1986-11-17', 1, 'WAS', 'L 6-14', 0, 0, 0, 9, 0, 12, 204, 0, 0, 0, 0, 0, 3, 36.3),
(1844, 116, 4, '1990-11-04', 1, 'GB', 'W 24-20', 0, 0, 0, 0, 0, 6, 187, 1, 0, 0, 0, 0, 3, 33.7),
(1845, 116, 5, '1991-09-02', 1, 'NYG', 'L 14-16', 0, 0, 0, 0, 0, 1, 73, 1, 0, 0, 0, 0, 0, 14.3),
(1846, 116, 6, '1995-12-18', 0, 'MIN', 'W 37-30', 0, 0, 0, 10, 0, 14, 289, 3, 0, 0, 0, 0, 3, 64.9),
(1847, 116, 7, '1985-12-09', 0, 'LAR', 'L 20-27', 0, 0, 0, 14, 0, 10, 241, 1, 0, 0, 0, 0, 3, 44.5),
(1848, 116, 8, '1990-10-14', 1, 'ATL', 'W 45-35', 0, 0, 0, 0, 0, 13, 225, 5, 0, 0, 0, 0, 3, 68.5),
(1849, 116, 9, '1988-11-27', 1, 'SD', 'W 48-10', 0, 0, 0, 0, 0, 6, 171, 2, 0, 0, 0, 0, 3, 38.1),
(1850, 116, 10, '1985-10-20', 1, 'DET', 'L 21-23', 0, 0, 0, 0, 0, 1, 3, 0, 0, 0, 0, 0, 0, 1.3),
(1851, 116, 11, '1986-10-05', 0, 'IND', 'W 35-14', 0, 0, 0, 0, 0, 6, 172, 3, 0, 0, 0, 0, 3, 44.2),
(1852, 116, 12, '1990-12-03', 0, 'NYG', 'W 7-3', 0, 0, 0, 0, 0, 1, 13, 0, 0, 0, 0, 0, 0, 2.3),
(1853, 116, 13, '1988-10-30', 0, 'MIN', 'W 24-21', 0, 0, 0, 0, 0, 1, 22, 0, 0, 0, 0, 0, 0, 3.2),
(1854, 116, 14, '1999-12-18', 1, 'CAR', 'L 24-41', 0, 0, 0, 11, 0, 2, 56, 1, 0, 0, 0, 0, 0, 14.7),
(1855, 116, 15, '1985-11-17', 0, 'KC', 'W 31-3', 0, 0, 0, 0, 0, 1, 19, 0, 0, 0, 0, 0, 0, 2.9),
(1856, 116, 16, '1995-09-25', 1, 'DET', 'L 24-27', 0, 0, 0, 0, 0, 11, 181, 0, 0, 0, 0, 0, 3, 32.1),
(1857, 117, 1, '1987-12-20', 1, 'OAK', 'W 24-17', 0, 0, 0, 0, 0, 7, 115, 1, 0, 0, 0, 0, 3, 27.5),
(1858, 117, 2, '1986-12-07', 1, 'BUF', 'W 21-17', 0, 0, 0, 0, 0, 1, 15, 0, 0, 0, 0, 0, 0, 2.5),
(1859, 117, 3, '1991-12-22', 1, 'PIT', 'L 10-17', 0, 0, 0, 0, 0, 11, 138, 0, 0, 0, 0, 0, 3, 27.8),
(1860, 117, 4, '1990-10-08', 1, 'DEN', 'W 30-29', 0, 0, 0, 17, 0, 7, 123, 1, 0, 0, 0, 0, 3, 30),
(1861, 117, 5, '1990-11-25', 0, 'MIA', 'L 13-30', 0, 0, 0, -2, 0, 1, 23, 0, 0, 0, 0, 0, 0, 3.1),
(1862, 117, 6, '1988-12-18', 0, 'HOU', 'W 28-23', 0, 0, 0, 0, 0, 6, 136, 1, 0, 0, 0, 0, 3, 28.6),
(1863, 117, 7, '1986-11-16', 1, 'OAK', 'L 14-27', 0, 0, 0, 0, 0, 1, 35, 0, 0, 0, 0, 0, 0, 4.5),
(1864, 117, 8, '1989-10-23', 0, 'CHI', 'W 27-7', 0, 0, 0, 0, 0, 8, 186, 1, 0, 0, 0, 0, 3, 35.6),
(1865, 117, 9, '1990-09-23', 0, 'SD', 'L 14-24', 0, 0, 0, 0, 0, 1, 40, 0, 0, 0, 0, 0, 0, 5),
(1866, 117, 10, '1989-12-10', 1, 'IND', 'L 17-23', 0, 0, 0, 0, 0, 6, 152, 0, 0, 0, 0, 0, 3, 24.2),
(1867, 117, 11, '1986-11-23', 0, 'PIT', 'W 37-31', 0, 0, 0, 0, 0, 6, 134, 1, 0, 0, 0, 0, 3, 28.4),
(1868, 117, 12, '1989-10-29', 0, 'HOU', 'W 28-17', 0, 0, 0, 0, 0, 4, 184, 2, 0, 0, 0, 0, 3, 37.4),
(1869, 117, 13, '1990-12-30', 1, 'CIN', 'L 14-21', 0, 0, 0, 14, 0, 6, 115, 0, 0, 0, 0, 0, 3, 21.9),
(1870, 117, 14, '1987-12-13', 0, 'CIN', 'W 38-24', 0, 0, 0, 0, 0, 5, 119, 2, 0, 0, 0, 0, 3, 31.9),
(1871, 117, 15, '1989-12-17', 0, 'MIN', 'W 23-17', 0, 0, 0, 0, 0, 1, 17, 0, 0, 0, 0, 0, 0, 2.7),
(1872, 117, 16, '1989-11-05', 1, 'TB', 'W 42-31', 0, 0, 0, 0, 0, 1, 15, 0, 0, 0, 0, 0, 0, 2.5),
(1873, 118, 1, '1968-11-10', 0, 'NO', 'W 35-17', 0, 0, 0, 0, 0, 5, 107, 1, 0, 0, 0, 0, 3, 24.7),
(1874, 118, 2, '1968-12-01', 0, 'NYG', 'W 45-10', 0, 0, 0, 0, 0, 6, 137, 1, 0, 0, 0, 0, 3, 28.7),
(1875, 118, 3, '1968-09-29', 0, 'LAR', 'L 6-24', 0, 0, 0, 0, 0, 1, 57, 1, 0, 0, 0, 0, 0, 12.7),
(1876, 118, 4, '1969-10-05', 0, 'DET', 'L 21-28', 0, 0, 0, 0, 0, 7, 106, 1, 0, 0, 0, 0, 3, 26.6),
(1877, 118, 5, '1964-10-04', 0, 'DAL', 'W 27-6', 0, 0, 0, 0, 0, 5, 123, 1, 0, 0, 0, 0, 3, 26.3),
(1878, 118, 6, '1967-10-01', 1, 'NO', 'W 42-7', 0, 0, 0, 0, 0, 4, 107, 2, 0, 0, 0, 0, 3, 29.7),
(1879, 118, 7, '1969-12-14', 1, 'LAR', 'W 27-21', 0, 0, 0, 0, 0, 4, 119, 2, 0, 0, 0, 0, 3, 30.9),
(1880, 118, 8, '1977-10-23', 1, 'BUF', 'W 27-16', 0, 0, 0, 0, 0, 1, 52, 1, 0, 0, 0, 0, 0, 12.2),
(1881, 118, 9, '1966-12-17', 1, 'LAR', 'W 38-10', 0, 0, 0, 0, 0, 6, 161, 0, 0, 0, 0, 0, 3, 25.1),
(1882, 118, 10, '1968-12-08', 1, 'WAS', 'W 24-21', 0, 0, 0, 0, 0, 1, 38, 1, 0, 0, 0, 0, 0, 10.8),
(1883, 118, 11, '1969-11-23', 0, 'NYG', 'W 28-17', 0, 0, 0, 0, 0, 1, 30, 0, 0, 0, 0, 0, 0, 4),
(1884, 118, 12, '1967-10-29', 1, 'NYG', 'L 34-38', 0, 0, 0, 0, 0, 5, 126, 2, 0, 0, 0, 0, 3, 32.6),
(1885, 118, 13, '1969-11-16', 1, 'PIT', 'W 24-3', 0, 0, 0, 0, 0, 5, 132, 1, 0, 0, 0, 0, 3, 27.2),
(1886, 118, 14, '1967-10-15', 0, 'LAR', 'W 20-16', 0, 0, 0, 0, 0, 1, 28, 0, 0, 0, 0, 0, 0, 3.8),
(1887, 118, 15, '1964-11-22', 1, 'GB', 'L 21-28', 0, 0, 0, 0, 0, 7, 126, 2, 0, 0, 0, 0, 3, 34.6),
(1888, 118, 16, '1967-10-22', 0, 'CHI', 'W 24-0', 0, 0, 0, 0, 0, 1, 33, 0, 0, 0, 0, 0, 0, 4.3),
(1889, 119, 1, '2001-10-21', 0, 'NE', 'L 17-38', 0, 0, 0, 0, 0, 8, 157, 1, 0, 0, 0, 0, 3, 32.7),
(1890, 119, 2, '2003-09-28', 1, 'NO', 'W 55-21', 0, 0, 0, 0, 0, 6, 158, 3, 0, 0, 0, 0, 3, 42.8),
(1891, 119, 3, '2000-10-22', 0, 'NE', 'W 30-23', 0, 0, 0, 0, 0, 5, 156, 2, 0, 0, 0, 0, 3, 35.6),
(1892, 119, 4, '1999-09-26', 1, 'SD', 'W 27-19', 0, 0, 0, 4, 0, 13, 196, 1, 0, 0, 0, 0, 3, 42),
(1893, 119, 5, '2008-10-27', 1, 'TEN', 'L 21-31', 0, 0, 0, 0, 0, 1, 12, 0, 0, 0, 0, 0, 0, 2.2),
(1894, 119, 6, '2003-10-06', 1, 'TB', 'W 38-35', 0, 0, 0, 0, 0, 11, 176, 2, 0, 0, 0, 0, 3, 43.6),
(1895, 119, 7, '2007-09-30', 0, 'DEN', 'W 38-20', 0, 0, 0, 0, 0, 1, 8, 0, 0, 0, 0, 0, 0, 1.8),
(1896, 119, 8, '2002-12-15', 1, 'CLE', 'W 28-23', 0, 0, 0, 0, 0, 9, 172, 2, 0, 0, 0, 0, 3, 41.2),
(1897, 119, 9, '1999-10-24', 0, 'CIN', 'W 31-10', 0, 0, 0, 0, 0, 8, 156, 1, 0, 0, 0, 0, 3, 32.6),
(1898, 119, 10, '1996-10-13', 0, 'BAL', 'W 26-21', 0, 0, 0, 0, 0, 1, 20, 0, 0, 0, 0, 0, 0, 3),
(1899, 119, 11, '2000-10-08', 1, 'NE', 'L 16-24', 0, 0, 0, 0, 0, 13, 159, 1, 0, 0, 0, 0, 3, 37.9),
(1900, 119, 12, '2006-11-26', 0, 'PHI', 'W 45-21', 0, 0, 0, 0, 0, 1, 8, 0, 0, 0, 0, 0, 0, 1.8),
(1901, 119, 13, '2008-09-14', 1, 'MIN', 'W 18-15', 0, 0, 0, 0, 0, 1, 16, 0, 0, 0, 0, 0, 0, 2.6),
(1902, 119, 14, '2003-11-09', 1, 'JAX', 'L 23-28', 0, 0, 0, 0, 0, 1, 30, 1, 0, 0, 0, 0, 0, 10),
(1903, 119, 15, '2001-11-11', 0, 'MIA', 'L 24-27', 0, 0, 0, 0, 0, 9, 174, 3, 0, 0, 0, 0, 3, 47.4),
(1904, 119, 16, '2006-12-03', 1, 'TEN', 'L 17-20', 0, 0, 0, 0, 0, 7, 172, 1, 0, 0, 0, 0, 3, 33.2),
(1905, 120, 1, '2004-09-09', 1, 'NE', 'L 24-27', 0, 0, 0, 0, 0, 1, 42, 0, 0, 0, 0, 0, 0, 5.2),
(1906, 120, 2, '2014-12-07', 1, 'CLE', 'W 25-24', 0, 0, 0, 0, 0, 1, 5, 0, 0, 0, 0, 0, 0, 1.5),
(1907, 120, 3, '2010-12-05', 0, 'DAL', 'L 35-38', 0, 0, 0, 0, 0, 14, 200, 1, 0, 0, 0, 0, 3, 43),
(1908, 120, 4, '2004-09-26', 0, 'GB', 'W 45-31', 0, 0, 0, 0, 0, 11, 184, 1, 0, 0, 0, 0, 3, 38.4),
(1909, 120, 5, '2010-10-03', 1, 'JAX', 'L 28-31', 0, 0, 0, 0, 0, 15, 196, 0, 0, 0, 0, 0, 3, 37.6),
(1910, 120, 6, '2001-12-23', 0, 'NYJ', 'L 28-29', 0, 0, 0, 0, 0, 1, 5, 0, 0, 0, 0, 0, 0, 1.5),
(1911, 120, 7, '2012-10-07', 0, 'GB', 'W 30-27', 0, 0, 0, 0, 0, 13, 212, 1, 0, 0, 0, 0, 3, 43.2),
(1912, 120, 8, '2007-10-28', 1, 'CAR', 'W 31-7', 0, 0, 0, 0, 0, 7, 168, 1, 0, 0, 0, 0, 3, 32.8),
(1913, 120, 9, '2001-12-10', 1, 'MIA', 'L 6-41', 0, 0, 0, 0, 0, 1, 11, 0, 0, 0, 0, 0, 0, 2.1),
(1914, 120, 10, '2009-09-13', 0, 'JAX', 'W 14-12', 0, 0, 0, 0, 0, 10, 162, 1, 0, 0, 0, 0, 3, 35.2),
(1915, 120, 11, '2003-09-21', 0, 'JAX', 'W 23-13', 0, 0, 0, 0, 0, 10, 141, 2, 0, 0, 0, 0, 3, 39.1),
(1916, 120, 12, '2008-12-28', 0, 'TEN', 'W 23-0', 0, 0, 0, 0, 0, 1, 15, 0, 0, 0, 0, 0, 0, 2.5),
(1917, 120, 13, '2009-11-01', 0, 'SF', 'W 18-14', 0, 0, 0, 0, 0, 12, 147, 1, 0, 0, 0, 0, 3, 35.7),
(1918, 120, 14, '2007-12-02', 0, 'JAX', 'W 28-25', 0, 0, 0, 0, 0, 8, 158, 1, 0, 0, 0, 0, 3, 32.8),
(1919, 120, 15, '2001-10-14', 0, 'OAK', 'L 18-23', 0, 0, 0, 0, 0, 1, 20, 0, 0, 0, 0, 0, 0, 3),
(1920, 120, 16, '2007-12-23', 0, 'HOU', 'W 38-15', 0, 0, 0, 0, 0, 10, 143, 1, 0, 0, 0, 0, 3, 33.3),
(1921, 121, 1, '1981-10-04', 1, 'LAR', 'L 17-20', 0, 0, 0, 0, 0, 1, 25, 0, 0, 0, 0, 0, 0, 3.5),
(1922, 121, 2, '1979-11-04', 1, 'NYG', 'W 16-14', 0, 0, 0, 0, 0, 6, 124, 1, 0, 0, 0, 0, 3, 27.4),
(1923, 121, 3, '1979-11-22', 0, 'HOU', 'L 24-30', 0, 0, 0, 6, 0, 5, 118, 1, 0, 0, 0, 0, 3, 26.4),
(1924, 121, 4, '1976-11-15', 0, 'BUF', 'W 17-10', 0, 0, 0, 0, 0, 9, 135, 1, 0, 0, 0, 0, 3, 31.5),
(1925, 121, 5, '1974-10-13', 1, 'LAR', 'L 28-31', 0, 0, 0, -22, 0, 8, 118, 0, 0, 0, 0, 0, 3, 20.6),
(1926, 121, 6, '1977-10-30', 0, 'DET', 'W 37-0', 0, 0, 0, 0, 0, 1, 26, 0, 0, 0, 0, 0, 0, 3.6),
(1927, 121, 7, '1975-10-06', 1, 'DET', 'W 36-10', 0, 0, 0, 0, 0, 6, 188, 2, 0, 0, 0, 0, 3, 39.8),
(1928, 121, 8, '1973-12-16', 1, 'LAR', 'W 30-3', 0, 0, 0, 0, 0, 5, 140, 2, 0, 0, 0, 0, 3, 34),
(1929, 121, 9, '1977-10-16', 0, 'WAS', 'W 34-16', 0, 0, 0, 0, 0, 6, 157, 1, 0, 0, 0, 0, 3, 30.7),
(1930, 121, 10, '1974-09-23', 1, 'PHI', 'L 10-13', 0, 0, 0, 6, 0, 10, 161, 0, 0, 0, 0, 0, 3, 29.7),
(1931, 121, 11, '1975-10-12', 1, 'NYG', 'W 13-7', 0, 0, 0, 0, 0, 1, 29, 0, 0, 0, 0, 0, 0, 3.9),
(1932, 121, 12, '1979-10-21', 0, 'LAR', 'W 22-13', 0, 0, 0, 0, 0, 1, 29, 0, 0, 0, 0, 0, 0, 3.9),
(1933, 121, 13, '1980-12-15', 1, 'LAR', 'L 14-38', 0, 0, 0, 0, 0, 1, 25, 0, 0, 0, 0, 0, 0, 3.5),
(1934, 121, 14, '1978-11-23', 0, 'WAS', 'W 37-10', 0, 0, 0, 0, 0, 4, 116, 1, 0, 0, 0, 0, 3, 24.6),
(1935, 121, 15, '1979-11-18', 1, 'WAS', 'L 20-34', 0, 0, 0, 0, 0, 8, 134, 2, 0, 0, 0, 0, 3, 36.4),
(1936, 121, 16, '1974-10-06', 0, 'MIN', 'L 21-23', 0, 0, 0, 0, 0, 1, 28, 0, 0, 0, 0, 0, 0, 3.8),
(1937, 122, 1, '1988-10-03', 1, 'NO', 'L 17-20', 0, 0, 0, 0, 0, 1, 19, 0, 0, 0, 0, 0, 0, 2.9),
(1938, 122, 2, '1992-11-22', 1, 'AZ', 'W 16-10', 0, 0, 0, 0, 0, 1, 18, 0, 0, 0, 0, 0, 0, 2.8),
(1939, 122, 3, '1992-09-20', 0, 'AZ', 'W 31-20', 0, 0, 0, -9, 0, 8, 210, 3, 0, 0, 0, 0, 3, 49.1),
(1940, 122, 4, '1993-10-17', 0, 'SF', 'W 26-17', 0, 0, 0, 0, 0, 12, 168, 1, 0, 0, 0, 0, 3, 37.8),
(1941, 122, 5, '1990-12-30', 1, 'ATL', 'L 7-26', 0, 0, 0, 0, 0, 1, 16, 0, 0, 0, 0, 0, 0, 2.6),
(1942, 122, 6, '1988-11-24', 0, 'HOU', 'L 17-25', 0, 0, 0, 0, 0, 1, 22, 0, 0, 0, 0, 0, 0, 3.2),
(1943, 122, 7, '1996-10-27', 1, 'MIA', 'W 29-10', 0, 0, 0, 0, 0, 12, 186, 1, 0, 0, 0, 0, 3, 39.6),
(1944, 122, 8, '1990-12-02', 0, 'NO', 'W 17-13', 0, 0, 0, 0, 0, 1, 24, 0, 0, 0, 0, 0, 0, 3.4),
(1945, 122, 9, '1996-12-08', 1, 'AZ', 'W 10-6', 0, 0, 0, 0, 0, 8, 198, 1, 0, 0, 0, 0, 3, 36.8),
(1946, 122, 10, '1991-11-28', 0, 'PIT', 'W 20-10', 0, 0, 0, 0, 0, 8, 157, 1, 0, 0, 0, 0, 3, 32.7),
(1947, 122, 11, '1995-10-08', 0, 'GB', 'W 34-24', 0, 0, 0, 0, 0, 8, 150, 1, 0, 0, 0, 0, 3, 32),
(1948, 122, 12, '1997-08-31', 1, 'PIT', 'W 37-7', 0, 0, 0, 0, 0, 7, 153, 2, 0, 0, 0, 0, 3, 37.3),
(1949, 122, 13, '1993-10-03', 0, 'GB', 'W 36-14', 0, 0, 0, 0, 0, 7, 155, 1, 0, 0, 0, 0, 3, 31.5),
(1950, 122, 14, '1992-11-15', 0, 'LAR', 'L 23-27', 0, 0, 0, 0, 0, 8, 168, 0, 0, 0, 0, 0, 3, 27.8),
(1951, 122, 15, '1991-12-22', 0, 'ATL', 'W 31-27', 0, 0, 0, 0, 0, 10, 169, 1, 0, 0, 0, 0, 3, 35.9),
(1952, 122, 16, '1988-09-12', 1, 'AZ', 'W 17-14', 0, 0, 0, 0, 0, 1, 47, 0, 0, 0, 0, 0, 0, 5.7),
(1953, 123, 1, '2009-10-04', 0, 'NYG', 'L 16-27', 0, 0, 0, 0, 0, 1, 11, 0, 0, 0, 0, 0, 0, 2.1),
(1954, 123, 2, '2007-09-30', 1, 'SD', 'W 30-16', 0, 0, 0, 0, 0, 8, 164, 1, 0, 0, 0, 0, 3, 33.4),
(1955, 123, 3, '2013-10-27', 0, 'CLE', 'W 23-17', 0, 0, 0, 0, 0, 1, 7, 0, 0, 0, 0, 0, 0, 1.7),
(1956, 123, 4, '2010-12-26', 0, 'TEN', 'W 34-14', 0, 0, 0, 0, 0, 6, 153, 1, 0, 0, 0, 0, 3, 30.3),
(1957, 123, 5, '2010-11-21', 0, 'AZ', 'W 31-13', 0, 0, 0, 0, 0, 6, 109, 2, 0, 0, 0, 0, 3, 31.9),
(1958, 123, 6, '2010-11-28', 1, 'SEA', 'W 42-24', 0, 0, 0, 0, 0, 13, 170, 3, 0, 0, 0, 0, 3, 51),
(1959, 123, 7, '2010-09-13', 0, 'SD', 'W 21-14', 0, 0, 0, 0, 0, 1, 13, 0, 0, 0, 0, 0, 0, 2.3),
(1960, 123, 8, '2010-11-14', 1, 'DEN', 'L 29-49', 0, 0, 0, 0, 0, 13, 186, 2, 0, 0, 0, 0, 3, 46.6),
(1961, 123, 9, '2012-09-30', 0, 'SD', 'L 20-37', 0, 0, 0, 0, 0, 7, 108, 1, 0, 0, 0, 0, 3, 26.8),
(1962, 123, 10, '2010-10-17', 1, 'HOU', 'L 31-35', 0, 0, 0, 0, 0, 6, 108, 2, 0, 0, 0, 0, 3, 31.8),
(1963, 123, 11, '2013-09-19', 1, 'PHI', 'W 26-16', 0, 0, 0, 0, 0, 1, 4, 0, 0, 0, 0, 0, 0, 1.4),
(1964, 123, 12, '2010-01-03', 1, 'DEN', 'W 44-24', 0, 0, 0, 0, 0, 1, 6, 0, 0, 0, 0, 0, 0, 1.6),
(1965, 123, 13, '2009-10-18', 1, 'WAS', 'W 14-6', 0, 0, 0, 0, 0, 6, 109, 0, 0, 0, 0, 0, 3, 19.9),
(1966, 123, 14, '2011-10-02', 0, 'MIN', 'W 22-17', 0, 0, 0, 0, 0, 5, 107, 1, 0, 0, 0, 0, 3, 24.7),
(1967, 123, 15, '2007-12-30', 1, 'NYJ', 'L 10-13', 0, 0, 0, 0, 0, 1, 13, 0, 0, 0, 0, 0, 0, 2.3),
(1968, 123, 16, '2011-10-09', 1, 'IND', 'W 28-24', 0, 0, 0, 0, 0, 7, 128, 2, 0, 0, 0, 0, 3, 34.8),
(1969, 124, 1, '1966-11-20', 0, 'NE', 'T 27-27', 0, 0, 1, 0, 0, 9, 133, 2, 0, 0, 0, 0, 3, 36.3),
(1970, 124, 2, '1968-12-08', 1, 'SD', 'W 40-3', 0, 0, 0, -2, 0, 1, 16, 0, 0, 0, 0, 0, 0, 2.4),
(1971, 124, 3, '1966-11-27', 1, 'NYJ', 'W 32-24', 0, 0, 0, 0, 0, 6, 136, 0, 0, 0, 0, 0, 3, 22.6),
(1972, 124, 4, '1966-10-30', 0, 'HOU', 'W 48-23', 0, 0, 0, 14, 0, 5, 187, 1, 0, 0, 0, 0, 3, 34.1),
(1973, 124, 5, '1970-11-01', 0, 'OAK', 'T 17-17', 0, 0, 0, 0, 0, 4, 129, 1, 0, 0, 0, 0, 3, 25.9),
(1974, 124, 6, '1970-10-18', 1, 'CIN', 'W 27-19', 0, 0, 0, 0, 0, 1, 25, 0, 0, 0, 0, 0, 0, 3.5),
(1975, 124, 7, '1971-10-18', 0, 'PIT', 'W 38-16', 0, 0, 0, 0, 0, 6, 190, 2, 0, 0, 0, 0, 3, 40),
(1976, 124, 8, '1969-11-27', 0, 'DEN', 'W 31-17', 0, 0, 0, 0, 0, 1, 20, 0, 0, 0, 0, 0, 0, 3),
(1977, 124, 9, '1972-10-15', 0, 'CIN', 'L 16-23', 0, 0, 0, 0, 0, 10, 149, 1, 0, 0, 0, 0, 3, 33.9),
(1978, 124, 10, '1965-10-17', 0, 'BUF', 'L 7-23', 0, 0, 0, 2, 0, 1, 15, 0, 0, 0, 0, 0, 0, 2.7),
(1979, 124, 11, '1969-10-19', 0, 'MIA', 'W 17-10', 0, 0, 0, 0, 0, 4, 131, 0, 0, 0, 0, 0, 3, 20.1),
(1980, 124, 12, '1967-10-15', 1, 'SD', 'L 31-45', 0, 0, 0, 24, 1, 9, 134, 0, 0, 0, 0, 0, 3, 33.8),
(1981, 124, 13, '1967-12-10', 1, 'NYJ', 'W 21-7', 0, 0, 0, 0, 0, 1, 20, 0, 0, 0, 0, 0, 0, 3),
(1982, 124, 14, '1965-10-10', 1, 'DEN', 'W 31-23', 0, 0, 0, 0, 0, 1, 48, 0, 0, 0, 0, 0, 0, 5.8),
(1983, 124, 15, '1966-10-02', 0, 'BUF', 'L 14-29', 0, 0, 0, 0, 0, 4, 125, 1, 0, 0, 0, 0, 3, 25.5),
(1984, 124, 16, '1968-12-14', 1, 'DEN', 'W 30-7', 0, 0, 0, 0, 0, 3, 119, 1, 0, 0, 0, 0, 3, 23.9),
(1985, 125, 1, '1962-09-07', 1, 'DEN', 'L 21-30', 0, 0, 0, 0, 0, 1, 17, 0, 0, 0, 0, 0, 0, 2.7),
(1986, 125, 2, '1968-09-21', 0, 'HOU', 'W 30-14', 0, 0, 0, 3, 0, 8, 183, 1, 0, 0, 0, 0, 3, 35.6),
(1987, 125, 3, '1970-09-27', 0, 'OAK', 'T 27-27', 0, 0, 0, 0, 0, 1, 37, 1, 0, 0, 0, 0, 0, 10.7),
(1988, 125, 4, '1965-09-11', 0, 'DEN', 'W 34-31', 0, 0, 0, 0, 0, 7, 211, 1, 0, 0, 0, 0, 3, 37.1),
(1989, 125, 5, '1968-10-13', 1, 'OAK', 'W 23-14', 0, 0, 0, 0, 0, 9, 182, 1, 0, 0, 0, 0, 3, 36.2),
(1990, 125, 6, '1963-11-02', 1, 'NYJ', 'W 53-7', 0, 0, 0, 0, 0, 5, 180, 1, 0, 0, 0, 0, 3, 32),
(1991, 125, 7, '1965-11-14', 1, 'KC', 'L 7-31', 0, 0, 0, -1, 0, 6, 181, 1, 0, 0, 0, 0, 3, 33),
(1992, 125, 8, '1963-10-20', 1, 'KC', 'W 38-17', 0, 0, 0, 0, 0, 9, 232, 2, 0, 0, 0, 0, 3, 47.2),
(1993, 125, 9, '1967-10-29', 1, 'OAK', 'L 10-51', 0, 0, 0, 0, 0, 10, 213, 1, 0, 0, 0, 0, 3, 40.3),
(1994, 125, 10, '1968-11-10', 1, 'NE', 'W 27-17', 0, 0, 0, 0, 0, 1, 29, 0, 0, 0, 0, 0, 0, 3.9),
(1995, 125, 11, '1963-11-10', 1, 'NE', 'W 7-6', 0, 0, 0, 0, 0, 13, 210, 1, 0, 0, 0, 0, 3, 43),
(1996, 125, 12, '1964-11-26', 0, 'BUF', 'L 24-27', 0, 0, 0, 0, 0, 4, 185, 2, 0, 0, 0, 0, 3, 37.5),
(1997, 125, 13, '1968-09-29', 1, 'CIN', 'W 31-10', 0, 0, 0, 0, 0, 1, 11, 0, 0, 0, 0, 0, 0, 2.1),
(1998, 125, 14, '1964-11-01', 0, 'OAK', 'W 31-17', 0, 0, 0, 0, 0, 8, 203, 2, 0, 0, 0, 0, 3, 43.3),
(1999, 125, 15, '1970-10-12', 0, 'GB', 'L 20-22', 0, 0, 0, 0, 0, 1, 6, 0, 0, 0, 0, 0, 0, 1.6),
(2000, 125, 16, '1963-12-22', 0, 'DEN', 'W 58-20', 0, 0, 0, 0, 0, 1, 4, 0, 0, 0, 0, 0, 0, 1.4),
(2001, 126, 1, '1978-11-12', 0, 'KC', 'W 29-23', 0, 0, 0, 0, 0, 1, 27, 0, 0, 0, 0, 0, 0, 3.7),
(2002, 126, 2, '1981-09-07', 1, 'CLE', 'W 44-14', 0, 0, 0, 0, 0, 6, 191, 0, 0, 0, 0, 0, 3, 28.1),
(2003, 126, 3, '1981-10-25', 1, 'CHI', 'L 17-20', 0, 0, 0, 0, 0, 5, 124, 1, 0, 0, 0, 0, 3, 26.4),
(2004, 126, 4, '1980-10-19', 0, 'NYG', 'W 44-7', 0, 0, 0, 0, 0, 10, 171, 1, 0, 0, 0, 0, 3, 36.1),
(2005, 126, 5, '1986-09-14', 1, 'NYG', 'L 7-20', 0, 0, 0, 0, 0, 1, 20, 0, 0, 0, 0, 0, 0, 3),
(2006, 126, 6, '1976-12-05', 0, 'SF', 'W 13-7', 0, 0, 0, 0, 0, 1, 30, 0, 0, 0, 0, 0, 0, 4),
(2007, 126, 7, '1978-11-05', 0, 'CIN', 'W 22-13', 0, 0, 0, 0, 0, 1, 14, 0, 0, 0, 0, 0, 0, 2.4),
(2008, 126, 8, '1980-10-12', 1, 'OAK', 'L 24-38', 0, 0, 0, 0, 0, 8, 135, 0, 0, 0, 0, 0, 3, 24.5),
(2009, 126, 9, '1977-11-06', 1, 'DET', 'L 0-20', 0, 0, 0, 0, 0, 1, 23, 0, 0, 0, 0, 0, 0, 3.3),
(2010, 126, 10, '1981-09-13', 0, 'DET', 'W 28-23', 0, 0, 0, 0, 0, 7, 166, 0, 0, 0, 0, 0, 3, 26.6),
(2011, 126, 11, '1980-11-09', 0, 'DEN', 'L 13-20', 0, 0, 0, 0, 0, 9, 127, 0, 0, 0, 0, 0, 3, 24.7),
(2012, 126, 12, '1979-10-21', 1, 'LAR', 'W 40-16', 0, 0, 0, 0, 0, 7, 168, 0, 0, 0, 0, 0, 3, 26.8),
(2013, 126, 13, '1982-11-22', 1, 'OAK', 'L 24-28', 0, 0, 0, 0, 0, 1, 22, 0, 0, 0, 0, 0, 0, 3.2),
(2014, 126, 14, '1976-09-26', 0, 'LAR', 'W 43-24', 0, 0, 0, 0, 0, 5, 134, 1, 0, 0, 0, 0, 3, 27.4),
(2015, 126, 15, '1982-12-11', 1, 'SF', 'W 41-37', 0, 0, 0, 0, 0, 8, 145, 0, 0, 0, 0, 0, 3, 25.5),
(2016, 126, 16, '1979-11-25', 0, 'KC', 'W 28-7', 0, 0, 0, 0, 0, 9, 123, 1, 0, 0, 0, 0, 3, 30.3),
(2017, 127, 1, '2002-10-27', 1, 'NE', 'W 24-16', 0, 0, 0, 0, 0, 8, 116, 0, 0, 0, 0, 0, 3, 22.6),
(2018, 127, 2, '2002-12-01', 1, 'SD', 'L 27-30', 0, 0, 0, 0, 0, 7, 126, 0, 0, 0, 0, 0, 3, 22.6),
(2019, 127, 3, '1999-10-17', 0, 'GB', 'W 31-10', 0, 0, 0, 0, 0, 5, 116, 2, 0, 0, 0, 0, 3, 31.6),
(2020, 127, 4, '2000-10-22', 1, 'CIN', 'L 21-31', 0, 0, 0, 0, 0, 10, 136, 0, 0, 0, 0, 0, 3, 26.6),
(2021, 127, 5, '1998-11-01', 1, 'CIN', 'W 33-26', 0, 0, 0, 0, 0, 7, 133, 1, 0, 0, 0, 0, 3, 29.3),
(2022, 127, 6, '2000-11-19', 0, 'SD', 'W 38-37', 0, 0, 0, 0, 0, 10, 148, 2, 0, 0, 0, 0, 3, 39.8),
(2023, 127, 7, '1995-11-05', 0, 'AZ', 'W 38-6', 0, 0, 0, 0, 0, 1, 23, 1, 0, 0, 0, 0, 0, 9.3),
(2024, 127, 8, '1995-11-19', 0, 'SD', 'W 30-27', 0, 0, 0, 0, 0, 1, 18, 0, 0, 0, 0, 0, 0, 2.8),
(2025, 127, 9, '1998-11-16', 1, 'KC', 'W 30-7', 0, 0, 0, 0, 0, 1, 19, 0, 0, 0, 0, 0, 0, 2.9),
(2026, 127, 10, '1998-09-13', 0, 'DAL', 'W 42-23', 0, 0, 0, 0, 0, 5, 117, 0, 0, 0, 0, 0, 3, 19.7),
(2027, 127, 11, '2000-10-15', 0, 'CLE', 'W 44-10', 0, 0, 0, 0, 0, 5, 129, 0, 0, 0, 0, 0, 3, 20.9),
(2028, 127, 12, '2003-12-21', 1, 'IND', 'W 31-17', 0, 0, 0, 0, 0, 1, 23, 0, 0, 0, 0, 0, 0, 3.3),
(2029, 127, 13, '1997-10-26', 1, 'BUF', 'W 23-20', 0, 0, 0, 0, 0, 1, 17, 0, 0, 0, 0, 0, 0, 2.7),
(2030, 127, 14, '1998-11-08', 0, 'SD', 'W 27-10', 0, 0, 0, 0, 0, 9, 133, 1, 0, 0, 0, 0, 3, 31.3),
(2031, 127, 15, '1999-11-14', 1, 'SEA', 'L 17-20', 0, 0, 0, 0, 0, 6, 125, 1, 0, 0, 0, 0, 3, 27.5),
(2032, 127, 16, '1997-09-14', 0, 'LAR', 'W 35-14', 0, 0, 0, 0, 0, 1, 23, 1, 0, 0, 0, 0, 0, 9.3),
(2033, 128, 1, '1995-11-26', 1, 'HOU', 'L 33-42', 0, 0, 0, 0, 0, 1, 24, 0, 0, 0, 0, 0, 0, 3.4),
(2034, 128, 2, '1995-09-17', 0, 'WAS', 'W 38-31', 0, 0, 0, 0, 0, 1, 43, 1, 0, 0, 0, 0, 0, 11.3),
(2035, 128, 3, '2005-12-17', 1, 'BUF', 'W 28-17', 0, 0, 0, 0, 0, 11, 137, 1, 0, 0, 0, 0, 3, 33.7),
(2036, 128, 4, '2000-10-01', 0, 'NE', 'L 19-28', 0, 0, 0, 0, 0, 13, 160, 0, 0, 0, 0, 0, 3, 32),
(2037, 128, 5, '2001-09-23', 1, 'AZ', 'W 38-17', 0, 0, 0, 0, 0, 14, 162, 2, 0, 0, 0, 0, 3, 45.2),
(2038, 128, 6, '1995-12-10', 0, 'SEA', 'L 27-31', 0, 0, 0, 0, 0, 1, 19, 0, 0, 0, 0, 0, 0, 2.9),
(2039, 128, 7, '2000-09-24', 0, 'KC', 'L 22-23', 0, 0, 0, 0, 0, 8, 134, 0, 0, 0, 0, 0, 3, 24.4),
(2040, 128, 8, '2000-11-19', 0, 'SD', 'W 38-37', 0, 0, 0, 0, 0, 11, 187, 1, 0, 0, 0, 0, 3, 38.7),
(2041, 128, 9, '2004-10-17', 1, 'OAK', 'W 31-3', 0, 0, 0, 22, 0, 1, 24, 0, 0, 0, 0, 0, 0, 5.6),
(2042, 128, 10, '1998-10-11', 1, 'SEA', 'W 21-16', 0, 0, 0, 0, 0, 8, 136, 1, 0, 0, 0, 0, 3, 30.6),
(2043, 128, 11, '1996-10-20', 0, 'BAL', 'W 45-34', 0, 0, 0, 0, 0, 1, 35, 0, 0, 0, 0, 0, 0, 4.5),
(2044, 128, 12, '1998-12-27', 0, 'SEA', 'W 28-21', 0, 0, 0, 0, 0, 9, 158, 1, 0, 0, 0, 0, 3, 33.8),
(2045, 128, 13, '2003-11-30', 1, 'OAK', 'W 22-8', 0, 0, 0, 0, 0, 1, 20, 0, 0, 0, 0, 0, 0, 3),
(2046, 128, 14, '2004-10-31', 0, 'ATL', 'L 28-41', 0, 0, 0, 6, 0, 9, 208, 1, 0, 0, 0, 0, 3, 39.4),
(2047, 128, 15, '1998-12-06', 0, 'KC', 'W 35-31', 0, 0, 0, 0, 0, 8, 165, 0, 0, 0, 0, 0, 3, 27.5),
(2048, 128, 16, '2001-10-28', 0, 'NE', 'W 31-20', 0, 0, 0, 0, 0, 6, 159, 1, 0, 0, 0, 0, 3, 30.9),
(2049, 129, 1, '1967-12-17', 1, 'OAK', 'L 29-38', 0, 0, 0, 7, 0, 12, 159, 2, 0, 0, 0, 0, 3, 43.6),
(2050, 129, 2, '1972-11-19', 1, 'MIA', 'L 24-28', 0, 0, 0, 0, 0, 1, 41, 0, 0, 0, 0, 0, 0, 5.1),
(2051, 129, 3, '1968-09-22', 1, 'NE', 'W 47-31', 0, 0, 0, 0, 0, 1, 39, 1, 0, 0, 0, 0, 0, 10.9),
(2052, 129, 4, '1971-10-24', 0, 'MIA', 'L 14-30', 0, 0, 0, 0, 0, 1, 32, 0, 0, 0, 0, 0, 0, 4.2),
(2053, 129, 5, '1971-10-17', 0, 'BUF', 'W 28-17', 0, 0, 0, 0, 0, 1, 44, 0, 0, 0, 0, 0, 0, 5.4),
(2054, 129, 6, '1963-10-26', 0, 'DEN', 'T 35-35', 0, 0, 0, 0, 0, 5, 159, 3, 0, 0, 0, 0, 3, 41.9),
(2055, 129, 7, '1968-11-17', 1, 'OAK', 'L 32-43', 0, 0, 0, 0, 0, 10, 228, 1, 0, 0, 0, 0, 3, 41.8),
(2056, 129, 8, '1968-12-01', 0, 'MIA', 'W 35-17', 0, 0, 0, 0, 0, 7, 160, 3, 0, 0, 0, 0, 3, 44),
(2057, 129, 9, '1967-10-15', 0, 'HOU', 'T 28-28', 0, 0, 0, 0, 0, 10, 157, 1, 0, 0, 0, 0, 3, 34.7),
(2058, 129, 10, '1965-11-07', 1, 'KC', 'W 13-10', 0, 0, 0, 0, 0, 1, 31, 1, 0, 0, 0, 0, 0, 10.1),
(2059, 129, 11, '1965-12-19', 0, 'BUF', 'W 14-12', 0, 0, 0, 0, 0, 9, 180, 2, 0, 0, 0, 0, 3, 42),
(2060, 129, 12, '1968-11-24', 1, 'SD', 'W 37-15', 0, 0, 0, 0, 0, 6, 166, 1, 0, 0, 0, 0, 3, 31.6),
(2061, 129, 13, '1967-11-19', 1, 'NE', 'W 29-24', 0, 0, 0, 0, 0, 5, 164, 1, 0, 0, 0, 0, 3, 30.4),
(2062, 129, 14, '1968-09-15', 1, 'KC', 'W 20-19', 0, 0, 0, 0, 0, 8, 203, 2, 0, 0, 0, 0, 3, 43.3),
(2063, 129, 15, '1972-09-24', 1, 'BAL', 'W 44-34', 0, 0, 0, 0, 0, 1, 28, 1, 0, 0, 0, 0, 0, 9.8),
(2064, 129, 16, '1969-10-20', 0, 'HOU', 'W 26-17', 0, 0, 0, 0, 0, 7, 212, 2, 0, 0, 0, 0, 3, 43.2),
(2065, 130, 1, '1990-09-30', 1, 'NE', 'W 37-13', 0, 0, 0, 0, 0, 1, 8, 0, 0, 0, 0, 0, 0, 1.8),
(2066, 130, 2, '1985-11-17', 0, 'TB', 'W 62-28', 0, 0, 0, 0, 0, 6, 133, 1, 0, 0, 0, 0, 3, 28.3),
(2067, 130, 3, '1987-12-20', 0, 'PHI', 'L 27-38', 0, 0, 0, 0, 0, 10, 168, 1, 0, 0, 0, 0, 3, 35.8),
(2068, 130, 4, '1988-11-27', 0, 'MIA', 'W 38-34', 0, 0, 0, 0, 0, 14, 181, 0, 0, 0, 0, 0, 3, 35.1),
(2069, 130, 5, '1990-10-28', 1, 'HOU', 'W 17-12', 0, 0, 0, 0, 0, 7, 119, 1, 0, 0, 0, 0, 3, 27.9),
(2070, 130, 6, '1990-09-09', 1, 'CIN', 'L 20-25', 0, 0, 0, 0, 0, 8, 118, 2, 0, 0, 0, 0, 3, 34.8),
(2071, 130, 7, '1985-11-03', 1, 'IND', 'W 35-17', 0, 0, 0, 0, 0, 1, 17, 1, 0, 0, 0, 0, 0, 8.7),
(2072, 130, 8, '1991-11-17', 1, 'NE', 'W 28-21', 0, 0, 0, 0, 0, 9, 127, 0, 0, 0, 0, 0, 3, 24.7),
(2073, 130, 9, '1991-09-23', 1, 'CHI', 'L 13-19', 0, 0, 0, 0, 0, 1, 29, 0, 0, 0, 0, 0, 0, 3.9),
(2074, 130, 10, '1989-12-10', 0, 'PIT', 'L 0-13', 0, 0, 0, 0, 0, 1, 25, 0, 0, 0, 0, 0, 0, 3.5),
(2075, 130, 11, '1986-11-02', 1, 'SEA', 'W 38-7', 0, 0, 0, 0, 0, 9, 195, 2, 0, 0, 0, 0, 3, 43.5),
(2076, 130, 12, '1985-11-10', 1, 'MIA', 'L 17-21', 0, 0, 0, 0, 0, 10, 156, 0, 0, 0, 0, 0, 3, 28.6),
(2077, 130, 13, '1989-09-24', 1, 'MIA', 'W 40-33', 0, 0, 0, 0, 0, 10, 159, 1, 0, 0, 0, 0, 3, 34.9),
(2078, 130, 14, '1992-09-06', 1, 'ATL', 'L 17-20', 0, 0, 0, 0, 0, 1, 15, 1, 0, 0, 0, 0, 0, 8.5),
(2079, 130, 15, '1986-09-07', 1, 'BUF', 'W 28-24', 0, 0, 0, 0, 0, 6, 119, 1, 0, 0, 0, 0, 3, 26.9),
(2080, 130, 16, '1990-10-14', 0, 'SD', 'L 3-39', 0, 0, 0, 0, 0, 1, 11, 0, 0, 0, 0, 0, 0, 2.1),
(2081, 131, 1, '1997-10-27', 0, 'GB', 'L 10-28', 0, 0, 0, 0, 0, 7, 163, 0, 0, 0, 0, 0, 3, 26.3),
(2082, 131, 2, '1999-12-12', 1, 'IND', 'L 15-20', 0, 0, 0, 0, 0, 9, 148, 0, 0, 0, 0, 0, 3, 26.8),
(2083, 131, 3, '1998-12-06', 1, 'PIT', 'W 23-9', 0, 0, 0, 0, 0, 9, 193, 1, 0, 0, 0, 0, 3, 37.3),
(2084, 131, 4, '2000-12-24', 0, 'MIA', 'L 24-27', 0, 0, 0, 4, 0, 2, 41, 1, 0, 0, 0, 0, 0, 12.5),
(2085, 131, 5, '1999-10-03', 1, 'CLE', 'W 19-7', 0, 0, 0, 0, 0, 13, 214, 1, 0, 0, 0, 0, 3, 43.4),
(2086, 131, 6, '2000-10-15', 0, 'NYJ', 'L 17-34', 0, 0, 0, 0, 0, 2, 45, 0, 0, 0, 0, 0, 0, 6.5),
(2087, 131, 7, '2000-11-19', 0, 'CIN', 'W 16-13', 0, 0, 0, 0, 0, 11, 129, 0, 0, 0, 0, 0, 3, 26.9),
(2088, 131, 8, '1999-09-19', 0, 'IND', 'W 31-28', 0, 0, 0, 0, 0, 7, 122, 0, 0, 0, 0, 0, 3, 22.2),
(2089, 131, 9, '1998-10-19', 0, 'NYJ', 'L 14-24', 0, 0, 0, 0, 0, 2, 34, 0, 0, 0, 0, 0, 0, 5.4),
(2090, 131, 10, '1998-12-13', 1, 'LAR', 'L 18-32', 0, 0, 0, 0, 0, 1, 14, 0, 0, 0, 0, 0, 0, 2.4),
(2091, 131, 11, '1996-11-03', 0, 'MIA', 'W 42-23', 0, 0, 0, 0, 0, 10, 112, 0, 0, 0, 0, 0, 3, 24.2),
(2092, 131, 12, '1996-12-21', 1, 'NYG', 'W 23-22', 0, 0, 0, -2, 0, 8, 124, 1, 0, 0, 0, 0, 3, 29.2),
(2093, 131, 13, '1997-10-06', 1, 'DEN', 'L 13-34', 0, 0, 0, 0, 0, 2, 27, 0, 0, 0, 0, 0, 0, 4.7),
(2094, 131, 14, '2001-10-14', 0, 'SD', 'W 29-26', 0, 0, 0, 0, 0, 7, 110, 1, 0, 0, 0, 0, 3, 27),
(2095, 131, 15, '1999-09-12', 1, 'NYJ', 'W 30-28', 0, 0, 0, 0, 0, 7, 113, 0, 0, 0, 0, 0, 3, 21.3),
(2096, 131, 16, '1999-10-24', 0, 'DEN', 'W 24-23', 0, 0, 0, 0, 0, 2, 80, 0, 0, 0, 0, 0, 0, 10),
(2097, 132, 1, '2011-11-21', 0, 'KC', 'W 34-3', 0, 0, 0, 0, 0, 2, 22, 0, 0, 0, 0, 0, 0, 4.2),
(2098, 132, 2, '2010-01-03', 1, 'HOU', 'L 27-34', 0, 0, 0, 0, 0, 1, 12, 0, 0, 0, 0, 0, 0, 2.2),
(2099, 132, 3, '2007-11-25', 0, 'PHI', 'W 31-28', 0, 0, 0, 0, 0, 13, 149, 0, 0, 0, 0, 0, 3, 30.9),
(2100, 132, 4, '2008-12-28', 1, 'BUF', 'W 13-0', 0, 0, 0, 0, 0, 2, 26, 0, 0, 0, 0, 0, 0, 4.6),
(2101, 132, 5, '2007-12-16', 0, 'NYJ', 'W 20-10', 0, 0, 0, -2, 0, 3, 30, 0, 0, 0, 0, 0, 0, 5.8),
(2102, 132, 6, '2009-12-27', 0, 'JAX', 'W 35-7', 0, 0, 0, 0, 0, 13, 138, 0, 0, 0, 0, 0, 3, 29.8),
(2103, 132, 7, '2009-12-06', 1, 'MIA', 'L 21-22', 0, 0, 0, 0, 0, 10, 167, 0, 0, 0, 0, 0, 3, 29.7),
(2104, 132, 8, '2011-09-25', 1, 'BUF', 'L 31-34', 0, 0, 0, 19, 0, 16, 217, 2, 0, 0, 0, 0, 3, 54.6),
(2105, 132, 9, '2010-12-19', 0, 'GB', 'W 31-27', 0, 0, 0, 0, 0, 3, 42, 0, 0, 0, 0, 0, 0, 7.2);
INSERT INTO `legends_player_data` (`rowID`, `playerID`, `gameID`, `game_date`, `is_away`, `opp`, `game_result`, `passYDS`, `passTD`, `passINT`, `rushYDS`, `rushTD`, `rec`, `recYDS`, `recTD`, `krtd`, `prtd`, `passBonus`, `rushBonus`, `recBonus`, `fpts`) VALUES
(2106, 132, 10, '2011-09-12', 1, 'MIA', 'W 38-24', 0, 0, 0, 0, 0, 8, 160, 2, 0, 0, 0, 0, 3, 39),
(2107, 132, 11, '2011-10-02', 1, 'OAK', 'W 31-19', 0, 0, 0, 0, 0, 9, 158, 1, 0, 0, 0, 0, 3, 33.8),
(2108, 132, 12, '2012-09-23', 1, 'BAL', 'L 30-31', 0, 0, 0, 0, 0, 8, 142, 0, 0, 0, 0, 0, 3, 25.2),
(2109, 132, 13, '2009-10-18', 0, 'TEN', 'W 59-0', 0, 0, 0, 0, 0, 10, 150, 2, 0, 0, 0, 0, 3, 40),
(2110, 132, 14, '2012-12-10', 0, 'HOU', 'W 42-14', 0, 0, 0, 0, 0, 3, 52, 0, 0, 0, 0, 0, 0, 8.2),
(2111, 132, 15, '2009-11-22', 0, 'NYJ', 'W 31-14', 0, 0, 0, 11, 0, 15, 192, 0, 0, 0, 0, 0, 3, 38.3),
(2112, 132, 16, '2007-10-21', 1, 'MIA', 'W 49-28', 0, 0, 0, 0, 0, 9, 138, 2, 0, 0, 0, 0, 3, 37.8),
(2113, 133, 1, '1968-11-03', 0, 'KC', 'W 38-21', 0, 0, 0, 0, 0, 8, 144, 0, 0, 0, 0, 0, 3, 25.4),
(2114, 133, 2, '1969-09-20', 0, 'MIA', 'W 20-17', 0, 0, 0, 0, 0, 9, 132, 1, 0, 0, 0, 0, 3, 31.2),
(2115, 133, 3, '1978-10-15', 0, 'KC', 'W 28-6', 0, 0, 0, 0, 0, 1, 49, 0, 0, 0, 0, 0, 0, 5.9),
(2116, 133, 4, '1971-10-31', 0, 'KC', 'T 20-20', 0, 0, 0, 0, 0, 7, 128, 1, 0, 0, 0, 0, 3, 28.8),
(2117, 133, 5, '1977-10-03', 1, 'KC', 'W 37-28', 0, 0, 0, 0, 0, 1, 21, 1, 0, 0, 0, 0, 0, 9.1),
(2118, 133, 6, '1978-12-03', 0, 'DEN', 'L 6-21', 0, 0, 0, 0, 0, 1, 19, 0, 0, 0, 0, 0, 0, 2.9),
(2119, 133, 7, '1965-10-24', 0, 'NE', 'W 30-21', 0, 0, 0, 0, 0, 7, 118, 0, 0, 0, 0, 0, 3, 21.8),
(2120, 133, 8, '1971-10-17', 0, 'PHI', 'W 34-10', 0, 0, 0, 0, 0, 8, 148, 1, 0, 0, 0, 0, 3, 31.8),
(2121, 133, 9, '1974-11-24', 0, 'DEN', 'L 17-20', 0, 0, 0, 0, 0, 8, 121, 2, 0, 0, 0, 0, 3, 35.1),
(2122, 133, 10, '1968-11-17', 0, 'NYJ', 'W 43-32', 0, 0, 0, 0, 0, 7, 120, 1, 0, 0, 0, 0, 3, 28),
(2123, 133, 11, '1969-10-04', 1, 'MIA', 'T 20-20', 0, 0, 0, 0, 0, 9, 119, 1, 0, 0, 0, 0, 3, 29.9),
(2124, 133, 12, '1968-11-24', 1, 'CIN', 'W 34-0', 0, 0, 0, 0, 0, 8, 137, 0, 0, 0, 0, 0, 3, 24.7),
(2125, 133, 13, '1967-10-01', 0, 'KC', 'W 23-21', 0, 0, 0, 0, 0, 1, 19, 0, 0, 0, 0, 0, 0, 2.9),
(2126, 133, 14, '1967-11-23', 1, 'KC', 'W 44-22', 0, 0, 0, 0, 0, 6, 158, 1, 0, 0, 0, 0, 3, 30.8),
(2127, 133, 15, '1968-10-13', 0, 'SD', 'L 14-23', 0, 0, 0, 0, 0, 1, 58, 0, 0, 0, 0, 0, 0, 6.8),
(2128, 133, 16, '1977-09-25', 1, 'PIT', 'W 16-7', 0, 0, 0, 0, 0, 1, 22, 0, 0, 0, 0, 0, 0, 3.2),
(2129, 134, 1, '1994-01-02', 0, 'DEN', 'W 33-30', 0, 0, 0, 0, 0, 11, 173, 2, 0, 0, 0, 0, 3, 43.3),
(2130, 134, 2, '1997-08-31', 1, 'TEN', 'L 21-24', 0, 0, 0, 0, 0, 8, 158, 3, 0, 0, 0, 0, 3, 44.8),
(2131, 134, 3, '1990-12-30', 0, 'SD', 'W 17-12', 0, 0, 0, 0, 0, 1, 22, 0, 0, 0, 0, 0, 0, 3.2),
(2132, 134, 4, '2000-10-08', 1, 'SF', 'W 34-28', 0, 0, 0, 0, 0, 7, 172, 2, 0, 0, 0, 0, 3, 39.2),
(2133, 134, 5, '1997-11-02', 1, 'CAR', 'L 14-38', 0, 0, 0, 0, 0, 10, 163, 0, 0, 0, 0, 0, 3, 29.3),
(2134, 134, 6, '1992-10-11', 0, 'BUF', 'W 20-3', 0, 0, 0, 0, 0, 1, 52, 1, 0, 0, 0, 0, 0, 12.2),
(2135, 134, 7, '2003-11-16', 0, 'MIN', 'W 28-18', 0, 0, 0, 0, 0, 1, 25, 0, 0, 0, 0, 0, 0, 3.5),
(2136, 134, 8, '1999-10-24', 0, 'NYJ', 'W 24-23', 0, 0, 0, 0, 0, 11, 190, 1, 0, 0, 0, 0, 3, 39),
(2137, 134, 9, '1992-10-18', 1, 'SEA', 'W 19-0', 0, 0, 0, 0, 0, 1, 22, 0, 0, 0, 0, 0, 0, 3.2),
(2138, 134, 10, '1997-12-21', 0, 'JAX', 'L 9-20', 0, 0, 0, 0, 0, 14, 164, 0, 0, 0, 0, 0, 3, 33.4),
(2139, 134, 11, '1993-10-31', 0, 'SD', 'L 23-30', 0, 0, 0, 0, 0, 5, 156, 2, 0, 0, 0, 0, 3, 35.6),
(2140, 134, 12, '1993-12-05', 1, 'BUF', 'W 25-24', 0, 0, 0, 0, 0, 10, 183, 1, 0, 0, 0, 0, 3, 37.3),
(2141, 134, 13, '1991-10-20', 0, 'LAR', 'W 20-17', 0, 0, 0, 0, 0, 1, 45, 0, 0, 0, 0, 0, 0, 5.5),
(2142, 134, 14, '1988-09-18', 0, 'LAR', 'L 17-22', 0, 0, 0, 0, 0, 1, 49, 1, 0, 0, 0, 0, 0, 11.9),
(2143, 134, 15, '1995-10-01', 1, 'NYJ', 'W 47-10', 0, 0, 0, 0, 0, 8, 156, 2, 0, 0, 0, 0, 3, 38.6),
(2144, 134, 16, '1995-11-19', 0, 'DAL', 'L 21-34', 0, 0, 0, 0, 0, 12, 161, 1, 0, 0, 0, 0, 3, 37.1),
(2145, 135, 1, '2003-12-01', 1, 'NYJ', 'L 17-24', 0, 0, 0, 0, 0, 11, 133, 1, 0, 0, 0, 0, 3, 33.3),
(2146, 135, 2, '1999-10-17', 1, 'NO', 'W 24-21', 0, 0, 0, 0, 0, 1, 31, 0, 0, 0, 0, 0, 0, 4.1),
(2147, 135, 3, '2001-11-25', 0, 'PIT', 'L 24-34', 0, 0, 0, 0, 0, 7, 114, 0, 0, 0, 0, 0, 3, 21.4),
(2148, 135, 4, '1998-09-13', 0, 'SD', 'L 7-13', 0, 0, 0, 0, 0, 1, 18, 0, 0, 0, 0, 0, 0, 2.8),
(2149, 135, 5, '2002-12-01', 1, 'NYG', 'W 32-29', 0, 0, 0, 0, 0, 12, 116, 1, 0, 0, 0, 0, 3, 32.6),
(2150, 135, 6, '1997-09-28', 1, 'PIT', 'L 24-37', 0, 0, 0, 0, 0, 1, 12, 0, 0, 0, 0, 0, 0, 2.2),
(2151, 135, 7, '2003-12-14', 0, 'BUF', 'W 28-26', 0, 0, 0, 0, 0, 9, 137, 0, 0, 0, 0, 0, 3, 25.7),
(2152, 135, 8, '2001-12-02', 1, 'CLE', 'W 31-15', 0, 0, 0, 0, 0, 3, 122, 2, 0, 0, 0, 0, 3, 30.2),
(2153, 135, 9, '2004-12-19', 1, 'OAK', 'L 35-40', 0, 0, 0, 0, 0, 9, 121, 1, 0, 0, 0, 0, 3, 30.1),
(2154, 135, 10, '2002-09-15', 1, 'DAL', 'L 13-21', 0, 0, 0, 0, 0, 7, 118, 0, 0, 0, 0, 0, 3, 21.8),
(2155, 135, 11, '1998-11-22', 0, 'NYJ', 'L 3-24', 0, 0, 0, 0, 0, 1, 24, 0, 0, 0, 0, 0, 0, 3.4),
(2156, 135, 12, '2003-10-12', 0, 'HOU', 'W 38-17', 0, 0, 0, 0, 0, 6, 177, 3, 0, 0, 0, 0, 3, 44.7),
(2157, 135, 13, '2000-12-17', 1, 'CLE', 'W 24-0', 0, 0, 0, 0, 0, 1, 33, 0, 0, 0, 0, 0, 0, 4.3),
(2158, 135, 14, '1997-08-31', 0, 'OAK', 'W 24-21', 0, 0, 0, 0, 0, 1, 11, 0, 0, 0, 0, 0, 0, 2.1),
(2159, 135, 15, '2002-01-06', 0, 'CIN', 'L 21-23', 0, 0, 0, 0, 0, 9, 186, 2, 0, 0, 0, 0, 3, 42.6),
(2160, 135, 16, '2002-09-08', 0, 'PHI', 'W 27-24', 0, 0, 0, 0, 0, 7, 109, 0, 0, 0, 0, 0, 3, 20.9),
(2161, 136, 1, '2014-11-17', 0, 'PIT', 'L 24-27', 0, 0, 0, 0, 0, 1, 80, 1, 0, 0, 0, 0, 0, 15),
(2162, 136, 2, '2011-09-18', 0, 'BAL', 'W 26-13', 0, 0, 0, 0, 0, 7, 99, 0, 0, 0, 0, 0, 0, 16.9),
(2163, 136, 3, '2011-11-20', 1, 'ATL', 'L 17-23', 0, 0, 0, 0, 0, 9, 115, 2, 0, 0, 0, 0, 3, 35.5),
(2164, 136, 4, '2011-12-11', 0, 'NO', 'L 17-22', 0, 0, 0, 0, 0, 6, 130, 1, 0, 0, 0, 0, 3, 28),
(2165, 136, 5, '2013-12-22', 1, 'JAX', 'W 20-16', 0, 0, 0, 0, 0, 6, 117, 1, 0, 0, 0, 0, 3, 26.7),
(2166, 136, 6, '2014-09-28', 1, 'IND', 'L 17-41', 0, 0, 0, 0, 0, 1, 20, 0, 0, 0, 0, 0, 0, 3),
(2167, 136, 7, '2013-09-22', 0, 'SD', 'W 20-17', 0, 0, 0, 0, 0, 8, 131, 0, 0, 0, 0, 0, 3, 24.1),
(2168, 136, 8, '2010-11-21', 0, 'WAS', 'L 16-19', 0, 0, 0, 0, 0, 5, 117, 0, 0, 0, 0, 0, 3, 19.7),
(2169, 136, 9, '2011-01-02', 1, 'IND', 'L 20-23', 0, 0, 0, 0, 0, 1, 38, 0, 0, 0, 0, 0, 0, 4.8),
(2170, 136, 10, '2012-09-23', 0, 'DET', 'W 44-41', 0, 0, 0, 0, 0, 3, 112, 1, 0, 0, 0, 0, 3, 23.2),
(2171, 136, 11, '2010-10-10', 1, 'DAL', 'W 34-27', 0, 0, 0, 0, 0, 1, 24, 1, 0, 0, 0, 0, 0, 9.4),
(2172, 136, 12, '2010-10-31', 1, 'SD', 'L 25-33', 0, 0, 0, 0, 0, 4, 117, 1, 0, 0, 0, 0, 3, 24.7),
(2173, 136, 13, '2013-09-29', 0, 'NYJ', 'W 38-13', 0, 0, 0, 0, 0, 4, 105, 2, 0, 0, 0, 0, 3, 29.5),
(2174, 136, 14, '2014-12-14', 0, 'NYJ', 'L 11-16', 0, 0, 0, 0, 0, 6, 102, 0, 0, 0, 0, 0, 3, 19.2),
(2175, 136, 15, '2012-12-30', 0, 'JAX', 'W 38-20', 0, 0, 0, 0, 0, 1, 21, 0, 0, 0, 0, 0, 0, 3.1),
(2176, 136, 16, '2009-12-20', 0, 'MIA', 'W 27-24', 0, 0, 0, 0, 0, 1, 32, 1, 0, 0, 0, 0, 0, 10.2),
(2177, 137, 1, '2011-09-25', 0, 'NE', 'W 34-31', 0, 0, 0, 0, 0, 8, 94, 1, 0, 0, 0, 0, 0, 23.4),
(2178, 137, 2, '2011-12-11', 1, 'SD', 'L 10-37', 0, 0, 0, 0, 0, 4, 116, 0, 0, 0, 0, 0, 3, 18.6),
(2179, 137, 3, '2012-11-25', 1, 'IND', 'L 13-20', 0, 0, 0, 0, 0, 6, 106, 0, 0, 0, 0, 0, 3, 19.6),
(2180, 137, 4, '2013-09-15', 0, 'CAR', 'W 24-23', 0, 0, 0, 0, 0, 8, 111, 1, 0, 0, 0, 0, 3, 28.1),
(2181, 137, 5, '2008-12-07', 0, 'MIA', 'L 3-16', 0, 0, 0, 0, 0, 1, 14, 0, 0, 0, 0, 0, 0, 2.4),
(2182, 137, 6, '2012-12-16', 0, 'SEA', 'L 17-50', 0, 0, 0, 0, 0, 8, 115, 1, 0, 0, 0, 0, 3, 28.5),
(2183, 137, 7, '2012-12-30', 0, 'NYJ', 'W 28-9', 0, 0, 0, 0, 0, 6, 111, 0, 0, 0, 0, 0, 3, 20.1),
(2184, 137, 8, '2008-11-09', 1, 'NE', 'L 10-20', 0, 0, 0, 0, 0, 1, 15, 0, 0, 0, 0, 0, 0, 2.5),
(2185, 137, 9, '2009-11-15', 1, 'TEN', 'L 17-41', 0, 0, 0, 0, 0, 1, 5, 0, 0, 0, 0, 0, 0, 1.5),
(2186, 137, 10, '2008-11-02', 0, 'NYJ', 'L 17-26', 0, 0, 0, 0, 0, 1, 8, 0, 0, 0, 0, 0, 0, 1.8),
(2187, 137, 11, '2008-10-05', 1, 'AZ', 'L 17-41', 0, 0, 0, 0, 0, 1, 8, 0, 0, 0, 0, 0, 0, 1.8),
(2188, 137, 12, '2010-11-21', 1, 'CIN', 'W 49-31', 0, 0, 0, 0, 0, 8, 137, 3, 0, 0, 0, 0, 3, 42.7),
(2189, 137, 13, '2010-11-07', 0, 'CHI', 'L 19-22', 0, 0, 0, 0, 0, 11, 145, 0, 0, 0, 0, 0, 3, 28.5),
(2190, 137, 14, '2011-09-18', 0, 'OAK', 'W 38-35', 0, 0, 0, 0, 0, 8, 96, 1, 0, 0, 0, 0, 0, 23.6),
(2191, 137, 15, '2009-11-01', 0, 'HOU', 'L 10-31', 0, 0, 0, 0, 0, 1, 5, 0, 0, 0, 0, 0, 0, 1.5),
(2192, 137, 16, '2010-10-24', 1, 'BAL', 'L 34-37', 0, 0, 0, 0, 0, 8, 158, 1, 0, 0, 0, 0, 3, 32.8),
(2193, 138, 1, '1989-09-18', 0, 'DEN', 'L 14-28', 0, 0, 0, 0, 0, 13, 157, 0, 0, 0, 0, 0, 3, 31.7),
(2194, 138, 2, '1993-09-12', 1, 'DAL', 'W 13-10', 0, 0, 0, 9, 0, 1, 10, 0, 0, 0, 0, 0, 0, 2.9),
(2195, 138, 3, '1992-09-13', 1, 'SF', 'W 34-31', 0, 0, 0, 0, 0, 10, 144, 0, 0, 0, 0, 0, 3, 27.4),
(2196, 138, 4, '1989-11-26', 0, 'CIN', 'W 24-7', 0, 0, 0, 23, 0, 1, 19, 1, 0, 0, 0, 0, 0, 11.2),
(2197, 138, 5, '1997-08-31', 0, 'MIN', 'L 13-34', 0, 0, 0, 0, 0, 7, 142, 0, 0, 0, 0, 0, 3, 24.2),
(2198, 138, 6, '1991-12-01', 0, 'NYJ', 'W 24-13', 0, 0, 0, 15, 0, 1, 16, 1, 0, 0, 0, 0, 0, 10.1),
(2199, 138, 7, '1994-11-20', 0, 'GB', 'W 29-20', 0, 0, 0, 4, 0, 15, 191, 2, 0, 0, 0, 0, 3, 49.5),
(2200, 138, 8, '1985-10-13', 1, 'NE', 'L 3-14', 0, 0, 0, 0, 0, 1, 10, 0, 0, 0, 0, 0, 0, 2),
(2201, 138, 9, '1987-12-06', 1, 'OAK', 'L 21-34', 0, 0, 0, 0, 0, 7, 153, 0, 0, 0, 0, 0, 3, 25.3),
(2202, 138, 10, '1991-09-01', 0, 'MIA', 'W 35-31', 0, 0, 0, 0, 0, 11, 154, 1, 0, 0, 0, 0, 3, 35.4),
(2203, 138, 11, '1996-09-01', 1, 'NYG', 'W 23-20', 0, 0, 0, 13, 0, 5, 138, 1, 0, 0, 0, 0, 3, 29.1),
(2204, 138, 12, '1985-12-15', 1, 'PIT', 'L 24-30', 0, 0, 0, 0, 0, 1, 21, 0, 0, 0, 0, 0, 0, 3.1),
(2205, 138, 13, '1994-09-11', 1, 'NE', 'W 38-35', 0, 0, 0, 5, 0, 7, 142, 1, 0, 0, 0, 0, 3, 30.7),
(2206, 138, 14, '1992-09-27', 1, 'NE', 'W 41-7', 0, 0, 0, 0, 0, 9, 168, 1, 0, 0, 0, 0, 3, 34.8),
(2207, 138, 15, '1993-11-01', 0, 'WAS', 'W 24-10', 0, 0, 0, 0, 0, 7, 159, 1, 0, 0, 0, 0, 3, 31.9),
(2208, 138, 16, '1986-09-14', 1, 'CIN', 'L 33-36', 0, 0, 0, 4, 0, 1, 19, 0, 0, 0, 0, 0, 0, 3.3),
(2209, 139, 1, '1990-12-09', 1, 'NYG', 'L 15-23', 0, 0, 0, 0, 0, 1, 10, 0, 0, 0, 0, 0, 0, 2),
(2210, 139, 2, '1991-12-08', 1, 'TB', 'W 26-24', 0, 0, 0, 0, 0, 1, 41, 0, 0, 0, 0, 0, 0, 5.1),
(2211, 139, 3, '1994-11-06', 0, 'NO', 'W 21-20', 0, 0, 0, 0, 0, 12, 151, 0, 0, 0, 0, 0, 3, 30.1),
(2212, 139, 4, '1995-11-19', 0, 'NO', 'W 43-24', 0, 0, 0, 0, 0, 12, 137, 2, 0, 0, 0, 0, 3, 40.7),
(2213, 139, 5, '2001-12-30', 1, 'GB', 'L 13-24', 0, 0, 0, 4, 0, 1, 11, 0, 0, 0, 0, 0, 0, 2.5),
(2214, 139, 6, '1996-11-10', 1, 'SEA', 'L 23-42', 0, 0, 0, 0, 0, 7, 142, 0, 0, 0, 0, 0, 3, 24.2),
(2215, 139, 7, '2001-09-23', 1, 'CHI', 'L 10-17', 0, 0, 0, 0, 0, 1, 13, 0, 0, 0, 0, 0, 0, 2.3),
(2216, 139, 8, '1994-10-02', 1, 'AZ', 'L 7-17', 0, 0, 0, 0, 0, 14, 167, 0, 0, 0, 0, 0, 3, 33.7),
(2217, 139, 9, '1999-11-14', 1, 'CHI', 'W 27-24', 0, 0, 0, 0, 0, 9, 141, 3, 0, 0, 0, 0, 3, 44.1),
(2218, 139, 10, '1991-12-15', 0, 'LAR', 'W 20-14', 0, 0, 0, 0, 0, 1, 17, 0, 0, 0, 0, 0, 0, 2.7),
(2219, 139, 11, '1995-11-12', 1, 'AZ', 'W 30-24', 0, 0, 0, 0, 0, 12, 157, 2, 0, 0, 0, 0, 3, 42.7),
(2220, 139, 12, '2000-11-19', 0, 'CAR', 'W 31-17', 0, 0, 0, 0, 0, 8, 138, 1, 0, 0, 0, 0, 3, 30.8),
(2221, 139, 13, '1990-10-15', 1, 'PHI', 'L 24-32', 0, 0, 0, -2, 0, 6, 151, 2, 0, 0, 0, 0, 3, 35.9),
(2222, 139, 14, '1999-10-31', 1, 'DEN', 'W 23-20', 0, 0, 0, 0, 0, 8, 144, 2, 0, 0, 0, 0, 3, 37.4),
(2223, 139, 15, '2000-09-10', 0, 'MIA', 'W 13-7', 0, 0, 0, 0, 0, 9, 168, 0, 0, 0, 0, 0, 3, 28.8),
(2224, 139, 16, '1999-12-12', 1, 'KC', 'L 28-31', 0, 0, 0, 0, 0, 1, 22, 0, 0, 0, 0, 0, 0, 3.2),
(2225, 140, 1, '2003-11-30', 1, 'LAR', 'L 17-48', 0, 0, 0, 5, 0, 10, 160, 1, 0, 0, 0, 0, 3, 35.5),
(2226, 140, 2, '2001-09-09', 0, 'CAR', 'L 13-24', 0, 0, 0, 0, 0, 1, 28, 0, 0, 0, 0, 0, 0, 3.8),
(2227, 140, 3, '2000-10-01', 1, 'DET', 'W 31-24', 0, 0, 0, -1, 0, 7, 168, 3, 0, 0, 0, 0, 3, 44.7),
(2228, 140, 4, '1998-11-08', 0, 'NO', 'W 31-24', 0, 0, 0, 0, 0, 1, 6, 0, 0, 0, 0, 0, 0, 1.6),
(2229, 140, 5, '1998-11-22', 0, 'GB', 'W 28-14', 0, 0, 0, 0, 0, 8, 153, 1, 0, 0, 0, 0, 3, 32.3),
(2230, 140, 6, '1999-11-14', 1, 'CHI', 'W 27-24', 0, 0, 0, 0, 0, 12, 204, 0, 0, 0, 0, 0, 3, 35.4),
(2231, 140, 7, '2004-10-17', 1, 'NO', 'W 38-31', 0, 0, 0, 0, 0, 2, 89, 1, 0, 0, 0, 0, 0, 16.9),
(2232, 140, 8, '1998-10-05', 1, 'GB', 'W 37-24', 0, 0, 0, 0, 0, 5, 190, 2, 0, 0, 0, 0, 3, 39),
(2233, 140, 9, '2000-12-24', 1, 'IND', 'L 10-31', 0, 0, 0, 0, 0, 1, 42, 1, 0, 0, 0, 0, 0, 11.2),
(2234, 140, 10, '2010-10-31', 1, 'NE', 'L 18-28', 0, 0, 0, 0, 0, 1, 8, 0, 0, 0, 0, 0, 0, 1.8),
(2235, 140, 11, '1999-10-24', 0, 'SF', 'W 40-16', 0, 0, 0, 11, 0, 1, 24, 0, 0, 0, 0, 0, 0, 4.5),
(2236, 140, 12, '2003-09-28', 0, 'SF', 'W 35-7', 0, 0, 0, 0, 0, 8, 172, 3, 0, 0, 0, 0, 3, 46.2),
(2237, 140, 13, '2000-01-02', 0, 'DET', 'W 24-17', 0, 0, 0, 0, 0, 5, 155, 1, 0, 0, 0, 0, 3, 29.5),
(2238, 140, 14, '2001-12-09', 0, 'TEN', 'W 42-24', 0, 0, 0, 0, 0, 7, 158, 1, 0, 0, 0, 0, 3, 31.8),
(2239, 140, 15, '1998-11-26', 1, 'DAL', 'W 46-36', 0, 0, 0, 0, 0, 3, 163, 3, 0, 0, 0, 0, 3, 40.3),
(2240, 140, 16, '2001-11-19', 0, 'NYG', 'W 28-16', 0, 0, 0, 18, 0, 10, 171, 3, 0, 0, 0, 0, 3, 49.9),
(2241, 141, 1, '1993-11-14', 1, 'LAR', 'W 13-0', 0, 0, 0, 0, 0, 5, 120, 1, 0, 0, 0, 0, 3, 26),
(2242, 141, 2, '1991-12-01', 0, 'GB', 'W 35-31', 0, 0, 0, 0, 0, 8, 124, 2, 0, 0, 0, 0, 3, 35.4),
(2243, 141, 3, '1991-09-29', 0, 'NO', 'L 6-27', 0, 0, 0, -9, 0, 1, 9, 0, 0, 0, 0, 0, 0, 1),
(2244, 141, 4, '1990-10-21', 1, 'LAR', 'L 24-44', 0, 0, 0, 0, 0, 5, 161, 2, 0, 0, 0, 0, 3, 36.1),
(2245, 141, 5, '1990-09-23', 1, 'SF', 'L 13-19', 0, 0, 0, 0, 0, 11, 128, 0, 0, 0, 0, 0, 3, 26.8),
(2246, 141, 6, '1990-10-14', 0, 'SF', 'L 35-45', 0, 0, 0, 0, 0, 9, 172, 2, 0, 0, 0, 0, 3, 41.2),
(2247, 141, 7, '1994-12-24', 0, 'AZ', 'W 10-6', 0, 0, 0, 0, 0, 1, 8, 0, 0, 0, 0, 0, 0, 1.8),
(2248, 141, 8, '1992-09-27', 1, 'CHI', 'L 31-41', 0, 0, 0, 0, 0, 10, 177, 3, 0, 0, 0, 0, 3, 48.7),
(2249, 141, 9, '1994-10-23', 1, 'OAK', 'L 17-30', 0, 0, 0, 0, 0, 2, 56, 0, 0, 0, 0, 0, 0, 7.6),
(2250, 141, 10, '1990-10-28', 0, 'CIN', 'W 38-17', 0, 0, 0, 0, 0, 2, 14, 0, 0, 0, 0, 0, 0, 3.4),
(2251, 141, 11, '1990-10-07', 0, 'NO', 'W 28-27', 0, 0, 0, 0, 0, 10, 154, 2, 0, 0, 0, 0, 3, 40.4),
(2252, 141, 12, '1994-12-04', 1, 'SF', 'L 14-50', 0, 0, 0, 0, 0, 2, 16, 0, 0, 0, 0, 0, 0, 3.6),
(2253, 141, 13, '1994-09-04', 1, 'DET', 'L 28-31', 0, 0, 0, 0, 0, 14, 193, 2, 0, 0, 0, 0, 3, 48.3),
(2254, 141, 14, '1993-10-31', 0, 'TB', 'L 24-31', 0, 0, 0, 0, 0, 11, 147, 2, 0, 0, 0, 0, 3, 40.7),
(2255, 141, 15, '1992-09-13', 1, 'WAS', 'L 17-24', 0, 0, 0, 0, 0, 2, 22, 0, 0, 0, 0, 0, 0, 4.2),
(2256, 141, 16, '1994-09-11', 0, 'LAR', 'W 31-13', 0, 0, 0, 0, 0, 12, 123, 2, 0, 0, 0, 0, 3, 39.3),
(2257, 142, 1, '2011-11-20', 0, 'TEN', 'W 23-17', 0, 0, 0, 0, 0, 7, 147, 0, 0, 0, 0, 0, 3, 24.7),
(2258, 142, 2, '2015-11-08', 1, 'SF', 'L 16-17', 0, 0, 0, 0, 0, 1, 20, 0, 0, 0, 0, 0, 0, 3),
(2259, 142, 3, '2005-12-18', 1, 'CHI', 'L 3-16', 0, 0, 0, 0, 0, 1, 19, 0, 0, 0, 0, 0, 0, 2.9),
(2260, 142, 4, '2013-12-01', 1, 'BUF', 'W 34-31', 0, 0, 0, 0, 0, 10, 143, 0, 0, 0, 0, 0, 3, 27.3),
(2261, 142, 5, '2008-12-07', 1, 'NO', 'L 25-29', 0, 0, 0, 0, 0, 10, 164, 0, 0, 0, 0, 0, 3, 29.4),
(2262, 142, 6, '2012-12-22', 1, 'DET', 'W 31-18', 0, 0, 0, 0, 0, 8, 153, 2, 0, 0, 0, 0, 3, 38.3),
(2263, 142, 7, '2010-10-24', 0, 'CIN', 'W 39-32', 0, 0, 0, 0, 0, 11, 201, 2, 0, 0, 0, 0, 3, 46.1),
(2264, 142, 8, '2012-09-30', 0, 'CAR', 'W 30-28', 0, 0, 0, 0, 0, 8, 169, 2, 0, 0, 0, 0, 3, 39.9),
(2265, 142, 9, '2006-09-17', 0, 'TB', 'W 14-3', 0, 0, 0, 0, 0, 1, 18, 0, 0, 0, 0, 0, 0, 2.8),
(2266, 142, 10, '2006-11-19', 1, 'BAL', 'L 10-24', 0, 0, 0, 0, 0, 1, 49, 0, 0, 0, 0, 0, 0, 5.9),
(2267, 142, 11, '2007-12-23', 1, 'AZ', 'L 27-30', 0, 0, 0, 0, 0, 12, 141, 0, 0, 0, 0, 0, 3, 29.1),
(2268, 142, 12, '2007-12-02', 1, 'LAR', 'L 16-28', 0, 0, 0, 0, 0, 10, 146, 1, 0, 0, 0, 0, 3, 33.6),
(2269, 142, 13, '2013-11-10', 0, 'SEA', 'L 10-33', 0, 0, 0, 0, 0, 1, 20, 0, 0, 0, 0, 0, 0, 3),
(2270, 142, 14, '2013-12-23', 1, 'SF', 'L 24-34', 0, 0, 0, 0, 0, 12, 141, 1, 0, 0, 0, 0, 3, 35.1),
(2271, 142, 15, '2012-11-29', 0, 'NO', 'W 23-13', 0, 0, 0, 0, 0, 1, 20, 0, 0, 0, 0, 0, 0, 3),
(2272, 142, 16, '2009-10-11', 1, 'SF', 'W 45-10', 0, 0, 0, 0, 0, 8, 210, 2, 0, 0, 0, 0, 3, 44),
(2273, 143, 1, '1984-12-02', 0, 'OAK', 'L 34-45', 0, 0, 0, 0, 0, 9, 177, 2, 0, 0, 0, 0, 3, 41.7),
(2274, 143, 2, '1984-12-09', 1, 'IND', 'W 35-17', 0, 0, 0, 0, 0, 9, 127, 1, 0, 0, 0, 0, 3, 30.7),
(2275, 143, 3, '1984-12-17', 0, 'DAL', 'W 28-21', 0, 0, 0, 0, 0, 4, 150, 3, 0, 0, 0, 0, 3, 40),
(2276, 143, 4, '1983-09-19', 1, 'OAK', 'L 14-27', 0, 0, 0, 0, 0, 1, 31, 0, 0, 0, 0, 0, 0, 4.1),
(2277, 143, 5, '1991-09-01', 1, 'BUF', 'L 31-35', 0, 0, 0, 0, 0, 6, 138, 2, 0, 0, 0, 0, 3, 34.8),
(2278, 143, 6, '1983-11-20', 0, 'BAL', 'W 37-0', 0, 0, 0, 0, 0, 1, 19, 0, 0, 0, 0, 0, 0, 2.9),
(2279, 143, 7, '1988-10-23', 0, 'NYJ', 'L 30-44', 0, 0, 0, 0, 0, 10, 153, 2, 0, 0, 0, 0, 3, 40.3),
(2280, 143, 8, '1985-12-22', 0, 'BUF', 'W 28-0', 0, 0, 0, 0, 0, 1, 23, 0, 0, 0, 0, 0, 0, 3.3),
(2281, 143, 9, '1986-09-07', 1, 'SD', 'L 28-50', 0, 0, 0, 0, 0, 5, 143, 2, 0, 0, 0, 0, 3, 34.3),
(2282, 143, 10, '1986-09-21', 1, 'NYJ', 'L 45-51', 0, 0, 0, 0, 0, 8, 174, 1, 0, 0, 0, 0, 3, 34.4),
(2283, 143, 11, '1989-10-01', 1, 'HOU', 'L 7-39', 0, 0, 0, 0, 0, 1, 24, 0, 0, 0, 0, 0, 0, 3.4),
(2284, 143, 12, '1985-09-29', 1, 'DEN', 'W 30-26', 0, 0, 0, 0, 0, 1, 30, 0, 0, 0, 0, 0, 0, 4),
(2285, 143, 13, '1989-12-03', 1, 'KC', 'L 21-26', 0, 0, 0, 0, 0, 9, 128, 1, 0, 0, 0, 0, 3, 30.8),
(2286, 143, 14, '1992-12-20', 0, 'NYJ', 'W 19-17', 0, 0, 0, 0, 0, 1, 39, 1, 0, 0, 0, 0, 0, 10.9),
(2287, 143, 15, '1984-09-30', 1, 'LAR', 'W 36-28', 0, 0, 0, 15, 0, 5, 143, 1, 0, 0, 0, 0, 3, 29.8),
(2288, 143, 16, '1989-11-12', 1, 'NYJ', 'W 31-23', 0, 0, 0, 0, 0, 4, 125, 1, 0, 0, 0, 0, 3, 25.5),
(2289, 144, 1, '1989-12-03', 1, 'KC', 'L 21-26', 0, 0, 0, 0, 0, 1, 18, 0, 0, 0, 0, 0, 0, 2.8),
(2290, 144, 2, '1984-09-30', 1, 'LAR', 'W 36-28', 0, 0, 0, 0, 0, 8, 164, 0, 0, 0, 0, 0, 3, 27.4),
(2291, 144, 3, '1987-12-28', 0, 'NE', 'L 10-24', 0, 0, 0, 0, 0, 1, 24, 0, 0, 0, 0, 0, 0, 3.4),
(2292, 144, 4, '1986-12-14', 1, 'LAR', 'W 37-31', 0, 0, 0, 0, 0, 5, 145, 3, 0, 0, 0, 0, 3, 40.5),
(2293, 144, 5, '1987-12-20', 0, 'WAS', 'W 23-21', 0, 0, 0, 0, 0, 6, 170, 3, 0, 0, 0, 0, 3, 44),
(2294, 144, 6, '1983-10-09', 0, 'BUF', 'L 35-38', 0, 0, 0, 0, 0, 7, 202, 2, 0, 0, 0, 0, 3, 42.2),
(2295, 144, 7, '1992-10-25', 0, 'IND', 'L 20-31', 0, 0, 0, 0, 0, 1, 48, 1, 0, 0, 0, 0, 0, 11.8),
(2296, 144, 8, '1992-12-14', 0, 'OAK', 'W 20-7', 0, 0, 0, 0, 0, 1, 62, 1, 0, 0, 0, 0, 0, 13.2),
(2297, 144, 9, '1985-11-10', 0, 'NYJ', 'W 21-17', 0, 0, 0, 0, 0, 8, 217, 2, 0, 0, 0, 0, 3, 44.7),
(2298, 144, 10, '1986-09-21', 1, 'NYJ', 'L 45-51', 0, 0, 0, 0, 0, 7, 154, 2, 0, 0, 0, 0, 3, 37.4),
(2299, 144, 11, '1984-09-02', 1, 'WAS', 'W 35-17', 0, 0, 0, 0, 0, 6, 178, 2, 0, 0, 0, 0, 3, 38.8),
(2300, 144, 12, '1992-11-08', 1, 'IND', 'W 28-0', 0, 0, 0, 0, 0, 1, 42, 0, 0, 0, 0, 0, 0, 5.2),
(2301, 144, 13, '1984-11-04', 1, 'NYJ', 'W 31-17', 0, 0, 0, 0, 0, 7, 155, 0, 0, 0, 0, 0, 3, 25.5),
(2302, 144, 14, '1987-12-13', 1, 'PHI', 'W 28-10', 0, 0, 0, 0, 0, 1, 49, 1, 0, 0, 0, 0, 0, 11.9),
(2303, 144, 15, '1984-09-23', 0, 'IND', 'W 44-7', 0, 0, 0, 0, 0, 7, 173, 2, 0, 0, 0, 0, 3, 39.3),
(2304, 144, 16, '1983-10-30', 0, 'LAR', 'W 30-14', 0, 0, 0, 0, 0, 7, 134, 1, 0, 0, 0, 0, 3, 29.4),
(2305, 145, 1, '2012-09-30', 1, 'GB', 'L 27-28', 0, 0, 0, 0, 0, 9, 153, 1, 0, 0, 0, 0, 3, 33.3),
(2306, 145, 2, '2007-11-04', 0, 'JAX', 'W 41-24', 0, 0, 0, 0, 0, 10, 159, 0, 0, 0, 0, 0, 3, 28.9),
(2307, 145, 3, '2015-10-25', 1, 'IND', 'W 27-21', 0, 0, 0, 0, 0, 1, 20, 0, 0, 0, 0, 0, 0, 3),
(2308, 145, 4, '2012-12-23', 1, 'DAL', 'W 34-31', 0, 0, 0, 0, 0, 10, 153, 0, 0, 0, 0, 0, 3, 28.3),
(2309, 145, 5, '2009-10-18', 0, 'NYG', 'W 48-27', 0, 0, 0, 0, 0, 8, 166, 1, 0, 0, 0, 0, 3, 33.6),
(2310, 145, 6, '2015-12-06', 0, 'CAR', 'L 38-41', 0, 0, 0, 0, 0, 1, 14, 0, 0, 0, 0, 0, 0, 2.4),
(2311, 145, 7, '2006-11-12', 1, 'PIT', 'L 31-38', 0, 0, 0, 0, 0, 10, 169, 0, 0, 0, 0, 0, 3, 29.9),
(2312, 145, 8, '2008-11-24', 0, 'GB', 'W 51-29', 0, 0, 0, 0, 0, 1, 70, 1, 0, 0, 0, 0, 0, 14),
(2313, 145, 9, '2006-10-01', 1, 'CAR', 'L 18-21', 0, 0, 0, 0, 0, 5, 132, 1, 0, 0, 0, 0, 3, 27.2),
(2314, 145, 10, '2012-01-01', 0, 'CAR', 'W 45-17', 0, 0, 0, 0, 0, 7, 145, 2, 0, 0, 0, 0, 3, 36.5),
(2315, 145, 11, '2011-10-02', 1, 'JAX', 'W 23-10', 0, 0, 0, 0, 0, 1, 8, 0, 0, 0, 0, 0, 0, 1.8),
(2316, 145, 12, '2013-10-13', 1, 'NE', 'L 27-30', 0, 0, 0, 0, 0, 1, 11, 0, 0, 0, 0, 0, 0, 2.1),
(2317, 145, 13, '2012-10-07', 0, 'SD', 'W 31-24', 0, 0, 0, 0, 0, 9, 131, 3, 0, 0, 0, 0, 3, 43.1),
(2318, 145, 14, '2006-10-29', 0, 'BAL', 'L 22-35', 0, 0, 0, 0, 0, 6, 163, 2, 0, 0, 0, 0, 3, 37.3),
(2319, 145, 15, '2008-11-09', 1, 'ATL', 'L 20-34', 0, 0, 0, 0, 0, 7, 140, 0, 0, 0, 0, 0, 3, 24),
(2320, 145, 16, '2009-11-08', 0, 'CAR', 'W 30-20', 0, 0, 0, 0, 0, 1, 45, 0, 0, 0, 0, 0, 0, 5.5),
(2321, 146, 1, '2001-12-09', 1, 'ATL', 'W 28-10', 0, 0, 0, 0, 0, 7, 138, 1, 0, 0, 0, 0, 3, 29.8),
(2322, 146, 2, '2006-12-03', 0, 'SF', 'W 34-10', 0, 0, 0, 0, 0, 1, 18, 0, 0, 0, 0, 0, 0, 2.8),
(2323, 146, 3, '2004-11-14', 0, 'KC', 'W 27-20', 0, 0, 0, 0, 0, 5, 167, 1, 0, 0, 0, 0, 3, 30.7),
(2324, 146, 4, '2001-10-07', 0, 'MIN', 'W 28-15', 0, 0, 0, 0, 0, 1, 41, 0, 0, 0, 0, 0, 0, 5.1),
(2325, 146, 5, '2003-09-21', 1, 'TEN', 'L 12-27', 0, 0, 0, 0, 0, 1, 5, 0, 0, 0, 0, 0, 0, 1.5),
(2326, 146, 6, '2005-09-19', 0, 'NYG', 'L 10-27', 0, 0, 0, 0, 0, 9, 143, 1, 0, 0, 0, 0, 3, 32.3),
(2327, 146, 7, '2000-12-03', 0, 'DEN', 'L 23-38', 0, 0, 0, 0, 0, 10, 170, 0, 0, 0, 0, 0, 3, 30),
(2328, 146, 8, '2005-12-18', 0, 'CAR', 'L 10-27', 0, 0, 0, 0, 0, 1, 6, 0, 0, 0, 0, 0, 0, 1.6),
(2329, 146, 9, '2005-09-25', 1, 'MIN', 'L 16-33', 0, 0, 0, 0, 0, 1, 11, 0, 0, 0, 0, 0, 0, 2.1),
(2330, 146, 10, '2003-10-19', 1, 'ATL', 'W 45-17', 0, 0, 0, 0, 0, 8, 133, 1, 0, 0, 0, 0, 3, 30.3),
(2331, 146, 11, '2002-11-17', 1, 'ATL', 'L 17-24', 0, 0, 0, 0, 0, 3, 134, 1, 0, 0, 0, 0, 3, 25.4),
(2332, 146, 12, '2001-12-02', 0, 'CAR', 'W 27-23', 0, 0, 0, 0, 0, 13, 150, 1, 0, 0, 0, 0, 3, 37),
(2333, 146, 13, '2001-11-18', 0, 'IND', 'W 34-20', 0, 0, 0, 0, 0, 8, 148, 0, 0, 0, 0, 0, 3, 25.8),
(2334, 146, 14, '2004-12-05', 0, 'CAR', 'L 21-32', 0, 0, 0, 0, 0, 8, 160, 2, 0, 0, 0, 0, 3, 39),
(2335, 146, 15, '2000-11-05', 0, 'SF', 'W 31-15', 0, 0, 0, 0, 0, 10, 180, 1, 0, 0, 0, 0, 3, 37),
(2336, 146, 16, '2006-01-01', 1, 'TB', 'L 13-27', 0, 0, 0, 0, 0, 1, 11, 0, 0, 0, 0, 0, 0, 2.1),
(2337, 147, 1, '1984-11-25', 0, 'ATL', 'W 35-14', 0, 0, 0, 0, 0, 6, 134, 2, 0, 0, 0, 0, 3, 34.4),
(2338, 147, 2, '1987-11-08', 0, 'MIA', 'L 14-20', 0, 0, 0, 0, 0, 1, 11, 0, 0, 0, 0, 0, 0, 2.1),
(2339, 147, 3, '1985-09-30', 1, 'PIT', 'W 37-24', 0, 0, 1, 0, 0, 1, 20, 0, 0, 0, 0, 0, 0, 2),
(2340, 147, 4, '1981-12-20', 1, 'ATL', 'W 30-28', 0, 0, 0, 0, 0, 5, 128, 1, 0, 0, 0, 0, 3, 26.8),
(2341, 147, 5, '1984-09-02', 1, 'DEN', 'L 17-20', 0, 0, 0, 0, 0, 10, 141, 0, 0, 0, 0, 0, 3, 27.1),
(2342, 147, 6, '1983-10-16', 1, 'DEN', 'L 17-24', 0, 0, 0, 0, 0, 7, 149, 0, 0, 0, 0, 0, 3, 24.9),
(2343, 147, 7, '1986-11-30', 1, 'DEN', 'L 28-34', 0, 0, 0, 0, 0, 8, 138, 2, 0, 0, 0, 0, 3, 36.8),
(2344, 147, 8, '1985-11-10', 0, 'CLE', 'W 27-10', 0, 0, 0, 0, 0, 8, 135, 0, 0, 0, 0, 0, 3, 24.5),
(2345, 147, 9, '1985-11-24', 1, 'CLE', 'L 6-24', 0, 0, 0, 0, 0, 1, 17, 0, 0, 0, 0, 0, 0, 2.7),
(2346, 147, 10, '1982-12-20', 1, 'SD', 'L 34-50', 0, 0, 0, 0, 0, 9, 156, 1, 0, 0, 0, 0, 3, 33.6),
(2347, 147, 11, '1988-11-06', 0, 'PIT', 'W 42-7', 0, 0, 0, 0, 0, 1, 36, 0, 0, 0, 0, 0, 0, 4.6),
(2348, 147, 12, '1988-09-25', 0, 'CLE', 'W 24-17', 0, 0, 0, 0, 0, 1, 16, 0, 0, 0, 0, 0, 0, 2.6),
(2349, 147, 13, '1985-09-22', 0, 'SD', 'L 41-44', 0, 0, 0, 0, 0, 10, 161, 2, 0, 0, 0, 0, 3, 41.1),
(2350, 147, 14, '1982-09-19', 1, 'PIT', 'L 20-26', 0, 0, 0, 0, 0, 9, 144, 0, 0, 0, 0, 0, 3, 26.4),
(2351, 147, 15, '1983-10-02', 0, 'BAL', 'L 31-34', 0, 0, 0, 0, 0, 8, 206, 1, 0, 0, 0, 0, 3, 37.6),
(2352, 147, 16, '1988-10-30', 1, 'CLE', 'L 16-23', 0, 0, 0, 0, 0, 1, 18, 0, 0, 0, 0, 0, 0, 2.8),
(2353, 148, 1, '2001-11-25', 1, 'CLE', 'L 0-18', 0, 0, 0, 0, 0, 1, 7, 0, 0, 0, 0, 0, 0, 1.7),
(2354, 148, 2, '2007-12-09', 0, 'LAR', 'W 19-10', 0, 0, 0, 0, 0, 2, 60, 0, 0, 0, 0, 0, 0, 8),
(2355, 148, 3, '2002-11-24', 1, 'PIT', 'L 21-29', 0, 0, 0, 0, 0, 7, 152, 0, 0, 0, 0, 0, 3, 25.2),
(2356, 148, 4, '2002-09-22', 1, 'ATL', 'L 3-30', 0, 0, 0, 0, 0, 1, 20, 0, 0, 0, 0, 0, 0, 3),
(2357, 148, 5, '2006-11-12', 0, 'SD', 'L 41-49', 0, 0, 0, 0, 0, 11, 260, 2, 0, 0, 0, 0, 3, 52),
(2358, 148, 6, '2004-10-25', 0, 'DEN', 'W 23-10', 0, 0, 0, 0, 0, 7, 149, 1, 0, 0, 0, 0, 3, 30.9),
(2359, 148, 7, '2010-11-08', 0, 'PIT', 'L 21-27', 0, 0, 0, 0, 0, 1, 15, 0, 0, 0, 0, 0, 0, 2.5),
(2360, 148, 8, '2005-11-20', 0, 'IND', 'L 37-45', 0, 0, 0, 0, 0, 8, 189, 1, 0, 0, 0, 0, 3, 35.9),
(2361, 148, 9, '2007-09-16', 1, 'CLE', 'L 45-51', 0, 0, 0, 0, 0, 11, 209, 2, 0, 0, 0, 0, 3, 46.9),
(2362, 148, 10, '2004-12-05', 1, 'BAL', 'W 27-26', 0, 0, 0, 0, 0, 10, 161, 2, 0, 0, 0, 0, 3, 41.1),
(2363, 148, 11, '2008-09-07', 1, 'BAL', 'L 10-17', 0, 0, 0, 0, 0, 1, 22, 0, 0, 0, 0, 0, 0, 3.2),
(2364, 148, 12, '2006-09-24', 1, 'PIT', 'W 28-20', 0, 0, 0, 0, 0, 1, 11, 0, 0, 0, 0, 0, 0, 2.1),
(2365, 148, 13, '2006-11-19', 1, 'NO', 'W 31-16', 0, 0, 0, 3, 0, 6, 190, 3, 0, 0, 0, 0, 3, 46.3),
(2366, 148, 14, '2007-09-23', 1, 'SEA', 'L 21-24', 0, 0, 0, 0, 0, 9, 138, 0, 0, 0, 0, 0, 3, 25.8),
(2367, 148, 15, '2010-09-12', 1, 'NE', 'L 24-38', 0, 0, 0, 0, 0, 12, 159, 1, 0, 0, 0, 0, 3, 36.9),
(2368, 148, 16, '2005-09-18', 0, 'MIN', 'W 37-8', 0, 0, 0, 0, 0, 7, 139, 1, 0, 0, 0, 0, 3, 29.9),
(2369, 149, 1, '1995-12-17', 0, 'OAK', 'W 44-10', 0, 0, 0, 0, 0, 5, 108, 1, 0, 0, 0, 0, 3, 24.8),
(2370, 149, 2, '1998-09-27', 1, 'PIT', 'L 10-13', 0, 0, 0, 0, 0, 7, 139, 0, 0, 0, 0, 0, 3, 23.9),
(2371, 149, 3, '1998-12-06', 1, 'NYJ', 'L 31-32', 0, 0, 0, -3, 0, 2, 127, 2, 0, 0, 0, 0, 3, 29.4),
(2372, 149, 4, '1998-10-25', 1, 'SD', 'W 27-20', 0, 0, 0, 0, 0, 4, 130, 1, 0, 0, 0, 0, 3, 26),
(2373, 149, 5, '1997-09-28', 1, 'KC', 'L 17-20', 0, 0, 0, 0, 0, 1, 41, 1, 0, 0, 0, 0, 0, 11.1),
(2374, 149, 6, '1995-11-12', 1, 'JAX', 'W 47-30', 0, 0, 0, 86, 1, 5, 114, 2, 0, 0, 0, 0, 3, 46),
(2375, 149, 7, '1997-09-21', 0, 'SD', 'W 26-22', 0, 0, 0, 0, 0, 5, 106, 1, 0, 0, 0, 0, 3, 24.6),
(2376, 149, 8, '1997-10-26', 0, 'OAK', 'W 45-34', 0, 0, 0, 44, 0, 7, 117, 3, 0, 0, 0, 0, 3, 44.1),
(2377, 149, 9, '1996-12-08', 0, 'BUF', 'W 26-18', 0, 0, 0, 5, 0, 1, 27, 1, 0, 0, 0, 0, 0, 10.2),
(2378, 149, 10, '1996-10-27', 0, 'SD', 'W 32-13', 0, 0, 0, 4, 0, 1, 18, 0, 0, 0, 0, 0, 0, 3.2),
(2379, 149, 11, '1998-09-06', 1, 'PHI', 'W 38-0', 0, 0, 0, 0, 0, 6, 142, 2, 0, 0, 0, 0, 3, 35.2),
(2380, 149, 12, '1996-12-01', 1, 'DEN', 'L 7-34', 0, 0, 0, 0, 0, 5, 108, 0, 0, 0, 0, 0, 3, 18.8),
(2381, 149, 13, '1998-11-08', 0, 'KC', 'W 24-12', 0, 0, 0, 0, 0, 1, 45, 0, 0, 0, 0, 0, 0, 5.5),
(2382, 149, 14, '1999-11-28', 0, 'TB', 'L 3-16', 0, 0, 0, 0, 0, 1, 18, 0, 0, 0, 0, 0, 0, 2.8),
(2383, 149, 15, '1999-11-21', 1, 'KC', 'W 31-19', 0, 0, 0, 0, 0, 1, 18, 0, 0, 0, 0, 0, 0, 2.8),
(2384, 149, 16, '1996-10-06', 1, 'MIA', 'W 22-15', 0, 0, 0, -3, 0, 5, 137, 2, 0, 0, 0, 0, 3, 33.4),
(2385, 150, 1, '1977-11-06', 1, 'OAK', 'L 7-44', 0, 0, 0, 0, 0, 1, 15, 0, 0, 0, 0, 0, 0, 2.5),
(2386, 150, 2, '1980-12-07', 0, 'NYG', 'L 21-27', 0, 0, 0, 0, 0, 8, 139, 1, 0, 0, 0, 0, 3, 30.9),
(2387, 150, 3, '1981-12-06', 0, 'NYJ', 'W 27-23', 0, 0, 0, 0, 0, 7, 169, 1, 0, 0, 0, 0, 3, 32.9),
(2388, 150, 4, '1980-10-26', 1, 'OAK', 'L 14-33', 0, 0, 0, 0, 0, 4, 142, 1, 0, 0, 0, 0, 3, 27.2),
(2389, 150, 5, '1989-12-04', 0, 'BUF', 'W 17-16', 0, 0, 0, 0, 0, 1, 24, 0, 0, 0, 0, 0, 0, 3.4),
(2390, 150, 6, '1987-10-18', 1, 'DET', 'W 37-14', 0, 0, 0, 0, 0, 15, 261, 3, 0, 0, 0, 0, 3, 62.1),
(2391, 150, 7, '1977-12-18', 0, 'CLE', 'W 20-19', 0, 0, 0, 0, 0, 1, 15, 1, 0, 0, 0, 0, 0, 8.5),
(2392, 150, 8, '1989-09-10', 1, 'PHI', 'L 7-31', 0, 0, 0, 0, 0, 1, 23, 1, 0, 0, 0, 0, 0, 9.3),
(2393, 150, 9, '1979-09-16', 0, 'OAK', 'W 27-10', 0, 0, 0, 0, 0, 5, 139, 2, 0, 0, 0, 0, 3, 33.9),
(2394, 150, 10, '1985-11-17', 0, 'NE', 'L 13-20', 0, 0, 0, 0, 0, 8, 138, 0, 0, 0, 0, 0, 3, 24.8),
(2395, 150, 11, '1980-09-28', 1, 'WAS', 'W 14-0', 0, 0, 0, 0, 0, 1, 24, 0, 0, 0, 0, 0, 0, 3.4),
(2396, 150, 12, '1979-10-21', 0, 'HOU', 'W 34-14', 0, 0, 0, 0, 0, 6, 135, 2, 0, 0, 0, 0, 3, 34.5),
(2397, 150, 13, '1979-11-18', 0, 'NO', 'W 38-24', 0, 0, 0, 0, 0, 9, 146, 2, 0, 0, 0, 0, 3, 38.6),
(2398, 150, 14, '1983-11-13', 1, 'LAR', 'L 28-33', 0, 0, 0, 0, 0, 8, 155, 3, 0, 0, 0, 0, 3, 44.5),
(2399, 150, 15, '1984-09-23', 0, 'CHI', 'W 38-9', 0, 0, 0, 0, 0, 1, 29, 0, 0, 0, 0, 0, 0, 3.9),
(2400, 150, 16, '1984-11-25', 1, 'DEN', 'W 27-24', 0, 0, 0, 4, 0, 12, 191, 1, 0, 0, 0, 0, 3, 40.5),
(2401, 151, 1, '2014-12-28', 0, 'NO', 'L 20-23', 0, 0, 0, 0, 0, 1, 11, 0, 0, 0, 0, 0, 0, 2.1),
(2402, 151, 2, '2012-12-09', 0, 'PHI', 'L 21-23', 0, 0, 0, 0, 0, 6, 131, 1, 0, 0, 0, 0, 3, 28.1),
(2403, 151, 3, '2014-11-23', 1, 'CHI', 'L 13-21', 0, 0, 0, 0, 0, 5, 117, 0, 0, 0, 0, 0, 3, 19.7),
(2404, 151, 4, '2012-09-16', 1, 'NYG', 'L 34-41', 0, 0, 0, 0, 0, 5, 128, 1, 0, 0, 0, 0, 3, 26.8),
(2405, 151, 5, '2014-10-05', 1, 'NO', 'L 31-37', 0, 0, 0, 0, 0, 8, 144, 0, 0, 0, 0, 0, 3, 25.4),
(2406, 151, 6, '2012-10-21', 0, 'NO', 'L 28-35', 0, 0, 0, 0, 0, 7, 216, 1, 0, 0, 0, 0, 3, 37.6),
(2407, 151, 7, '2013-09-08', 1, 'NYJ', 'L 17-18', 0, 0, 0, 0, 0, 7, 154, 0, 0, 0, 0, 0, 3, 25.4),
(2408, 151, 8, '2015-10-04', 0, 'CAR', 'L 23-37', 0, 0, 0, 0, 0, 10, 147, 1, 0, 0, 0, 0, 3, 33.7),
(2409, 151, 9, '2012-09-23', 1, 'DAL', 'L 10-16', 0, 0, 0, 0, 0, 1, 29, 0, 0, 0, 0, 0, 0, 3.9),
(2410, 151, 10, '2014-12-07', 1, 'DET', 'L 17-34', 0, 0, 0, 0, 0, 10, 159, 0, 0, 0, 0, 0, 3, 28.9),
(2411, 151, 11, '2013-10-20', 1, 'ATL', 'L 23-31', 0, 0, 0, 0, 0, 10, 138, 2, 0, 0, 0, 0, 3, 38.8),
(2412, 151, 12, '2013-11-17', 0, 'ATL', 'W 41-28', 0, 0, 0, 0, 0, 10, 165, 1, 0, 0, 0, 0, 3, 35.5),
(2413, 151, 13, '2014-10-26', 0, 'MIN', 'L 13-19', 0, 0, 0, 0, 0, 1, 13, 0, 0, 0, 0, 0, 0, 2.3),
(2414, 151, 14, '2015-10-25', 1, 'WAS', 'L 30-31', 0, 0, 0, 0, 0, 1, 13, 0, 0, 0, 0, 0, 0, 2.3),
(2415, 151, 15, '2015-12-13', 0, 'NO', 'L 17-24', 0, 0, 0, 0, 0, 1, 5, 0, 0, 0, 0, 0, 0, 1.5),
(2416, 151, 16, '2015-10-11', 0, 'JAX', 'W 38-31', 0, 0, 0, 0, 0, 1, 14, 0, 0, 0, 0, 0, 0, 2.4),
(2417, 152, 1, '2001-12-16', 1, 'CHI', 'L 3-27', 0, 0, 0, 0, 0, 7, 119, 0, 0, 0, 0, 0, 3, 21.9),
(2418, 152, 2, '2003-11-02', 0, 'NO', 'L 14-17', 0, 0, 0, 0, 0, 10, 123, 0, 0, 0, 0, 0, 3, 25.3),
(2419, 152, 3, '2003-10-26', 0, 'DAL', 'W 16-0', 0, 0, 0, 0, 0, 1, 7, 1, 0, 0, 0, 0, 0, 7.7),
(2420, 152, 4, '2001-10-14', 1, 'TEN', 'L 28-31', 0, 0, 0, 0, 0, 8, 140, 0, 0, 0, 0, 0, 3, 25),
(2421, 152, 5, '2002-11-24', 0, 'GB', 'W 21-7', 0, 0, 0, 0, 0, 2, 48, 0, 0, 0, 0, 0, 0, 6.8),
(2422, 152, 6, '2003-09-14', 0, 'CAR', 'L 9-12', 0, 0, 0, 0, 0, 9, 102, 0, 0, 0, 0, 0, 3, 22.2),
(2423, 152, 7, '2000-10-29', 0, 'MIN', 'W 41-13', 0, 0, 0, 0, 0, 6, 121, 1, 0, 0, 0, 0, 3, 27.1),
(2424, 152, 8, '2002-11-03', 0, 'MIN', 'W 38-24', 0, 0, 0, 0, 0, 9, 133, 2, 0, 0, 0, 0, 3, 37.3),
(2425, 152, 9, '2001-10-21', 0, 'PIT', 'L 10-17', 0, 0, 0, 0, 0, 10, 159, 0, 0, 0, 0, 0, 3, 28.9),
(2426, 152, 10, '2000-09-10', 0, 'CHI', 'W 41-0', 0, 0, 0, 0, 0, 2, 32, 1, 0, 0, 0, 0, 0, 11.2),
(2427, 152, 11, '2001-12-23', 0, 'NO', 'W 48-21', 0, 0, 0, 0, 0, 2, 41, 0, 0, 0, 0, 0, 0, 6.1),
(2428, 152, 12, '2002-12-23', 0, 'PIT', 'L 7-17', 0, 0, 0, 0, 0, 8, 132, 1, 0, 0, 0, 0, 3, 30.2),
(2429, 152, 13, '2002-10-06', 1, 'ATL', 'W 20-6', 0, 0, 0, 0, 0, 6, 131, 1, 0, 0, 0, 0, 3, 28.1),
(2430, 152, 14, '2003-10-19', 1, 'SF', 'L 7-24', 0, 0, 0, 0, 0, 1, 4, 0, 0, 0, 0, 0, 0, 1.4),
(2431, 152, 15, '2000-09-24', 0, 'NYJ', 'L 17-21', 0, 0, 0, 0, 0, 1, 1, 0, 0, 0, 0, 0, 0, 1.1),
(2432, 152, 16, '2000-12-18', 0, 'LAR', 'W 38-35', 0, 0, 0, 0, 0, 7, 116, 2, 0, 0, 0, 0, 3, 33.6),
(2433, 153, 1, '2000-11-27', 0, 'GB', 'W 31-14', 0, 0, 0, 0, 0, 11, 131, 2, 0, 0, 0, 0, 3, 39.1),
(2434, 153, 2, '2001-09-23', 1, 'ATL', 'L 16-24', 0, 0, 0, 0, 0, 10, 132, 0, 0, 0, 0, 0, 3, 26.2),
(2435, 153, 3, '1999-12-18', 0, 'SF', 'W 41-24', 0, 0, 0, 0, 0, 11, 126, 3, 0, 0, 0, 0, 3, 44.6),
(2436, 153, 4, '1998-09-13', 1, 'NO', 'L 14-19', 0, 0, 0, 0, 0, 9, 192, 1, 0, 0, 0, 0, 3, 37.2),
(2437, 153, 5, '2003-09-07', 0, 'JAX', 'W 24-23', 0, 0, 0, 0, 0, 1, 13, 1, 0, 0, 0, 0, 0, 8.3),
(2438, 153, 6, '2003-11-16', 0, 'WAS', 'W 20-17', 0, 0, 0, 0, 0, 9, 189, 0, 0, 0, 0, 0, 3, 30.9),
(2439, 153, 7, '2004-12-18', 1, 'ATL', 'L 31-34', 0, 0, 0, 0, 0, 10, 135, 1, 0, 0, 0, 0, 3, 32.5),
(2440, 153, 8, '1996-10-13', 0, 'LAR', 'W 45-13', 0, 0, 0, 0, 0, 1, 54, 1, 0, 0, 0, 0, 0, 12.4),
(2441, 153, 9, '2008-09-28', 0, 'ATL', 'W 24-9', 0, 0, 0, 0, 0, 8, 147, 1, 0, 0, 0, 0, 3, 31.7),
(2442, 153, 10, '2008-11-16', 0, 'DET', 'W 31-22', 0, 0, 0, 0, 0, 1, 16, 0, 0, 0, 0, 0, 0, 2.6),
(2443, 153, 11, '2001-11-18', 0, 'SF', 'L 22-25', 0, 0, 0, 0, 0, 1, 9, 0, 0, 0, 0, 0, 0, 1.9),
(2444, 153, 12, '2003-12-14', 1, 'AZ', 'W 20-17', 0, 0, 0, 0, 0, 1, 11, 0, 0, 0, 0, 0, 0, 2.1),
(2445, 153, 13, '1999-10-03', 1, 'WAS', 'L 36-38', 0, 0, 0, 0, 0, 8, 151, 0, 0, 0, 0, 0, 3, 26.1),
(2446, 153, 14, '2000-10-22', 0, 'SF', 'W 34-16', 0, 0, 0, 0, 0, 9, 127, 0, 0, 0, 0, 0, 3, 24.7),
(2447, 153, 15, '2004-12-05', 1, 'NO', 'W 32-21', 0, 0, 0, 0, 0, 10, 179, 1, 0, 0, 0, 0, 3, 36.9),
(2448, 153, 16, '2004-10-10', 1, 'DEN', 'L 17-20', 0, 0, 0, 0, 0, 1, 9, 0, 0, 0, 0, 0, 0, 1.9),
(2449, 154, 1, '2013-12-22', 0, 'NO', 'W 17-13', 0, 0, 0, 0, 0, 1, 44, 0, 0, 0, 0, 0, 0, 5.4),
(2450, 154, 2, '2011-10-02', 1, 'CHI', 'L 29-34', 0, 0, 0, 0, 0, 8, 181, 0, 0, 0, 0, 0, 3, 29.1),
(2451, 154, 3, '2008-11-23', 1, 'ATL', 'L 28-45', 0, 0, 0, 0, 0, 8, 168, 0, 0, 0, 0, 0, 3, 27.8),
(2452, 154, 4, '2011-09-11', 1, 'AZ', 'L 21-28', 0, 0, 0, 0, 0, 8, 178, 2, 0, 0, 0, 0, 3, 40.8),
(2453, 154, 5, '2005-12-24', 0, 'DAL', 'L 20-24', 0, 0, 0, 0, 0, 1, 18, 0, 0, 0, 0, 0, 0, 2.8),
(2454, 154, 6, '2005-09-25', 1, 'MIA', 'L 24-27', 0, 0, 0, -2, 0, 11, 170, 3, 0, 0, 0, 0, 3, 48.8),
(2455, 154, 7, '2001-11-04', 1, 'MIA', 'L 6-23', 0, 0, 0, 10, 0, 1, 29, 0, 0, 0, 0, 0, 0, 4.9),
(2456, 154, 8, '2009-12-20', 0, 'MIN', 'W 26-7', 0, 0, 0, -6, 0, 9, 157, 1, 0, 0, 0, 0, 3, 33.1),
(2457, 154, 9, '2012-11-11', 0, 'DEN', 'L 14-36', 0, 0, 0, 2, 0, 1, 19, 0, 0, 0, 0, 0, 0, 3.1),
(2458, 154, 10, '2002-10-20', 1, 'ATL', 'L 0-30', 0, 0, 0, 0, 0, 1, 20, 0, 0, 0, 0, 0, 0, 3),
(2459, 154, 11, '2005-10-30', 0, 'MIN', 'W 38-13', 0, 0, 0, 0, 0, 11, 201, 1, 0, 0, 0, 0, 3, 40.1),
(2460, 154, 12, '2006-10-15', 1, 'BAL', 'W 23-21', 0, 0, 0, 0, 0, 8, 189, 1, 0, 0, 0, 0, 3, 35.9),
(2461, 154, 13, '2005-11-20', 1, 'CHI', 'L 3-13', 0, 0, 0, 0, 0, 14, 169, 0, 0, 0, 0, 0, 3, 33.9),
(2462, 154, 14, '2011-09-18', 0, 'GB', 'L 23-30', 0, 0, 0, 0, 0, 6, 156, 0, 0, 0, 0, 0, 3, 24.6),
(2463, 154, 15, '2008-12-14', 0, 'DEN', 'W 30-10', 0, 0, 0, 9, 0, 9, 165, 1, 0, 0, 0, 0, 3, 35.4),
(2464, 154, 16, '2001-12-23', 0, 'LAR', 'L 32-38', 0, 0, 0, 0, 0, 1, 33, 0, 0, 0, 0, 0, 0, 4.3),
(2465, 155, 1, '2001-09-09', 0, 'PIT', 'W 21-3', 0, 0, 0, 0, 0, 1, 8, 0, 0, 0, 0, 0, 0, 1.8),
(2466, 155, 2, '2000-11-12', 0, 'SEA', 'L 21-28', 0, 0, 0, 0, 0, 6, 156, 1, 0, 0, 0, 0, 3, 30.6),
(2467, 155, 3, '2000-12-23', 1, 'NYG', 'L 25-28', 0, 0, 0, 0, 0, 11, 131, 0, 0, 0, 0, 0, 3, 27.1),
(2468, 155, 4, '1997-12-21', 1, 'OAK', 'W 20-9', 0, 0, 0, 0, 0, 7, 116, 1, 0, 0, 0, 0, 3, 27.6),
(2469, 155, 5, '2001-10-28', 1, 'BAL', 'L 17-18', 0, 0, 0, 0, 0, 10, 118, 0, 0, 0, 0, 0, 3, 24.8),
(2470, 155, 6, '1997-12-07', 0, 'NE', 'L 20-26', 0, 0, 0, 0, 0, 11, 152, 2, 0, 0, 0, 0, 3, 41.2),
(2471, 155, 7, '1996-10-20', 1, 'LAR', 'L 14-17', 0, 0, 0, 0, 0, 16, 232, 0, 0, 0, 0, 0, 3, 42.2),
(2472, 155, 8, '2000-10-01', 0, 'PIT', 'L 13-24', 0, 0, 0, 0, 0, 11, 137, 1, 0, 0, 0, 0, 3, 33.7),
(2473, 155, 9, '1998-11-15', 0, 'TB', 'W 29-24', 0, 0, 0, 0, 0, 2, 34, 0, 0, 0, 0, 0, 0, 5.4),
(2474, 155, 10, '1996-09-22', 1, 'NE', 'L 25-28', 0, 0, 0, 0, 0, 2, 27, 0, 0, 0, 0, 0, 0, 4.7),
(2475, 155, 11, '1997-10-19', 1, 'DAL', 'L 22-26', 0, 0, 0, 0, 0, 7, 120, 1, 0, 0, 0, 0, 3, 28),
(2476, 155, 12, '2001-12-30', 0, 'KC', 'L 26-30', 0, 0, 0, 0, 0, 7, 132, 1, 0, 0, 0, 0, 3, 29.2),
(2477, 155, 13, '1998-09-13', 0, 'KC', 'W 21-16', 0, 0, 0, 0, 0, 1, 14, 0, 0, 0, 0, 0, 0, 2.4),
(2478, 155, 14, '1997-11-09', 0, 'KC', 'W 24-10', 0, 0, 0, 0, 0, 1, 23, 0, 0, 0, 0, 0, 0, 3.3),
(2479, 155, 15, '1999-10-31', 1, 'CIN', 'W 41-10', 0, 0, 0, 0, 0, 1, 23, 1, 0, 0, 0, 0, 0, 9.3),
(2480, 155, 16, '2000-09-03', 1, 'CLE', 'W 27-7', 0, 0, 0, 0, 0, 9, 115, 0, 0, 0, 0, 0, 3, 23.5),
(2481, 156, 1, '2000-09-25', 1, 'IND', 'L 14-43', 0, 0, 0, 0, 0, 9, 132, 2, 0, 0, 0, 0, 3, 37.2),
(2482, 156, 2, '2004-12-19', 1, 'GB', 'W 28-25', 0, 0, 0, 0, 0, 4, 87, 2, 0, 0, 0, 0, 0, 24.7),
(2483, 156, 3, '1998-10-12', 0, 'MIA', 'W 28-21', 0, 0, 0, 0, 0, 1, 41, 0, 0, 0, 0, 0, 0, 5.1),
(2484, 156, 4, '2002-09-29', 0, 'NYJ', 'W 28-3', 0, 0, 0, 0, 0, 1, 10, 0, 0, 0, 0, 0, 0, 2),
(2485, 156, 5, '1995-11-19', 1, 'TB', 'L 16-17', 0, 0, 0, 0, 0, 1, 16, 0, 0, 0, 0, 0, 0, 2.6),
(2486, 156, 6, '1996-12-15', 0, 'SEA', 'W 20-13', 0, 0, 0, 0, 0, 8, 124, 2, 0, 0, 0, 0, 3, 35.4),
(2487, 156, 7, '2000-09-10', 1, 'BAL', 'L 36-39', 0, 0, 0, 0, 0, 15, 291, 3, 0, 0, 0, 0, 3, 65.1),
(2488, 156, 8, '2000-12-10', 0, 'AZ', 'W 44-10', 0, 0, 0, 0, 0, 8, 147, 1, 0, 0, 0, 0, 3, 31.7),
(2489, 156, 9, '2005-09-11', 0, 'SEA', 'W 26-14', 0, 0, 0, 0, 0, 7, 130, 2, 0, 0, 0, 0, 3, 35),
(2490, 156, 10, '1997-08-31', 1, 'BAL', 'W 28-27', 0, 0, 0, 0, 0, 6, 106, 2, 0, 0, 0, 0, 3, 31.6),
(2491, 156, 11, '1997-09-22', 0, 'PIT', 'W 30-21', 0, 0, 0, 0, 0, 10, 164, 1, 0, 0, 0, 0, 3, 35.4),
(2492, 156, 12, '1999-11-21', 0, 'NO', 'W 41-23', 0, 0, 0, 0, 0, 9, 220, 1, 0, 0, 0, 0, 3, 40),
(2493, 156, 13, '2000-10-16', 1, 'TEN', 'L 13-27', 0, 0, 0, 0, 0, 1, 9, 0, 0, 0, 0, 0, 0, 1.9),
(2494, 156, 14, '2001-09-09', 0, 'PIT', 'W 21-3', 0, 0, 0, 0, 0, 8, 126, 2, 0, 0, 0, 0, 3, 35.6),
(2495, 156, 15, '1995-12-17', 1, 'DET', 'L 0-44', 0, 0, 0, 0, 0, 1, 9, 0, 0, 0, 0, 0, 0, 1.9),
(2496, 156, 16, '1995-11-12', 0, 'SEA', 'L 30-47', 0, 0, 0, 0, 0, 1, 9, 0, 0, 0, 0, 0, 0, 1.9),
(2497, 157, 1, '2002-01-07', 0, 'MIN', 'W 19-3', 0, 0, 0, 0, 0, 2, 29, 0, 0, 0, 0, 0, 0, 4.9),
(2498, 157, 2, '1999-12-12', 1, 'PIT', 'W 31-24', 0, 0, 0, 0, 0, 6, 258, 3, 0, 0, 0, 0, 3, 52.8),
(2499, 157, 3, '2001-10-21', 1, 'CLE', 'L 14-24', 0, 0, 0, 0, 0, 7, 85, 1, 0, 0, 0, 0, 0, 21.5),
(2500, 157, 4, '2001-10-28', 0, 'JAX', 'W 18-17', 0, 0, 0, 0, 0, 7, 85, 1, 0, 0, 0, 0, 0, 21.5),
(2501, 157, 5, '2001-10-07', 0, 'TEN', 'W 26-7', 0, 0, 0, 0, 0, 3, 93, 1, 0, 0, 0, 0, 0, 18.3),
(2502, 157, 6, '2000-10-15', 1, 'WAS', 'L 3-10', 0, 0, 0, 0, 0, 2, 38, 0, 0, 0, 0, 0, 0, 5.8),
(2503, 157, 7, '1999-09-26', 0, 'CLE', 'W 17-10', 0, 0, 0, 0, 0, 2, 49, 0, 0, 0, 0, 0, 0, 6.9),
(2504, 157, 8, '1999-12-05', 0, 'TEN', 'W 41-14', 0, 0, 0, 0, 0, 5, 113, 0, 0, 0, 0, 0, 3, 19.3),
(2505, 157, 9, '2000-10-08', 1, 'JAX', 'W 15-10', 0, 0, 0, 0, 0, 9, 85, 0, 0, 0, 0, 0, 0, 17.5),
(2506, 157, 10, '2001-09-09', 0, 'CHI', 'W 17-6', 0, 0, 0, 0, 0, 6, 88, 0, 0, 0, 0, 0, 0, 14.8),
(2507, 157, 11, '2001-09-30', 1, 'DEN', 'W 20-13', 0, 0, 0, 0, 0, 2, 44, 1, 0, 0, 0, 0, 0, 12.4),
(2508, 157, 12, '1999-11-07', 1, 'CLE', 'W 41-9', 0, 0, 0, 0, 0, 2, 43, 1, 0, 0, 0, 0, 0, 12.3),
(2509, 157, 13, '2001-11-12', 1, 'TEN', 'W 16-10', 0, 0, 0, 0, 0, 8, 129, 1, 0, 0, 0, 0, 3, 29.9),
(2510, 157, 14, '2000-12-24', 0, 'NYJ', 'W 34-20', 0, 0, 0, 0, 0, 1, 7, 1, 0, 0, 0, 0, 0, 7.7),
(2511, 157, 15, '1999-12-19', 0, 'NO', 'W 31-8', 0, 0, 0, 0, 0, 7, 115, 1, 0, 0, 0, 0, 3, 27.5),
(2512, 157, 16, '2000-09-03', 1, 'PIT', 'W 16-0', 0, 0, 0, 0, 0, 7, 102, 1, 0, 0, 0, 0, 3, 26.2),
(2513, 158, 1, '1996-11-10', 1, 'JAX', 'L 27-30', 0, 0, 0, 0, 0, 1, 16, 0, 0, 0, 0, 0, 0, 2.6),
(2514, 158, 2, '1998-09-27', 0, 'CIN', 'W 31-24', 0, 0, 0, -1, 0, 4, 122, 1, 0, 0, 0, 0, 3, 25.1),
(2515, 158, 3, '1997-09-21', 1, 'TEN', 'W 36-10', 0, 0, 0, 0, 0, 8, 124, 1, 0, 0, 0, 0, 3, 29.4),
(2516, 158, 4, '1999-11-28', 0, 'JAX', 'L 23-30', 0, 0, 0, 0, 0, 1, 46, 0, 0, 0, 0, 0, 0, 5.6),
(2517, 158, 5, '1998-11-15', 1, 'SD', 'L 13-14', 0, 0, 0, 0, 0, 2, 78, 1, 0, 0, 0, 0, 0, 15.8),
(2518, 158, 6, '2002-10-13', 0, 'BUF', 'L 24-31', 0, 0, 0, 0, 0, 1, 33, 0, 0, 0, 0, 0, 0, 4.3),
(2519, 158, 7, '2003-09-07', 1, 'CAR', 'L 23-24', 0, 0, 0, 0, 0, 3, 90, 1, 0, 0, 0, 0, 0, 18),
(2520, 158, 8, '1997-08-31', 0, 'JAX', 'L 27-28', 0, 0, 0, 5, 0, 4, 73, 2, 0, 0, 0, 0, 0, 23.8),
(2521, 158, 9, '1998-11-29', 0, 'IND', 'W 38-31', 0, 0, 0, 0, 0, 1, 53, 0, 0, 0, 0, 0, 0, 6.3),
(2522, 158, 10, '1998-09-20', 1, 'JAX', 'L 10-24', 0, 0, 0, 0, 0, 4, 117, 1, 0, 0, 0, 0, 3, 24.7),
(2523, 158, 11, '1998-09-06', 0, 'PIT', 'L 13-20', 0, 0, 0, 3, 0, 2, 76, 1, 0, 0, 0, 0, 0, 15.9),
(2524, 158, 12, '1996-10-13', 1, 'IND', 'L 21-26', 0, 0, 0, 0, 0, 1, 19, 0, 0, 0, 0, 0, 0, 2.9),
(2525, 158, 13, '1997-10-19', 0, 'MIA', 'L 13-24', 0, 0, 0, 0, 0, 6, 105, 0, 0, 0, 0, 0, 3, 19.5),
(2526, 158, 14, '1998-10-25', 1, 'GB', 'L 10-28', 0, 0, 0, 0, 0, 6, 79, 1, 0, 0, 0, 0, 0, 19.9),
(2527, 158, 15, '1997-11-02', 1, 'NYJ', 'L 16-19', 0, 0, 0, 0, 0, 4, 72, 0, 0, 0, 0, 0, 0, 11.2),
(2528, 158, 16, '2001-12-02', 0, 'IND', 'W 39-27', 0, 0, 0, 9, 0, 1, 12, 0, 0, 0, 0, 0, 0, 3.1),
(2529, 159, 1, '1990-09-09', 1, 'ATL', 'L 27-47', 0, 0, 0, 0, 0, 4, 109, 2, 0, 0, 0, 0, 3, 29.9),
(2530, 159, 2, '1987-11-22', 0, 'CLE', 'L 7-40', 0, 0, 0, -13, 0, 3, 126, 1, 0, 0, 0, 0, 3, 23.3),
(2531, 159, 3, '1994-09-18', 0, 'BUF', 'L 7-15', 0, 0, 0, 0, 0, 1, 13, 0, 0, 0, 0, 0, 0, 2.3),
(2532, 159, 4, '1989-12-03', 1, 'PIT', 'W 23-16', 0, 0, 0, 0, 0, 1, 12, 0, 0, 0, 0, 0, 0, 2.2),
(2533, 159, 5, '1987-09-13', 0, 'LAR', 'W 20-16', 0, 0, 0, 0, 0, 6, 117, 1, 0, 0, 0, 0, 3, 26.7),
(2534, 159, 6, '1989-10-08', 1, 'NE', 'L 13-23', 0, 0, 0, 0, 0, 5, 128, 0, 0, 0, 0, 0, 3, 20.8),
(2535, 159, 7, '1986-10-05', 1, 'DET', 'L 13-24', 0, 0, 0, 0, 0, 5, 155, 0, 0, 0, 0, 0, 3, 23.5),
(2536, 159, 8, '1991-10-06', 0, 'DEN', 'W 42-14', 0, 0, 0, 0, 0, 5, 151, 0, 0, 0, 0, 0, 3, 23.1),
(2537, 159, 9, '1989-12-17', 1, 'CIN', 'L 7-61', 0, 0, 0, 0, 0, 1, 23, 0, 0, 0, 0, 0, 0, 3.3),
(2538, 159, 10, '1994-12-04', 0, 'AZ', 'L 12-30', 0, 0, 0, -5, 0, 1, 8, 0, 0, 0, 0, 0, 0, 1.3),
(2539, 159, 11, '1986-12-14', 0, 'MIN', 'W 23-10', 0, 0, 0, 30, 0, 6, 108, 1, 0, 0, 0, 0, 3, 28.8),
(2540, 159, 12, '1986-11-16', 1, 'PIT', 'L 10-21', 0, 0, 0, 0, 0, 8, 156, 1, 0, 0, 0, 0, 3, 32.6),
(2541, 159, 13, '1992-12-07', 0, 'CHI', 'W 24-7', 0, 0, 0, 44, 0, 1, 12, 0, 0, 0, 0, 0, 0, 6.6),
(2542, 159, 14, '1988-11-20', 0, 'AZ', 'W 38-20', 0, 0, 0, 4, 0, 5, 118, 2, 0, 0, 0, 0, 3, 32.2),
(2543, 159, 15, '1988-12-18', 1, 'CLE', 'L 23-28', 0, 0, 0, 0, 0, 6, 119, 0, 0, 0, 0, 0, 3, 20.9),
(2544, 159, 16, '1994-10-30', 1, 'OAK', 'L 14-17', 0, 0, 0, 0, 0, 1, 7, 0, 0, 0, 0, 0, 0, 1.7),
(2545, 160, 1, '1987-11-29', 1, 'IND', 'L 27-51', 0, 0, 0, 0, 0, 1, 23, 0, 0, 0, 0, 0, 0, 3.3),
(2546, 160, 2, '1991-10-13', 1, 'NYJ', 'W 23-20', 0, 0, 0, 0, 0, 13, 186, 0, 0, 0, 0, 0, 3, 34.6),
(2547, 160, 3, '1995-12-17', 0, 'NYJ', 'W 23-6', 0, 0, 0, 0, 0, 1, 35, 1, 0, 0, 0, 0, 0, 10.5),
(2548, 160, 4, '1992-09-06', 0, 'PIT', 'L 24-29', 0, 0, 0, 0, 0, 7, 117, 0, 0, 0, 0, 0, 3, 21.7),
(2549, 160, 5, '1988-12-11', 0, 'CIN', 'W 41-6', 0, 0, 0, 0, 0, 1, 42, 0, 0, 0, 0, 0, 0, 5.2),
(2550, 160, 6, '1991-11-24', 1, 'PIT', 'L 14-26', 0, 0, 0, 0, 0, 8, 122, 1, 0, 0, 0, 0, 3, 29.2),
(2551, 160, 7, '1993-11-28', 0, 'PIT', 'W 23-3', 0, 0, 0, 0, 0, 7, 139, 1, 0, 0, 0, 0, 3, 29.9),
(2552, 160, 8, '1991-12-15', 1, 'CLE', 'W 17-14', 0, 0, 0, 0, 0, 7, 91, 1, 0, 0, 0, 0, 0, 22.1),
(2553, 160, 9, '1991-09-08', 1, 'CIN', 'W 30-7', 0, 0, 0, 0, 0, 4, 91, 1, 0, 0, 0, 0, 0, 19.1),
(2554, 160, 10, '1994-11-21', 0, 'NYG', 'L 10-13', 0, 0, 0, 0, 0, 1, 21, 0, 0, 0, 0, 0, 0, 3.1),
(2555, 160, 11, '1990-12-16', 1, 'KC', 'W 27-10', 0, 0, 0, 0, 0, 9, 245, 1, 0, 0, 0, 0, 3, 42.5),
(2556, 160, 12, '1989-12-10', 0, 'TB', 'W 20-17', 0, 0, 0, 0, 0, 1, 23, 0, 0, 0, 0, 0, 0, 3.3),
(2557, 160, 13, '1994-09-11', 1, 'DAL', 'L 17-20', 0, 0, 0, 0, 0, 6, 103, 0, 0, 0, 0, 0, 3, 19.3),
(2558, 160, 14, '1990-11-26', 0, 'BUF', 'W 27-24', 0, 0, 0, 0, 0, 1, 37, 1, 0, 0, 0, 0, 0, 10.7),
(2559, 160, 15, '1991-09-22', 1, 'NE', 'L 20-24', 0, 0, 0, 0, 0, 7, 98, 0, 0, 0, 0, 0, 0, 16.8),
(2560, 160, 16, '1994-09-04', 1, 'IND', 'L 21-45', 0, 0, 0, 0, 0, 8, 99, 2, 0, 0, 0, 0, 0, 29.9),
(2561, 161, 1, '2006-12-31', 1, 'SD', 'L 20-27', 0, 0, 0, 0, 0, 3, 76, 0, 0, 0, 0, 0, 0, 10.6),
(2562, 161, 2, '2007-11-25', 0, 'SF', 'L 31-37', 0, 0, 0, 0, 0, 5, 80, 0, 0, 0, 0, 0, 0, 13),
(2563, 161, 3, '2006-12-10', 0, 'SEA', 'W 27-21', 0, 0, 0, 0, 0, 3, 81, 1, 0, 0, 0, 0, 0, 17.1),
(2564, 161, 4, '2007-09-23', 1, 'BAL', 'L 23-26', 0, 0, 0, 0, 0, 1, 18, 0, 0, 0, 0, 0, 0, 2.8),
(2565, 161, 5, '2006-09-17', 1, 'SEA', 'L 10-21', 0, 0, 0, 0, 0, 1, 40, 1, 0, 0, 0, 0, 0, 11),
(2566, 161, 6, '2003-09-21', 0, 'GB', 'W 20-13', 0, 0, 0, 0, 0, 6, 86, 0, 0, 0, 0, 0, 0, 14.6),
(2567, 161, 7, '2007-11-04', 1, 'TB', 'L 10-17', 0, 0, 0, 0, 0, 1, 14, 0, 0, 0, 0, 0, 0, 2.4),
(2568, 161, 8, '2003-11-09', 1, 'PIT', 'L 15-28', 0, 0, 0, 0, 0, 3, 76, 1, 0, 0, 0, 0, 0, 16.6),
(2569, 161, 9, '2007-10-07', 1, 'LAR', 'W 34-31', 0, 0, 0, 0, 0, 6, 80, 0, 0, 0, 0, 0, 0, 14),
(2570, 161, 10, '2005-11-27', 0, 'JAX', 'L 17-24', 0, 0, 0, 0, 0, 5, 77, 0, 0, 0, 0, 0, 0, 12.7),
(2571, 161, 11, '2004-12-12', 0, 'SF', 'L 28-31', 0, 0, 0, 0, 0, 4, 77, 0, 0, 0, 0, 0, 0, 11.7),
(2572, 161, 12, '2006-10-22', 1, 'OAK', 'L 9-22', 0, 0, 0, 0, 0, 3, 87, 0, 0, 0, 0, 0, 0, 11.7),
(2573, 161, 13, '2006-09-24', 0, 'LAR', 'L 14-16', 0, 0, 0, -3, 0, 1, 54, 0, 0, 0, 0, 0, 0, 6.1),
(2574, 161, 14, '2007-11-18', 1, 'CIN', 'W 35-27', 0, 0, 0, 0, 0, 1, 13, 0, 0, 0, 0, 0, 0, 2.3),
(2575, 161, 15, '2006-10-08', 0, 'KC', 'L 20-23', 0, 0, 0, 0, 0, 6, 82, 0, 0, 0, 0, 0, 0, 14.2),
(2576, 161, 16, '2003-12-14', 0, 'CAR', 'L 17-20', 0, 0, 0, 0, 0, 1, 18, 0, 0, 0, 0, 0, 0, 2.8),
(2577, 162, 1, '1961-09-17', 1, 'MIN', 'L 13-37', 0, 0, 0, 0, 0, 1, 18, 0, 0, 0, 0, 0, 0, 2.8),
(2578, 162, 2, '1962-09-23', 1, 'LAR', 'W 27-23', 0, 0, 0, 0, 0, 1, 19, 0, 0, 0, 0, 0, 0, 2.9),
(2579, 162, 3, '1961-10-08', 1, 'DET', 'W 31-17', 0, 0, 0, 0, 0, 5, 120, 1, 0, 0, 0, 0, 3, 26),
(2580, 162, 4, '1961-11-12', 0, 'GB', 'L 28-31', 0, 0, 0, 0, 0, 9, 190, 3, 0, 0, 0, 0, 3, 49),
(2581, 162, 5, '1961-10-15', 0, 'BAL', 'W 24-10', 0, 0, 0, 0, 0, 1, 22, 0, 0, 0, 0, 0, 0, 3.2),
(2582, 162, 6, '1964-10-25', 1, 'WAS', 'L 20-27', 0, 0, 0, 0, 0, 13, 168, 0, 0, 0, 0, 0, 3, 32.8),
(2583, 162, 7, '1961-09-23', 1, 'LAR', 'W 21-17', 0, 0, 0, 0, 0, 5, 130, 1, 0, 0, 0, 0, 3, 27),
(2584, 162, 8, '1961-11-05', 1, 'PHI', 'L 14-16', 0, 0, 0, 0, 0, 1, 76, 1, 0, 0, 0, 0, 0, 14.6),
(2585, 162, 9, '1963-11-24', 1, 'PIT', 'T 17-17', 0, 0, 0, 0, 0, 7, 146, 0, 0, 0, 0, 0, 3, 24.6),
(2586, 162, 10, '1962-10-14', 0, 'SF', 'L 27-34', 0, 0, 0, 0, 0, 8, 132, 0, 0, 0, 0, 0, 3, 24.2),
(2587, 162, 11, '1963-10-13', 1, 'LAR', 'W 52-14', 0, 0, 0, 0, 0, 9, 110, 4, 0, 0, 0, 0, 3, 47),
(2588, 162, 12, '1964-12-13', 0, 'MIN', 'L 14-41', 0, 0, 0, 0, 0, 1, 24, 0, 0, 0, 0, 0, 0, 3.4),
(2589, 162, 13, '1962-12-09', 0, 'LAR', 'W 30-14', 0, 0, 0, 0, 0, 6, 155, 1, 0, 0, 0, 0, 3, 30.5),
(2590, 162, 14, '1962-11-18', 1, 'DAL', 'W 34-33', 0, 0, 0, 0, 0, 7, 133, 1, 0, 0, 0, 0, 3, 29.3),
(2591, 162, 15, '1965-09-19', 1, 'SF', 'L 24-52', 0, 0, 0, 0, 0, 1, 26, 0, 0, 0, 0, 0, 0, 3.6),
(2592, 162, 16, '1963-09-22', 1, 'MIN', 'W 28-7', 0, 0, 0, 0, 0, 8, 124, 2, 0, 0, 0, 0, 3, 35.4),
(2593, 163, 1, '1985-10-06', 0, 'DET', 'W 43-10', 0, 0, 0, 0, 0, 1, 24, 0, 0, 0, 0, 0, 0, 3.4),
(2594, 163, 2, '1979-12-09', 0, 'CHI', 'L 14-15', 0, 0, 0, 0, 0, 6, 79, 2, 0, 0, 0, 0, 0, 25.9),
(2595, 163, 3, '1980-10-26', 0, 'MIN', 'W 16-3', 0, 0, 0, 0, 0, 1, 12, 1, 0, 0, 0, 0, 0, 8.2),
(2596, 163, 4, '1979-10-28', 1, 'MIA', 'L 7-27', 0, 0, 0, 0, 0, 5, 116, 1, 0, 0, 0, 0, 3, 25.6),
(2597, 163, 5, '1983-10-17', 0, 'WAS', 'W 48-47', 0, 0, 0, 0, 0, 6, 124, 2, 0, 0, 0, 0, 3, 33.4),
(2598, 163, 6, '1979-10-21', 1, 'TB', 'L 3-21', 0, 0, 0, 0, 0, 7, 106, 0, 0, 0, 0, 0, 3, 20.6),
(2599, 163, 7, '1981-10-04', 1, 'NYG', 'W 27-14', 0, 0, 0, 0, 0, 6, 92, 1, 0, 0, 0, 0, 0, 21.2),
(2600, 163, 8, '1984-10-07', 0, 'SD', 'L 28-34', 0, 0, 0, 0, 0, 8, 104, 1, 0, 0, 0, 0, 3, 27.4),
(2601, 163, 9, '1983-12-18', 1, 'CHI', 'L 21-23', 0, 0, 0, 0, 0, 4, 122, 1, 0, 0, 0, 0, 3, 25.2),
(2602, 163, 10, '1980-10-12', 1, 'TB', 'T 14-14', 0, 0, 0, 0, 0, 9, 109, 1, 0, 0, 0, 0, 3, 28.9),
(2603, 163, 11, '1984-11-22', 1, 'DET', 'L 28-31', 0, 0, 0, 0, 0, 1, 44, 1, 0, 0, 0, 0, 0, 11.4),
(2604, 163, 12, '1982-12-19', 1, 'BAL', 'T 20-20', 0, 0, 0, 0, 0, 1, 27, 0, 0, 0, 0, 0, 0, 3.7),
(2605, 163, 13, '1985-09-29', 1, 'LAR', 'L 28-43', 0, 0, 0, 0, 0, 6, 79, 2, 0, 0, 0, 0, 0, 25.9),
(2606, 163, 14, '1981-09-06', 1, 'CHI', 'W 16-9', 0, 0, 0, 0, 0, 1, 27, 0, 0, 0, 0, 0, 0, 3.7),
(2607, 163, 15, '1985-10-27', 1, 'IND', 'L 10-37', 0, 0, 0, 0, 0, 5, 80, 1, 0, 0, 0, 0, 0, 19),
(2608, 163, 16, '1980-10-05', 0, 'CIN', 'W 14-9', 0, 0, 0, 0, 0, 1, 11, 0, 0, 0, 0, 0, 0, 2.1),
(2609, 164, 1, '2002-12-22', 1, 'IND', 'W 44-27', 0, 0, 0, 0, 0, 7, 116, 0, 0, 0, 0, 0, 3, 21.6),
(2610, 164, 2, '2002-10-06', 1, 'DAL', 'W 21-17', 0, 0, 0, 0, 0, 1, 11, 0, 0, 0, 0, 0, 0, 2.1),
(2611, 164, 3, '2005-11-27', 1, 'SEA', 'L 21-24', 0, 0, 0, 0, 0, 10, 127, 1, 0, 0, 0, 0, 3, 31.7),
(2612, 164, 4, '2007-12-09', 1, 'PHI', 'W 16-13', 0, 0, 0, 0, 0, 1, 4, 0, 0, 0, 0, 0, 0, 1.4),
(2613, 164, 5, '2002-11-17', 0, 'WAS', 'W 19-17', 0, 0, 0, 0, 0, 11, 111, 0, 0, 0, 0, 0, 3, 25.1),
(2614, 164, 6, '2006-11-12', 0, 'CHI', 'L 20-38', 0, 0, 0, 0, 0, 1, 15, 0, 0, 0, 0, 0, 0, 2.5),
(2615, 164, 7, '2007-11-11', 0, 'DAL', 'L 20-31', 0, 0, 0, 0, 0, 12, 129, 1, 0, 0, 0, 0, 3, 33.9),
(2616, 164, 8, '2005-11-20', 0, 'PHI', 'W 27-17', 0, 0, 0, 0, 0, 1, 1, 1, 0, 0, 0, 0, 0, 7.1),
(2617, 164, 9, '2006-10-08', 0, 'WAS', 'W 19-3', 0, 0, 0, 0, 0, 1, 13, 0, 0, 0, 0, 0, 0, 2.3),
(2618, 164, 10, '2005-10-16', 1, 'DAL', 'L 13-16', 0, 0, 0, 0, 0, 5, 129, 1, 0, 0, 0, 0, 3, 26.9),
(2619, 164, 11, '2005-12-11', 1, 'PHI', 'W 26-23', 0, 0, 0, 0, 0, 10, 107, 0, 0, 0, 0, 0, 3, 23.7),
(2620, 164, 12, '2007-09-30', 0, 'PHI', 'W 16-3', 0, 0, 0, 0, 0, 1, 17, 0, 0, 0, 0, 0, 0, 2.7),
(2621, 164, 13, '2002-12-08', 1, 'WAS', 'W 27-21', 0, 0, 0, 0, 0, 5, 89, 0, 0, 0, 0, 0, 0, 13.9),
(2622, 164, 14, '2005-09-25', 1, 'SD', 'L 23-45', 0, 0, 0, 0, 0, 6, 101, 0, 0, 0, 0, 0, 3, 19.1),
(2623, 164, 15, '2002-12-28', 0, 'PHI', 'W 10-7', 0, 0, 0, 0, 0, 10, 98, 1, 0, 0, 0, 0, 0, 25.8),
(2624, 164, 16, '2003-10-05', 0, 'MIA', 'L 10-23', 0, 0, 0, 0, 0, 11, 110, 0, 0, 0, 0, 0, 3, 25),
(2625, 165, 1, '1974-10-27', 0, 'GB', 'W 19-17', 0, 0, 0, 0, 0, 7, 146, 1, 0, 0, 0, 0, 3, 30.6),
(2626, 165, 2, '1968-09-15', 1, 'DAL', 'L 13-59', 0, 0, 0, 0, 0, 1, 15, 0, 0, 0, 0, 0, 0, 2.5),
(2627, 165, 3, '1972-10-30', 1, 'DAL', 'L 24-28', 0, 0, 0, 0, 0, 3, 82, 0, 0, 0, 0, 0, 0, 11.2);
INSERT INTO `legends_player_data` (`rowID`, `playerID`, `gameID`, `game_date`, `is_away`, `opp`, `game_result`, `passYDS`, `passTD`, `passINT`, `rushYDS`, `rushTD`, `rec`, `recYDS`, `recTD`, `krtd`, `prtd`, `passBonus`, `rushBonus`, `recBonus`, `fpts`) VALUES
(2628, 165, 4, '1970-11-08', 1, 'NO', 'L 17-19', 0, 0, 0, 0, 0, 6, 88, 1, 0, 0, 0, 0, 0, 20.8),
(2629, 165, 5, '1971-10-03', 0, 'ATL', 'W 41-38', 0, 0, 0, 0, 0, 1, 16, 1, 0, 0, 0, 0, 0, 8.6),
(2630, 165, 6, '1968-12-15', 1, 'WAS', 'L 3-14', 0, 0, 0, 0, 0, 10, 133, 0, 0, 0, 0, 0, 3, 26.3),
(2631, 165, 7, '1968-11-03', 1, 'LAR', 'L 7-10', 0, 0, 0, 0, 0, 1, 16, 0, 0, 0, 0, 0, 0, 2.6),
(2632, 165, 8, '1973-10-14', 1, 'NO', 'L 13-20', 0, 0, 0, -1, 0, 3, 80, 0, 0, 0, 0, 0, 0, 10.9),
(2633, 165, 9, '1974-09-15', 1, 'CHI', 'L 9-17', 0, 0, 0, 0, 0, 1, 21, 0, 0, 0, 0, 0, 0, 3.1),
(2634, 165, 10, '1973-10-28', 0, 'GB', 'W 34-0', 0, 0, 0, 0, 0, 1, 22, 0, 0, 0, 0, 0, 0, 3.2),
(2635, 165, 11, '1972-12-03', 1, 'GB', 'L 7-33', 0, 0, 0, 0, 0, 1, 20, 0, 0, 0, 0, 0, 0, 3),
(2636, 165, 12, '1976-10-24', 1, 'SEA', 'W 41-14', 0, 0, 0, 0, 0, 4, 89, 1, 0, 0, 0, 0, 0, 18.9),
(2637, 165, 13, '1970-10-05', 0, 'CHI', 'W 28-14', 0, 0, 0, 0, 0, 3, 77, 0, 0, 0, 0, 0, 0, 10.7),
(2638, 165, 14, '1968-11-10', 0, 'BAL', 'L 10-27', 0, 0, 0, 0, 0, 6, 86, 0, 0, 0, 0, 0, 0, 14.6),
(2639, 165, 15, '1970-12-06', 0, 'LAR', 'W 16-3', 0, 0, 0, 0, 0, 5, 76, 0, 0, 0, 0, 0, 0, 12.6),
(2640, 165, 16, '1971-11-25', 0, 'KC', 'W 32-21', 0, 0, 0, 0, 0, 5, 90, 1, 0, 0, 0, 0, 0, 20),
(2641, 166, 1, '2007-10-14', 1, 'GB', 'L 14-17', 0, 0, 0, 0, 0, 9, 105, 1, 0, 0, 0, 0, 3, 28.5),
(2642, 166, 2, '2004-11-14', 0, 'CIN', 'L 10-17', 0, 0, 0, 0, 0, 1, 9, 1, 0, 0, 0, 0, 0, 7.9),
(2643, 166, 3, '2007-12-23', 1, 'MIN', 'W 32-21', 0, 0, 0, 0, 0, 1, 33, 1, 0, 0, 0, 0, 0, 10.3),
(2644, 166, 4, '2008-12-07', 1, 'BAL', 'L 10-24', 0, 0, 0, 0, 0, 1, 12, 0, 0, 0, 0, 0, 0, 2.2),
(2645, 166, 5, '2007-12-02', 0, 'BUF', 'L 16-17', 0, 0, 0, 0, 0, 7, 89, 0, 0, 0, 0, 0, 0, 15.9),
(2646, 166, 6, '2007-11-25', 1, 'TB', 'L 13-19', 0, 0, 0, 0, 0, 6, 96, 1, 0, 0, 0, 0, 0, 21.6),
(2647, 166, 7, '2007-12-06', 0, 'CHI', 'W 24-16', 0, 0, 0, 0, 0, 5, 93, 0, 0, 0, 0, 0, 0, 14.3),
(2648, 166, 8, '2010-11-21', 1, 'TEN', 'W 19-16', 0, 0, 0, 0, 0, 7, 91, 0, 0, 0, 0, 0, 0, 16.1),
(2649, 166, 9, '2009-09-20', 0, 'LAR', 'W 9-7', 0, 0, 0, 0, 0, 7, 83, 0, 0, 0, 0, 0, 0, 15.3),
(2650, 166, 10, '2008-10-05', 1, 'PHI', 'W 23-17', 0, 0, 0, 0, 0, 8, 109, 1, 0, 0, 0, 0, 3, 27.9),
(2651, 166, 11, '2005-11-06', 0, 'PHI', 'W 17-10', 0, 0, 0, 0, 0, 7, 85, 0, 0, 0, 0, 0, 0, 15.5),
(2652, 166, 12, '2007-09-09', 0, 'MIA', 'W 16-13', 0, 0, 0, 0, 0, 1, 10, 0, 0, 0, 0, 0, 0, 2),
(2653, 166, 13, '2007-11-18', 1, 'DAL', 'L 23-28', 0, 0, 0, 0, 0, 8, 89, 1, 0, 0, 0, 0, 0, 22.9),
(2654, 166, 14, '2004-09-12', 0, 'TB', 'W 16-10', 0, 0, 0, 0, 0, 1, 16, 0, 0, 0, 0, 0, 0, 2.6),
(2655, 166, 15, '2006-09-17', 1, 'DAL', 'L 10-27', 0, 0, 0, 0, 0, 1, 23, 0, 0, 0, 0, 0, 0, 3.3),
(2656, 166, 16, '2006-11-26', 0, 'CAR', 'W 17-13', 0, 0, 0, 0, 0, 3, 89, 1, 0, 0, 0, 0, 0, 17.9),
(2657, 167, 1, '1960-10-16', 0, 'DET', 'W 28-10', 0, 0, 0, 0, 0, 1, 25, 0, 0, 0, 0, 0, 0, 3.5),
(2658, 167, 2, '1962-09-16', 0, 'LAR', 'L 21-27', 0, 0, 0, 0, 0, 4, 126, 0, 0, 0, 0, 0, 3, 19.6),
(2659, 167, 3, '1966-10-23', 1, 'NYG', 'W 31-3', 0, 0, 0, 0, 0, 1, 30, 1, 0, 0, 0, 0, 0, 10),
(2660, 167, 4, '1956-12-02', 1, 'CLE', 'L 14-17', 0, 0, 0, 0, 0, 1, 20, 0, 0, 0, 0, 0, 0, 3),
(2661, 167, 5, '1965-11-14', 0, 'WAS', 'W 21-14', 0, 0, 0, 0, 0, 7, 204, 0, 0, 0, 0, 0, 3, 30.4),
(2662, 167, 6, '1965-09-19', 0, 'LAR', 'W 34-27', 0, 0, 0, 0, 0, 1, 23, 0, 0, 0, 0, 0, 0, 3.3),
(2663, 167, 7, '1959-10-18', 1, 'NYG', 'L 7-24', 0, 0, 0, 0, 0, 1, 24, 0, 0, 0, 0, 0, 0, 3.4),
(2664, 167, 8, '1965-11-28', 1, 'LAR', 'W 28-24', 0, 0, 0, 0, 0, 9, 148, 3, 0, 0, 0, 0, 3, 44.8),
(2665, 167, 9, '1961-10-29', 1, 'WAS', 'W 27-24', 0, 0, 0, 0, 0, 7, 125, 2, 0, 0, 0, 0, 3, 34.5),
(2666, 167, 10, '1964-09-13', 0, 'NYG', 'W 38-7', 0, 0, 0, 0, 0, 6, 139, 1, 0, 0, 0, 0, 3, 28.9),
(2667, 167, 11, '1965-11-07', 1, 'CLE', 'L 34-38', 0, 0, 0, 0, 0, 7, 151, 3, 0, 0, 0, 0, 3, 43.1),
(2668, 167, 12, '1962-12-02', 1, 'WAS', 'W 37-14', 0, 0, 0, 0, 0, 8, 135, 1, 0, 0, 0, 0, 3, 30.5),
(2669, 167, 13, '1960-10-09', 0, 'LAR', 'W 31-27', 0, 0, 0, 0, 0, 7, 132, 2, 0, 0, 0, 0, 3, 35.2),
(2670, 167, 14, '1965-10-17', 1, 'NYG', 'L 27-35', 0, 0, 0, 0, 0, 6, 133, 1, 0, 0, 0, 0, 3, 28.3),
(2671, 167, 15, '1959-11-15', 0, 'AZ', 'W 27-17', 0, 0, 0, 0, 0, 5, 137, 1, 0, 0, 0, 0, 3, 27.7),
(2672, 167, 16, '1964-12-06', 0, 'DAL', 'W 24-14', 0, 0, 0, 0, 0, 1, 31, 1, 0, 0, 0, 0, 0, 10.1),
(2673, 168, 1, '2011-11-27', 1, 'KC', 'W 13-9', 0, 0, 0, 0, 0, 1, 20, 0, 0, 0, 0, 0, 0, 3),
(2674, 168, 2, '2006-09-07', 0, 'MIA', 'W 28-17', 0, 0, 0, 0, 0, 3, 101, 1, 0, 0, 0, 0, 3, 22.1),
(2675, 168, 3, '2015-11-01', 0, 'CIN', 'L 10-16', 0, 0, 0, 0, 0, 10, 105, 0, 0, 0, 0, 0, 3, 23.5),
(2676, 168, 4, '2013-11-28', 1, 'BAL', 'L 20-22', 0, 0, 0, 0, 0, 8, 86, 0, 0, 0, 0, 0, 0, 16.6),
(2677, 168, 5, '2011-12-24', 0, 'LAR', 'W 27-0', 0, 0, 0, 0, 0, 1, 18, 0, 0, 0, 0, 0, 0, 2.8),
(2678, 168, 6, '2012-12-16', 1, 'DAL', 'L 24-27', 0, 0, 0, 0, 0, 7, 92, 1, 0, 0, 0, 0, 0, 22.2),
(2679, 168, 7, '2014-10-26', 0, 'IND', 'W 51-34', 0, 0, 0, 0, 0, 7, 112, 1, 0, 0, 0, 0, 3, 27.2),
(2680, 168, 8, '2009-12-06', 0, 'OAK', 'L 24-27', 0, 0, 0, 0, 0, 1, 27, 0, 0, 0, 0, 0, 0, 3.7),
(2681, 168, 9, '2014-09-28', 0, 'TB', 'L 24-27', 0, 0, 0, 0, 0, 10, 85, 1, 0, 0, 0, 0, 0, 24.5),
(2682, 168, 10, '2006-10-15', 0, 'KC', 'W 45-7', 0, 0, 0, 0, 0, 1, 16, 0, 0, 0, 0, 0, 0, 2.6),
(2683, 168, 11, '2009-12-20', 0, 'GB', 'W 37-36', 0, 0, 0, 0, 0, 7, 118, 0, 0, 0, 0, 0, 3, 21.8),
(2684, 168, 12, '2011-10-30', 0, 'NE', 'W 25-17', 0, 0, 0, 0, 0, 7, 85, 0, 0, 0, 0, 0, 0, 15.5),
(2685, 168, 13, '2005-12-24', 1, 'CLE', 'W 41-0', 0, 0, 0, 0, 0, 1, 21, 0, 0, 0, 0, 0, 0, 3.1),
(2686, 168, 14, '2009-11-22', 1, 'KC', 'L 24-27', 0, 0, 0, 0, 0, 7, 95, 1, 0, 0, 0, 0, 0, 22.5),
(2687, 168, 15, '2012-12-02', 1, 'BAL', 'W 23-20', 0, 0, 0, 0, 0, 5, 97, 1, 0, 0, 0, 0, 0, 20.7),
(2688, 168, 16, '2011-09-18', 0, 'SEA', 'W 24-0', 0, 0, 0, 0, 0, 1, 16, 0, 0, 0, 0, 0, 0, 2.6),
(2689, 169, 1, '1967-10-22', 0, 'WAS', 'T 28-28', 0, 0, 0, 0, 0, 4, 62, 0, 0, 0, 0, 0, 0, 10.2),
(2690, 169, 2, '1969-11-02', 1, 'ATL', 'W 38-6', 0, 0, 0, 0, 0, 3, 63, 0, 0, 0, 0, 0, 0, 9.3),
(2691, 169, 3, '1966-09-25', 1, 'GB', 'L 13-24', 0, 0, 0, 0, 0, 7, 62, 0, 0, 0, 0, 0, 0, 13.2),
(2692, 169, 4, '1968-10-20', 0, 'ATL', 'W 27-14', 0, 0, 0, 0, 0, 7, 111, 1, 0, 0, 0, 0, 3, 27.1),
(2693, 169, 5, '1967-10-15', 1, 'BAL', 'T 24-24', 0, 0, 0, 0, 0, 6, 74, 0, 0, 0, 0, 0, 0, 13.4),
(2694, 169, 6, '1970-11-01', 1, 'NO', 'W 30-17', 0, 0, 0, 0, 0, 6, 124, 0, 0, 0, 0, 0, 3, 21.4),
(2695, 169, 7, '1968-09-22', 0, 'PIT', 'W 45-10', 0, 0, 0, 0, 0, 5, 66, 0, 0, 0, 0, 0, 0, 11.6),
(2696, 169, 8, '1966-10-23', 1, 'CHI', 'L 10-17', 0, 0, 0, 0, 0, 1, 21, 0, 0, 0, 0, 0, 0, 3.1),
(2697, 169, 9, '1970-12-14', 0, 'DET', 'L 23-28', 0, 0, 0, 0, 0, 7, 60, 1, 0, 0, 0, 0, 0, 19),
(2698, 169, 10, '1966-10-30', 0, 'BAL', 'L 3-17', 0, 0, 0, 0, 0, 1, 20, 0, 0, 0, 0, 0, 0, 3),
(2699, 169, 11, '1968-09-16', 1, 'LAR', 'W 24-13', 0, 0, 0, 0, 0, 1, 16, 0, 0, 0, 0, 0, 0, 2.6),
(2700, 169, 12, '1967-10-29', 1, 'CHI', 'W 28-17', 0, 0, 0, 0, 0, 1, 28, 0, 0, 0, 0, 0, 0, 3.8),
(2701, 169, 13, '1968-11-03', 0, 'DET', 'W 10-7', 0, 0, 0, 0, 0, 1, 21, 0, 0, 0, 0, 0, 0, 3.1),
(2702, 169, 14, '1965-12-05', 1, 'LAR', 'W 27-3', 0, 0, 0, 0, 0, 4, 86, 1, 0, 0, 0, 0, 0, 18.6),
(2703, 169, 15, '1969-10-26', 1, 'CHI', 'W 9-7', 0, 0, 0, 0, 0, 1, 19, 0, 0, 0, 0, 0, 0, 2.9),
(2704, 169, 16, '1969-10-12', 1, 'SF', 'W 27-21', 0, 0, 0, 0, 0, 5, 71, 1, 0, 0, 0, 0, 0, 18.1),
(2705, 170, 1, '1992-10-04', 0, 'LAR', 'W 27-24', 0, 0, 0, 0, 0, 4, 89, 0, 0, 0, 0, 0, 0, 12.9),
(2706, 170, 2, '1988-11-21', 0, 'WAS', 'W 37-21', 0, 0, 0, 0, 0, 1, 18, 1, 0, 0, 0, 0, 0, 8.8),
(2707, 170, 3, '1987-12-20', 0, 'ATL', 'W 35-7', 0, 0, 0, 0, 0, 1, 22, 0, 0, 0, 0, 0, 0, 3.2),
(2708, 170, 4, '1989-10-22', 0, 'NE', 'W 37-20', 0, 0, 0, 0, 0, 1, 17, 0, 0, 0, 0, 0, 0, 2.7),
(2709, 170, 5, '1997-12-07', 0, 'MIN', 'W 28-17', 0, 0, 0, 0, 0, 1, 23, 0, 0, 0, 0, 0, 0, 3.3),
(2710, 170, 6, '1991-11-17', 0, 'AZ', 'W 14-10', 0, 0, 0, 0, 0, 5, 79, 0, 0, 0, 0, 0, 0, 12.9),
(2711, 170, 7, '1997-11-23', 0, 'SD', 'W 17-10', 0, 0, 0, 0, 0, 5, 83, 0, 0, 0, 0, 0, 0, 13.3),
(2712, 170, 8, '1992-10-18', 0, 'ATL', 'W 56-17', 0, 0, 0, 0, 0, 5, 86, 1, 0, 0, 0, 0, 0, 19.6),
(2713, 170, 9, '1992-12-28', 0, 'DET', 'W 24-6', 0, 0, 0, 0, 0, 6, 91, 1, 0, 0, 0, 0, 0, 21.1),
(2714, 170, 10, '1989-12-11', 1, 'LAR', 'W 30-27', 0, 0, 0, 0, 0, 7, 85, 0, 0, 0, 0, 0, 0, 15.5),
(2715, 170, 11, '1994-11-06', 1, 'WAS', 'W 37-22', 0, 0, 0, 0, 0, 1, 69, 1, 0, 0, 0, 0, 0, 13.9),
(2716, 170, 12, '1994-12-04', 0, 'ATL', 'W 50-14', 0, 0, 0, 0, 0, 4, 81, 0, 0, 0, 0, 0, 0, 12.1),
(2717, 170, 13, '1996-12-15', 1, 'PIT', 'W 25-15', 0, 0, 0, 0, 0, 6, 93, 0, 0, 0, 0, 0, 0, 15.3),
(2718, 170, 14, '1989-10-15', 1, 'DAL', 'W 31-14', 0, 0, 0, 0, 0, 1, 36, 1, 0, 0, 0, 0, 0, 10.6),
(2719, 170, 15, '1991-09-08', 0, 'SD', 'W 34-14', 0, 0, 0, 0, 0, 5, 86, 0, 0, 0, 0, 0, 0, 13.6),
(2720, 170, 16, '1990-09-23', 0, 'ATL', 'W 19-13', 0, 0, 0, 0, 0, 5, 125, 1, 0, 0, 0, 0, 3, 26.5),
(2721, 171, 1, '1978-11-05', 1, 'HOU', 'L 10-14', 0, 0, 0, 0, 0, 4, 124, 0, 0, 0, 0, 0, 3, 19.4),
(2722, 171, 2, '1981-10-11', 1, 'PIT', 'L 7-13', 0, 0, 0, 14, 0, 5, 120, 1, 0, 0, 0, 0, 3, 27.4),
(2723, 171, 3, '1978-12-17', 1, 'CIN', 'L 16-48', 0, 0, 0, 4, 0, 1, 19, 0, 0, 0, 0, 0, 0, 3.3),
(2724, 171, 4, '1990-12-23', 1, 'PIT', 'L 0-35', 0, 0, 0, 0, 0, 1, 18, 0, 0, 0, 0, 0, 0, 2.8),
(2725, 171, 5, '1984-11-25', 0, 'HOU', 'W 27-10', 0, 0, 0, 0, 0, 10, 102, 1, 0, 0, 0, 0, 3, 29.2),
(2726, 171, 6, '1983-11-27', 0, 'BAL', 'W 41-23', 0, 0, 0, 0, 0, 8, 108, 1, 0, 0, 0, 0, 3, 27.8),
(2727, 171, 7, '1986-09-07', 1, 'CHI', 'L 31-41', 0, 0, 0, 0, 0, 1, 14, 0, 0, 0, 0, 0, 0, 2.4),
(2728, 171, 8, '1980-11-23', 0, 'CIN', 'W 31-7', 0, 0, 0, 0, 0, 1, 14, 0, 0, 0, 0, 0, 0, 2.4),
(2729, 171, 9, '1983-10-16', 1, 'PIT', 'L 17-44', 0, 0, 0, 0, 0, 9, 103, 0, 0, 0, 0, 0, 3, 22.3),
(2730, 171, 10, '1978-12-10', 0, 'NYJ', 'W 37-34', 0, 0, 0, 3, 0, 1, 29, 0, 0, 0, 0, 0, 0, 4.2),
(2731, 171, 11, '1983-01-02', 1, 'PIT', 'L 21-37', 0, 0, 0, 0, 0, 9, 123, 0, 0, 0, 0, 0, 3, 24.3),
(2732, 171, 12, '1984-10-14', 0, 'NYJ', 'L 20-24', 0, 0, 0, 0, 0, 14, 191, 0, 0, 0, 0, 0, 3, 36.1),
(2733, 171, 13, '1989-12-17', 0, 'MIN', 'W 23-17', 0, 0, 0, 0, 0, 1, 18, 0, 0, 0, 0, 0, 0, 2.8),
(2734, 171, 14, '1984-09-23', 0, 'PIT', 'W 20-10', 0, 0, 0, 0, 0, 6, 99, 0, 0, 0, 0, 0, 0, 15.9),
(2735, 171, 15, '1982-12-05', 0, 'SD', 'L 13-30', 0, 0, 0, 0, 0, 10, 140, 1, 0, 0, 0, 0, 3, 33),
(2736, 171, 16, '1982-09-19', 0, 'PHI', 'L 21-24', 0, 0, 0, 0, 0, 8, 122, 2, 0, 0, 0, 0, 3, 35.2),
(2737, 172, 1, '2006-09-24', 0, 'JAX', 'W 21-14', 0, 0, 0, 0, 0, 1, 30, 1, 0, 0, 0, 0, 0, 10),
(2738, 172, 2, '2011-12-11', 1, 'BAL', 'L 10-24', 0, 0, 0, 0, 0, 1, 12, 0, 0, 0, 0, 0, 0, 2.2),
(2739, 172, 3, '2008-12-14', 0, 'DET', 'W 31-21', 0, 0, 0, 0, 0, 12, 142, 1, 0, 0, 0, 0, 3, 35.2),
(2740, 172, 4, '2007-12-09', 1, 'BAL', 'W 44-20', 0, 0, 0, 0, 0, 1, 15, 0, 0, 0, 0, 0, 0, 2.5),
(2741, 172, 5, '2009-11-08', 0, 'HOU', 'W 20-17', 0, 0, 0, 4, 0, 14, 119, 0, 0, 0, 0, 0, 3, 29.3),
(2742, 172, 6, '2009-11-01', 0, 'SF', 'W 18-14', 0, 0, 0, 0, 0, 8, 99, 0, 0, 0, 0, 0, 0, 17.9),
(2743, 172, 7, '2008-12-18', 1, 'JAX', 'W 31-24', 0, 0, 0, 0, 0, 8, 105, 1, 0, 0, 0, 0, 3, 27.5),
(2744, 172, 8, '2009-09-21', 1, 'MIA', 'W 27-23', 0, 0, 0, 0, 0, 7, 183, 1, 0, 0, 0, 0, 3, 34.3),
(2745, 172, 9, '2004-12-19', 0, 'BAL', 'W 20-10', 0, 0, 0, 0, 0, 1, 13, 0, 0, 0, 0, 0, 0, 2.3),
(2746, 172, 10, '2009-12-17', 1, 'JAX', 'W 35-31', 0, 0, 0, 0, 0, 7, 95, 2, 0, 0, 0, 0, 0, 28.5),
(2747, 172, 11, '2003-09-07', 1, 'CLE', 'W 9-6', 0, 0, 0, 0, 0, 1, 18, 0, 0, 0, 0, 0, 0, 2.8),
(2748, 172, 12, '2004-11-14', 0, 'HOU', 'W 49-14', 0, 0, 0, 0, 0, 3, 102, 2, 0, 0, 0, 0, 3, 28.2),
(2749, 172, 13, '2003-11-16', 0, 'NYJ', 'W 38-31', 0, 0, 0, 0, 0, 5, 100, 0, 0, 0, 0, 0, 3, 18),
(2750, 172, 14, '2004-09-09', 1, 'NE', 'L 24-27', 0, 0, 0, 0, 0, 1, 64, 0, 0, 0, 0, 0, 0, 7.4),
(2751, 172, 15, '2008-10-27', 1, 'TEN', 'L 21-31', 0, 0, 0, 0, 0, 7, 94, 2, 0, 0, 0, 0, 0, 28.4),
(2752, 172, 16, '2005-11-20', 1, 'CIN', 'W 45-37', 0, 0, 0, 0, 0, 6, 125, 1, 0, 0, 0, 0, 3, 27.5),
(2753, 173, 1, '1990-09-30', 1, 'NYG', 'L 17-31', 0, 0, 0, 0, 0, 9, 85, 1, 0, 0, 0, 0, 0, 23.5),
(2754, 173, 2, '1993-09-12', 0, 'BUF', 'L 10-13', 0, 0, 0, 0, 0, 8, 106, 0, 0, 0, 0, 0, 3, 21.6),
(2755, 173, 3, '1995-09-04', 1, 'NYG', 'W 35-0', 0, 0, 0, 0, 0, 5, 91, 0, 0, 0, 0, 0, 0, 14.1),
(2756, 173, 4, '1994-12-04', 1, 'PHI', 'W 31-19', 0, 0, 0, 0, 0, 1, 9, 0, 0, 0, 0, 0, 0, 1.9),
(2757, 173, 5, '1990-12-30', 1, 'ATL', 'L 7-26', 0, 0, 0, 0, 0, 1, 27, 1, 0, 0, 0, 0, 0, 9.7),
(2758, 173, 6, '1991-11-10', 1, 'HOU', 'L 23-26', 0, 0, 0, 0, 0, 5, 75, 0, 0, 0, 0, 0, 0, 12.5),
(2759, 173, 7, '1991-10-27', 1, 'DET', 'L 10-34', 0, 0, 0, 0, 0, 10, 131, 0, 0, 0, 0, 0, 3, 26.1),
(2760, 173, 8, '1990-11-11', 0, 'SF', 'L 6-24', 0, 0, 0, 0, 0, 1, 17, 0, 0, 0, 0, 0, 0, 2.7),
(2761, 173, 9, '1992-12-06', 1, 'DEN', 'W 31-27', 0, 0, 0, 0, 0, 7, 87, 1, 0, 0, 0, 0, 0, 21.7),
(2762, 173, 10, '1991-10-06', 1, 'GB', 'W 20-17', 0, 0, 0, 0, 0, 11, 121, 1, 0, 0, 0, 0, 3, 32.1),
(2763, 173, 11, '1990-10-28', 0, 'PHI', 'L 20-21', 0, 0, 0, 0, 0, 7, 105, 1, 0, 0, 0, 0, 3, 26.5),
(2764, 173, 12, '1991-12-22', 0, 'ATL', 'W 31-27', 0, 0, 0, 0, 0, 1, 8, 0, 0, 0, 0, 0, 0, 1.8),
(2765, 173, 13, '1995-10-08', 0, 'GB', 'W 34-24', 0, 0, 0, 0, 0, 7, 83, 1, 0, 0, 0, 0, 0, 21.3),
(2766, 173, 14, '1991-10-13', 0, 'CIN', 'W 35-23', 0, 0, 0, 0, 0, 1, 26, 1, 0, 0, 0, 0, 0, 9.6),
(2767, 173, 15, '1990-11-22', 0, 'WAS', 'W 27-17', 0, 0, 0, 0, 0, 4, 88, 0, 0, 0, 0, 0, 0, 12.8),
(2768, 173, 16, '1995-12-10', 1, 'PHI', 'L 17-20', 0, 0, 0, 0, 0, 1, 15, 0, 0, 0, 0, 0, 0, 2.5),
(2769, 174, 1, '2009-09-27', 1, 'NE', 'L 10-26', 0, 0, 0, 0, 0, 1, 16, 0, 0, 0, 0, 0, 0, 2.6),
(2770, 174, 2, '2013-09-29', 0, 'NE', 'L 23-30', 0, 0, 0, 0, 0, 12, 149, 2, 0, 0, 0, 0, 3, 41.9),
(2771, 174, 3, '2012-01-01', 0, 'TB', 'W 45-24', 0, 0, 0, 0, 0, 1, 8, 0, 0, 0, 0, 0, 0, 1.8),
(2772, 174, 4, '2012-12-22', 1, 'DET', 'W 31-18', 0, 0, 0, 0, 0, 1, 9, 0, 0, 0, 0, 0, 0, 1.9),
(2773, 174, 5, '2009-11-29', 0, 'TB', 'W 20-17', 0, 0, 0, 0, 0, 9, 83, 0, 0, 0, 0, 0, 0, 17.3),
(2774, 174, 6, '2011-09-18', 0, 'PHI', 'W 35-31', 0, 0, 0, 0, 0, 7, 83, 2, 0, 0, 0, 0, 0, 27.3),
(2775, 174, 7, '2010-09-26', 1, 'NO', 'W 27-24', 0, 0, 0, 0, 0, 8, 110, 1, 0, 0, 0, 0, 3, 28),
(2776, 174, 8, '2013-10-07', 0, 'NYJ', 'L 28-30', 0, 0, 0, 0, 0, 10, 97, 0, 0, 0, 0, 0, 0, 19.7),
(2777, 174, 9, '2011-12-04', 1, 'HOU', 'L 10-17', 0, 0, 0, 0, 0, 7, 100, 0, 0, 0, 0, 0, 3, 20),
(2778, 174, 10, '2011-12-15', 0, 'JAX', 'W 41-14', 0, 0, 0, 0, 0, 1, 14, 0, 0, 0, 0, 0, 0, 2.4),
(2779, 174, 11, '2013-10-20', 0, 'TB', 'W 31-23', 0, 0, 0, 0, 0, 2, 30, 0, 0, 0, 0, 0, 0, 5),
(2780, 174, 12, '2009-11-02', 1, 'NO', 'L 27-35', 0, 0, 0, 0, 0, 6, 89, 0, 0, 0, 0, 0, 0, 14.9),
(2781, 174, 13, '2012-10-07', 1, 'WAS', 'W 24-17', 0, 0, 0, 0, 0, 13, 123, 1, 0, 0, 0, 0, 3, 34.3),
(2782, 174, 14, '2012-09-23', 1, 'SD', 'W 27-3', 0, 0, 0, 0, 0, 9, 91, 1, 0, 0, 0, 0, 0, 24.1),
(2783, 174, 15, '2012-11-11', 1, 'NO', 'L 27-31', 0, 0, 0, 0, 0, 11, 122, 2, 0, 0, 0, 0, 3, 38.2),
(2784, 174, 16, '2010-09-12', 1, 'PIT', 'L 9-15', 0, 0, 0, 0, 0, 2, 35, 0, 0, 0, 0, 0, 0, 5.5),
(2785, 175, 1, '1985-12-08', 0, 'PIT', 'W 54-44', 0, 0, 0, 0, 0, 1, 4, 0, 0, 0, 0, 0, 0, 1.4),
(2786, 175, 2, '1985-12-01', 0, 'BUF', 'W 40-7', 0, 0, 0, 0, 0, 1, 17, 0, 0, 0, 0, 0, 0, 2.7),
(2787, 175, 3, '1981-11-22', 1, 'OAK', 'W 55-21', 0, 0, 0, 0, 0, 13, 144, 5, 0, 0, 0, 0, 3, 60.4),
(2788, 175, 4, '1981-12-06', 0, 'BUF', 'L 27-28', 0, 0, 0, 0, 0, 6, 126, 1, 0, 0, 0, 0, 3, 27.6),
(2789, 175, 5, '1984-09-16', 0, 'HOU', 'W 31-14', 0, 0, 0, 0, 0, 10, 146, 0, 0, 0, 0, 0, 3, 27.6),
(2790, 175, 6, '1980-09-14', 0, 'OAK', 'W 30-24', 0, 0, 0, 0, 0, 9, 132, 1, 0, 0, 0, 0, 3, 31.2),
(2791, 175, 7, '1980-12-22', 0, 'PIT', 'W 26-17', 0, 0, 0, 0, 0, 10, 171, 0, 0, 0, 0, 0, 3, 30.1),
(2792, 175, 8, '1980-12-07', 1, 'WAS', 'L 17-40', 0, 0, 0, 0, 0, 1, 42, 0, 0, 0, 0, 0, 0, 5.2),
(2793, 175, 9, '1984-10-07', 1, 'GB', 'W 34-28', 0, 0, 0, 0, 0, 15, 157, 0, 0, 0, 0, 0, 3, 33.7),
(2794, 175, 10, '1987-09-20', 0, 'LAR', 'W 28-24', 0, 0, 0, 0, 0, 1, 8, 0, 0, 0, 0, 0, 0, 1.8),
(2795, 175, 11, '1985-12-15', 0, 'PHI', 'W 20-14', 0, 0, 0, 0, 0, 1, 16, 0, 0, 0, 0, 0, 0, 2.6),
(2796, 175, 12, '1980-11-02', 1, 'CIN', 'W 31-14', 0, 0, 0, 0, 0, 9, 153, 1, 0, 0, 0, 0, 3, 33.3),
(2797, 175, 13, '1984-09-24', 1, 'OAK', 'L 30-33', 0, 0, 0, 0, 0, 9, 119, 1, 0, 0, 0, 0, 3, 29.9),
(2798, 175, 14, '1985-12-22', 1, 'KC', 'L 34-38', 0, 0, 0, 0, 0, 1, 13, 0, 0, 0, 0, 0, 0, 2.3),
(2799, 175, 15, '1982-12-26', 0, 'BAL', 'W 44-26', 0, 0, 0, 0, 0, 7, 120, 3, 0, 0, 0, 0, 3, 40),
(2800, 175, 16, '1983-12-11', 0, 'KC', 'W 41-38', 0, 0, 0, 0, 0, 14, 162, 3, 0, 0, 0, 0, 3, 51.2),
(2801, 176, 1, '1998-12-06', 0, 'KC', 'W 35-31', 0, 0, 0, 0, 0, 1, 24, 1, 0, 0, 0, 0, 0, 9.4),
(2802, 176, 2, '1997-11-24', 0, 'OAK', 'W 31-3', 0, 0, 0, 0, 0, 10, 142, 0, 0, 0, 0, 0, 3, 27.2),
(2803, 176, 3, '2002-10-20', 1, 'KC', 'W 37-34', 0, 0, 0, 0, 0, 12, 214, 2, 0, 0, 0, 0, 3, 48.4),
(2804, 176, 4, '1994-10-23', 1, 'SD', 'W 20-15', 0, 0, 0, 0, 0, 6, 121, 1, 0, 0, 0, 0, 3, 27.1),
(2805, 176, 5, '1996-10-20', 0, 'BAL', 'W 45-34', 0, 0, 0, 0, 0, 9, 161, 0, 0, 0, 0, 0, 3, 28.1),
(2806, 176, 6, '1997-12-21', 0, 'SD', 'W 38-3', 0, 0, 0, 0, 0, 8, 162, 1, 0, 0, 0, 0, 3, 33.2),
(2807, 176, 7, '1997-10-06', 0, 'NE', 'W 34-13', 0, 0, 0, 0, 0, 1, 19, 0, 0, 0, 0, 0, 0, 2.9),
(2808, 176, 8, '1995-09-03', 0, 'BUF', 'W 22-7', 0, 0, 0, 0, 0, 10, 180, 0, 0, 0, 0, 0, 3, 31),
(2809, 176, 9, '2003-09-07', 1, 'CIN', 'W 30-10', 0, 0, 0, 0, 0, 1, 23, 0, 0, 0, 0, 0, 0, 3.3),
(2810, 176, 10, '1991-11-17', 1, 'KC', 'W 24-20', 0, 0, 0, 15, 0, 1, 24, 0, 0, 0, 0, 0, 0, 4.9),
(2811, 176, 11, '1996-10-06', 0, 'SD', 'W 28-17', 0, 0, 0, 0, 0, 13, 153, 3, 0, 0, 0, 0, 3, 49.3),
(2812, 176, 12, '1990-11-22', 1, 'DET', 'L 27-40', 0, 0, 0, 0, 0, 1, 33, 0, 0, 0, 0, 0, 0, 4.3),
(2813, 176, 13, '1995-11-19', 0, 'SD', 'W 30-27', 0, 0, 0, 0, 0, 8, 137, 1, 0, 0, 0, 0, 3, 30.7),
(2814, 176, 14, '1991-09-08', 1, 'OAK', 'L 13-16', 0, 0, 0, 0, 0, 1, 37, 0, 0, 0, 0, 0, 0, 4.7),
(2815, 176, 15, '1996-09-22', 1, 'KC', 'L 14-17', 0, 0, 0, 0, 0, 9, 131, 0, 0, 0, 0, 0, 3, 25.1),
(2816, 176, 16, '1997-11-09', 0, 'CAR', 'W 34-0', 0, 0, 0, 0, 0, 8, 174, 0, 0, 0, 0, 0, 3, 28.4),
(2817, 177, 1, '1970-11-15', 1, 'LAR', 'W 31-20', 0, 0, 0, 0, 0, 1, 29, 1, 0, 0, 0, 0, 0, 9.9),
(2818, 177, 2, '1971-11-28', 0, 'SF', 'L 21-24', 0, 0, 0, -7, 0, 5, 126, 2, 0, 0, 0, 0, 3, 31.9),
(2819, 177, 3, '1974-12-01', 0, 'SD', 'W 27-14', 0, 0, 0, 0, 0, 7, 137, 0, 0, 0, 0, 0, 3, 23.7),
(2820, 177, 4, '1974-10-07', 1, 'MIA', 'L 17-21', 0, 0, 0, 0, 0, 3, 117, 1, 0, 0, 0, 0, 3, 23.7),
(2821, 177, 5, '1972-09-24', 1, 'BAL', 'W 44-34', 0, 0, 0, 0, 0, 6, 204, 3, 0, 0, 0, 0, 3, 47.4),
(2822, 177, 6, '1977-11-20', 1, 'BAL', 'L 12-33', 0, 0, 0, 0, 0, 1, 58, 0, 0, 0, 0, 0, 0, 6.8),
(2823, 177, 7, '1973-11-18', 1, 'CIN', 'L 14-20', 0, 0, 0, 0, 0, 9, 131, 1, 0, 0, 0, 0, 3, 31.1),
(2824, 177, 8, '1972-10-22', 0, 'BAL', 'W 24-20', 0, 0, 0, 0, 0, 1, 49, 0, 0, 0, 0, 0, 0, 5.9),
(2825, 177, 9, '1975-10-26', 0, 'BAL', 'L 28-45', 0, 0, 0, 0, 0, 3, 115, 0, 0, 0, 0, 0, 3, 17.5),
(2826, 177, 10, '1975-10-05', 0, 'NE', 'W 36-7', 0, 0, 0, 0, 0, 6, 110, 2, 0, 0, 0, 0, 3, 32),
(2827, 177, 11, '1972-09-17', 1, 'BUF', 'W 41-24', 0, 0, 0, 0, 0, 1, 36, 0, 0, 0, 0, 0, 0, 4.6),
(2828, 177, 12, '1972-11-12', 0, 'BUF', 'W 41-3', 0, 0, 0, 0, 0, 1, 26, 1, 0, 0, 0, 0, 0, 9.6),
(2829, 177, 13, '1974-11-24', 0, 'MIA', 'W 17-14', 0, 0, 0, 0, 0, 6, 100, 2, 0, 0, 0, 0, 3, 31),
(2830, 177, 14, '1973-10-21', 1, 'PIT', 'L 14-26', 0, 0, 0, 0, 0, 1, 28, 1, 0, 0, 0, 0, 0, 9.8),
(2831, 177, 15, '1970-10-04', 1, 'BUF', 'L 31-34', 0, 0, 0, 0, 0, 4, 138, 1, 0, 0, 0, 0, 3, 26.8),
(2832, 177, 16, '1975-09-21', 1, 'BUF', 'L 14-42', 0, 0, 0, 0, 0, 6, 103, 1, 0, 0, 0, 0, 3, 25.3),
(2833, 178, 1, '1994-01-02', 0, 'MIA', 'W 33-27', 0, 0, 0, 0, 0, 6, 95, 2, 0, 0, 0, 0, 0, 27.5),
(2834, 178, 2, '1993-10-31', 1, 'IND', 'L 6-9', 0, 0, 0, 0, 0, 6, 108, 0, 0, 0, 0, 0, 3, 19.8),
(2835, 178, 3, '1991-10-20', 0, 'MIN', 'W 26-23', 0, 0, 0, 0, 0, 1, 17, 0, 0, 0, 0, 0, 0, 2.7),
(2836, 178, 4, '1993-09-05', 1, 'BUF', 'L 14-38', 0, 0, 0, 0, 0, 1, 54, 1, 0, 0, 0, 0, 0, 12.4),
(2837, 178, 5, '1996-11-03', 0, 'MIA', 'W 42-23', 0, 0, 0, 0, 0, 5, 135, 2, 0, 0, 0, 0, 3, 33.5),
(2838, 178, 6, '1999-12-26', 0, 'BUF', 'L 10-13', 0, 0, 0, 0, 0, 1, 20, 0, 0, 0, 0, 0, 0, 3),
(2839, 178, 7, '1998-11-01', 1, 'IND', 'W 21-16', 0, 0, 0, 0, 0, 10, 109, 1, 0, 0, 0, 0, 3, 29.9),
(2840, 178, 8, '1994-09-04', 1, 'MIA', 'L 35-39', 0, 0, 0, 0, 0, 8, 161, 2, 0, 0, 0, 0, 3, 39.1),
(2841, 178, 9, '1994-09-18', 1, 'CIN', 'W 31-28', 0, 0, 0, 0, 0, 8, 108, 0, 0, 0, 0, 0, 3, 21.8),
(2842, 178, 10, '1996-11-24', 0, 'IND', 'W 27-13', 0, 0, 0, 0, 0, 1, 12, 0, 0, 0, 0, 0, 0, 2.2),
(2843, 178, 11, '1994-09-11', 0, 'BUF', 'L 35-38', 0, 0, 0, 0, 0, 9, 124, 2, 0, 0, 0, 0, 3, 36.4),
(2844, 178, 12, '1994-10-09', 0, 'OAK', 'L 17-21', 0, 0, 0, 0, 0, 9, 123, 0, 0, 0, 0, 0, 3, 24.3),
(2845, 178, 13, '1995-09-03', 0, 'CLE', 'W 17-14', 0, 0, 0, 0, 0, 9, 106, 0, 0, 0, 0, 0, 3, 22.6),
(2846, 178, 14, '1994-11-27', 1, 'IND', 'W 12-10', 0, 0, 0, 0, 0, 12, 119, 0, 0, 0, 0, 0, 3, 26.9),
(2847, 178, 15, '1992-12-27', 0, 'MIA', 'L 13-16', 0, 0, 0, 0, 0, 1, 16, 0, 0, 0, 0, 0, 0, 2.6),
(2848, 178, 16, '1999-10-10', 1, 'KC', 'L 14-16', 0, 0, 0, 0, 0, 1, 18, 0, 0, 0, 0, 0, 0, 2.8),
(2849, 179, 1, '1976-09-26', 1, 'HOU', 'W 14-13', 0, 0, 0, 0, 0, 1, 15, 0, 0, 0, 0, 0, 0, 2.5),
(2850, 179, 2, '1976-10-03', 1, 'NE', 'L 17-48', 0, 0, 0, 0, 0, 12, 136, 0, 0, 0, 0, 0, 3, 28.6),
(2851, 179, 3, '1979-10-21', 1, 'NYJ', 'L 19-28', 0, 0, 0, 0, 0, 6, 93, 0, 0, 0, 0, 0, 0, 15.3),
(2852, 179, 4, '1979-11-18', 0, 'KC', 'L 21-24', 0, 0, 0, 0, 0, 7, 91, 0, 0, 0, 0, 0, 0, 16.1),
(2853, 179, 5, '1976-11-07', 1, 'CHI', 'W 28-27', 0, 0, 0, 0, 0, 1, 17, 1, 0, 0, 0, 0, 0, 8.7),
(2854, 179, 6, '1977-10-03', 1, 'KC', 'W 37-28', 0, 0, 0, 0, 0, 7, 101, 0, 0, 0, 0, 0, 3, 20.1),
(2855, 179, 7, '1977-10-23', 1, 'NYJ', 'W 28-27', 0, 0, 0, 0, 0, 7, 92, 1, 0, 0, 0, 0, 0, 22.2),
(2856, 179, 8, '1978-09-10', 1, 'SD', 'W 21-20', 0, 0, 0, 0, 0, 5, 100, 1, 0, 0, 0, 0, 3, 24),
(2857, 179, 9, '1979-09-30', 0, 'DEN', 'W 27-3', 0, 0, 0, 0, 0, 4, 92, 1, 0, 0, 0, 0, 0, 19.2),
(2858, 179, 10, '1977-11-20', 1, 'SD', 'L 7-12', 0, 0, 0, 0, 0, 1, 16, 0, 0, 0, 0, 0, 0, 2.6),
(2859, 179, 11, '1976-11-21', 1, 'PHI', 'W 26-7', 0, 0, 0, 0, 0, 1, 8, 0, 0, 0, 0, 0, 0, 1.8),
(2860, 179, 12, '1976-10-24', 0, 'GB', 'W 18-14', 0, 0, 0, 0, 0, 1, 27, 1, 0, 0, 0, 0, 0, 9.7),
(2861, 179, 13, '1975-09-22', 1, 'MIA', 'W 31-21', 0, 0, 0, 0, 0, 1, 16, 0, 0, 0, 0, 0, 0, 2.6),
(2862, 179, 14, '1976-10-10', 1, 'SD', 'W 27-17', 0, 0, 0, 0, 0, 7, 104, 1, 0, 0, 0, 0, 3, 26.4),
(2863, 179, 15, '1978-11-05', 1, 'KC', 'W 20-10', 0, 0, 0, 0, 0, 7, 112, 0, 0, 0, 0, 0, 3, 21.2),
(2864, 179, 16, '1976-09-12', 0, 'PIT', 'W 31-28', 0, 0, 0, 0, 0, 7, 124, 2, 0, 0, 0, 0, 3, 34.4),
(2865, 180, 1, '2008-11-27', 1, 'DET', 'W 47-10', 0, 0, 0, 0, 0, 1, 8, 0, 0, 0, 0, 0, 0, 1.8),
(2866, 180, 2, '2008-09-07', 0, 'JAX', 'W 17-10', 0, 0, 0, 0, 0, 6, 105, 0, 0, 0, 0, 0, 3, 19.5),
(2867, 180, 3, '2007-12-23', 0, 'NYJ', 'W 10-6', 0, 0, 0, 0, 0, 1, 12, 0, 0, 0, 0, 0, 0, 2.2),
(2868, 180, 4, '2009-11-29', 0, 'AZ', 'W 20-17', 0, 0, 0, 0, 0, 5, 68, 0, 0, 0, 0, 0, 0, 11.8),
(2869, 180, 5, '2007-12-02', 0, 'HOU', 'W 28-20', 0, 0, 0, 0, 0, 4, 57, 0, 0, 0, 0, 0, 0, 9.7),
(2870, 180, 6, '2006-11-05', 1, 'JAX', 'L 7-37', 0, 0, 0, 0, 0, 5, 70, 0, 0, 0, 0, 0, 0, 12),
(2871, 180, 7, '2010-11-28', 1, 'HOU', 'L 0-20', 0, 0, 0, 0, 0, 1, 10, 0, 0, 0, 0, 0, 0, 2),
(2872, 180, 8, '2006-09-10', 0, 'NYJ', 'L 16-23', 0, 0, 0, 0, 0, 1, 12, 0, 0, 0, 0, 0, 0, 2.2),
(2873, 180, 9, '2008-10-05', 1, 'BAL', 'W 13-10', 0, 0, 0, 0, 0, 7, 72, 0, 0, 0, 0, 0, 0, 14.2),
(2874, 180, 10, '2006-09-17', 1, 'SD', 'L 7-40', 0, 0, 0, 0, 0, 3, 53, 0, 0, 0, 0, 0, 0, 8.3),
(2875, 180, 11, '2005-11-06', 1, 'CLE', 'L 14-20', 0, 0, 0, 0, 0, 5, 59, 0, 0, 0, 0, 0, 0, 10.9),
(2876, 180, 12, '2005-12-04', 1, 'IND', 'L 3-35', 0, 0, 0, 0, 0, 6, 53, 0, 0, 0, 0, 0, 0, 11.3),
(2877, 180, 13, '2008-11-09', 1, 'CHI', 'W 21-14', 0, 0, 0, 0, 0, 10, 78, 1, 0, 0, 0, 0, 0, 23.8),
(2878, 180, 14, '2005-10-16', 0, 'CIN', 'L 23-31', 0, 0, 0, 0, 0, 1, 9, 0, 0, 0, 0, 0, 0, 1.9),
(2879, 180, 15, '2007-09-16', 0, 'IND', 'L 20-22', 0, 0, 0, 0, 0, 1, 8, 0, 0, 0, 0, 0, 0, 1.8),
(2880, 180, 16, '2009-12-06', 1, 'IND', 'L 17-27', 0, 0, 0, 0, 0, 5, 56, 1, 0, 0, 0, 0, 0, 16.6),
(2881, 181, 1, '2012-12-23', 1, 'MIA', 'L 10-24', 0, 0, 0, 0, 0, 1, 25, 0, 0, 0, 0, 0, 0, 3.5),
(2882, 181, 2, '2012-12-09', 0, 'LAR', 'L 12-15', 0, 0, 0, 0, 0, 5, 71, 0, 0, 0, 0, 0, 0, 12.1),
(2883, 181, 3, '2011-11-20', 1, 'MIA', 'L 8-35', 0, 0, 0, 0, 0, 5, 71, 0, 0, 0, 0, 0, 0, 12.1),
(2884, 181, 4, '2011-09-11', 1, 'KC', 'W 41-7', 0, 0, 0, 0, 0, 5, 63, 2, 0, 0, 0, 0, 0, 23.3),
(2885, 181, 5, '2014-10-26', 1, 'NYJ', 'W 43-23', 0, 0, 0, 0, 0, 1, 12, 1, 0, 0, 0, 0, 0, 8.2),
(2886, 181, 6, '2013-09-22', 1, 'NYJ', 'L 20-27', 0, 0, 0, 0, 0, 5, 79, 1, 0, 0, 0, 0, 0, 18.9),
(2887, 181, 7, '2014-09-21', 0, 'SD', 'L 10-22', 0, 0, 0, 0, 0, 5, 74, 0, 0, 0, 0, 0, 0, 12.4),
(2888, 181, 8, '2013-10-27', 1, 'NO', 'L 17-35', 0, 0, 0, 0, 0, 7, 72, 0, 0, 0, 0, 0, 0, 14.2),
(2889, 181, 9, '2014-12-28', 1, 'NE', 'W 17-9', 0, 0, 0, 0, 0, 1, 20, 0, 0, 0, 0, 0, 0, 3),
(2890, 181, 10, '2011-10-09', 0, 'PHI', 'W 31-24', 0, 0, 0, 0, 0, 1, 4, 0, 0, 0, 0, 0, 0, 1.4),
(2891, 181, 11, '2010-12-19', 1, 'MIA', 'W 17-14', 0, 0, 0, 0, 0, 1, 8, 0, 0, 0, 0, 0, 0, 1.8),
(2892, 181, 12, '2014-12-07', 1, 'DEN', 'L 17-24', 0, 0, 0, 0, 0, 8, 81, 0, 0, 0, 0, 0, 0, 16.1),
(2893, 181, 13, '2014-10-12', 0, 'NE', 'L 22-37', 0, 0, 0, 0, 0, 6, 105, 0, 0, 0, 0, 0, 3, 19.5),
(2894, 181, 14, '2012-12-02', 0, 'JAX', 'W 34-18', 0, 0, 0, 0, 0, 1, 11, 1, 0, 0, 0, 0, 0, 8.1),
(2895, 181, 15, '2013-12-01', 0, 'ATL', 'L 31-34', 0, 0, 0, 0, 0, 4, 63, 0, 0, 0, 0, 0, 0, 10.3),
(2896, 181, 16, '2012-11-11', 1, 'NE', 'L 31-37', 0, 0, 0, 0, 0, 5, 65, 1, 0, 0, 0, 0, 0, 17.5),
(2897, 182, 1, '1986-12-21', 0, 'NO', 'W 33-17', 0, 0, 0, 0, 0, 7, 85, 2, 0, 0, 0, 0, 0, 27.5),
(2898, 182, 2, '1986-11-30', 0, 'TB', 'W 45-13', 0, 0, 0, 0, 0, 7, 97, 1, 0, 0, 0, 0, 0, 22.7),
(2899, 182, 3, '1983-10-02', 0, 'DAL', 'L 24-37', 0, 0, 0, 0, 0, 1, 28, 0, 0, 0, 0, 0, 0, 3.8),
(2900, 182, 4, '1990-09-09', 1, 'KC', 'L 21-24', 0, 0, 0, 0, 0, 4, 90, 1, 0, 0, 0, 0, 0, 19),
(2901, 182, 5, '1991-09-01', 1, 'CHI', 'L 6-10', 0, 0, 0, 0, 0, 8, 89, 0, 0, 0, 0, 0, 0, 16.9),
(2902, 182, 6, '1988-11-06', 0, 'DET', 'W 44-17', 0, 0, 0, 0, 0, 8, 88, 1, 0, 0, 0, 0, 0, 22.8),
(2903, 182, 7, '1990-10-07', 0, 'DET', 'L 27-34', 0, 0, 0, 0, 0, 7, 95, 0, 0, 0, 0, 0, 0, 16.5),
(2904, 182, 8, '1986-11-02', 1, 'WAS', 'L 38-44', 0, 0, 0, 0, 0, 6, 179, 1, 0, 0, 0, 0, 3, 32.9),
(2905, 182, 9, '1987-09-20', 1, 'LAR', 'W 21-16', 0, 0, 0, 0, 0, 1, 38, 0, 0, 0, 0, 0, 0, 4.8),
(2906, 182, 10, '1985-10-20', 0, 'SD', 'W 21-17', 0, 0, 0, 0, 0, 8, 91, 0, 0, 0, 0, 0, 0, 17.1),
(2907, 182, 11, '1989-12-17', 1, 'CLE', 'L 17-23', 0, 0, 0, 0, 0, 6, 87, 1, 0, 0, 0, 0, 0, 20.7),
(2908, 182, 12, '1992-11-02', 1, 'CHI', 'W 38-10', 0, 0, 0, 0, 0, 1, 60, 1, 0, 0, 0, 0, 0, 13),
(2909, 182, 13, '1986-09-28', 0, 'GB', 'W 42-7', 0, 0, 0, 0, 0, 6, 112, 2, 0, 0, 0, 0, 3, 32.2),
(2910, 182, 14, '1989-12-25', 0, 'CIN', 'W 29-21', 0, 0, 0, 0, 0, 1, 32, 0, 0, 0, 0, 0, 0, 4.2),
(2911, 182, 15, '1990-09-23', 1, 'CHI', 'L 16-19', 0, 0, 0, 0, 0, 1, 38, 0, 0, 0, 0, 0, 0, 4.8),
(2912, 182, 16, '1983-01-03', 0, 'DAL', 'W 31-27', 0, 0, 0, 0, 0, 1, 29, 0, 0, 0, 0, 0, 0, 3.9),
(2913, 183, 1, '2006-11-26', 0, 'NO', 'L 13-31', 0, 0, 0, 0, 0, 1, 43, 0, 0, 0, 0, 0, 0, 5.3),
(2914, 183, 2, '2006-09-17', 0, 'TB', 'W 14-3', 0, 0, 0, 0, 0, 1, 22, 0, 0, 0, 0, 0, 0, 3.2),
(2915, 183, 3, '2006-10-22', 0, 'PIT', 'W 41-38', 0, 0, 0, 0, 0, 6, 117, 3, 0, 0, 0, 0, 3, 38.7),
(2916, 183, 4, '2005-10-09', 0, 'NE', 'L 28-31', 0, 0, 0, 0, 0, 6, 99, 1, 0, 0, 0, 0, 0, 21.9),
(2917, 183, 5, '2002-09-22', 0, 'CIN', 'W 30-3', 0, 0, 0, 0, 0, 1, 15, 0, 0, 0, 0, 0, 0, 2.5),
(2918, 183, 6, '2004-10-10', 0, 'DET', 'L 10-17', 0, 0, 0, 0, 0, 1, 24, 0, 0, 0, 0, 0, 0, 3.4),
(2919, 183, 7, '2005-11-24', 1, 'DET', 'W 27-7', 0, 0, 0, 0, 0, 7, 104, 2, 0, 0, 0, 0, 3, 32.4),
(2920, 183, 8, '2004-11-14', 0, 'TB', 'W 24-14', 0, 0, 0, 0, 0, 4, 118, 1, 0, 0, 0, 0, 3, 24.8),
(2921, 183, 9, '2001-12-16', 1, 'IND', 'L 27-41', 0, 0, 0, 0, 0, 1, 15, 0, 0, 0, 0, 0, 0, 2.5),
(2922, 183, 10, '2004-12-12', 0, 'OAK', 'W 35-10', 0, 0, 0, 0, 0, 1, 22, 0, 0, 0, 0, 0, 0, 3.2),
(2923, 183, 11, '2003-09-07', 1, 'DAL', 'W 27-13', 0, 0, 0, 0, 0, 5, 94, 1, 0, 0, 0, 0, 0, 20.4),
(2924, 183, 12, '2004-10-31', 1, 'DEN', 'W 41-28', 0, 0, 0, 0, 0, 7, 86, 0, 0, 0, 0, 0, 0, 15.6),
(2925, 183, 13, '2004-10-03', 1, 'CAR', 'W 27-10', 0, 0, 0, 0, 0, 5, 85, 0, 0, 0, 0, 0, 0, 13.5),
(2926, 183, 14, '2005-12-12', 0, 'NO', 'W 36-17', 0, 0, 0, 0, 0, 3, 94, 0, 0, 0, 0, 0, 0, 12.4),
(2927, 183, 15, '2004-09-12', 1, 'SF', 'W 21-19', 0, 0, 0, 0, 0, 6, 82, 1, 0, 0, 0, 0, 0, 20.2),
(2928, 183, 16, '2004-11-28', 0, 'NO', 'W 24-21', 0, 0, 0, 0, 0, 4, 103, 1, 0, 0, 0, 0, 3, 23.3),
(2929, 184, 1, '1992-11-01', 1, 'NYJ', 'L 14-26', 0, 0, 0, 0, 0, 4, 74, 1, 0, 0, 0, 0, 0, 17.4),
(2930, 184, 2, '1993-11-21', 0, 'NE', 'W 17-13', 0, 0, 0, 0, 0, 5, 99, 0, 0, 0, 0, 0, 0, 14.9),
(2931, 184, 3, '1993-12-27', 1, 'SD', 'L 20-45', 0, 0, 0, 0, 0, 1, 8, 0, 0, 0, 0, 0, 0, 1.8),
(2932, 184, 4, '1993-09-05', 1, 'IND', 'W 24-20', 0, 0, 0, 0, 0, 3, 73, 2, 0, 0, 0, 0, 0, 22.3),
(2933, 184, 5, '1994-12-04', 0, 'BUF', 'L 31-42', 0, 0, 0, 0, 0, 7, 64, 1, 0, 0, 0, 0, 0, 19.4),
(2934, 184, 6, '1993-09-12', 0, 'NYJ', 'L 14-24', 0, 0, 0, 0, 0, 1, 57, 1, 0, 0, 0, 0, 0, 12.7),
(2935, 184, 7, '1992-10-04', 1, 'BUF', 'W 37-10', 0, 0, 0, 0, 0, 4, 64, 1, 0, 0, 0, 0, 0, 16.4),
(2936, 184, 8, '1993-11-07', 1, 'NYJ', 'L 10-27', 0, 0, 0, 0, 0, 2, 48, 0, 0, 0, 0, 0, 0, 6.8),
(2937, 184, 9, '1994-11-06', 0, 'IND', 'W 22-21', 0, 0, 0, 0, 0, 1, 6, 0, 0, 0, 0, 0, 0, 1.6),
(2938, 184, 10, '1992-11-08', 1, 'IND', 'W 28-0', 0, 0, 0, 0, 0, 6, 69, 1, 0, 0, 0, 0, 0, 18.9),
(2939, 184, 11, '1992-12-06', 1, 'SF', 'L 3-27', 0, 0, 0, 0, 0, 7, 63, 0, 0, 0, 0, 0, 0, 13.3),
(2940, 184, 12, '1992-12-14', 0, 'OAK', 'W 20-7', 0, 0, 0, 0, 0, 2, 38, 0, 0, 0, 0, 0, 0, 5.8),
(2941, 184, 13, '1992-10-18', 0, 'NE', 'W 38-17', 0, 0, 0, 0, 0, 4, 70, 2, 0, 0, 0, 0, 0, 23),
(2942, 184, 14, '1994-12-18', 1, 'IND', 'L 6-10', 0, 0, 0, 0, 0, 4, 64, 0, 0, 0, 0, 0, 0, 10.4),
(2943, 184, 15, '1994-09-18', 0, 'NYJ', 'W 28-14', 0, 0, 0, 0, 0, 6, 100, 0, 0, 0, 0, 0, 3, 19),
(2944, 184, 16, '1993-11-14', 1, 'PHI', 'W 19-14', 0, 0, 0, 0, 0, 1, 7, 0, 0, 0, 0, 0, 0, 1.7),
(2945, 185, 1, '1978-10-08', 0, 'CLE', 'L 16-24', 0, 0, 0, 0, 0, 7, 86, 0, 0, 0, 0, 0, 0, 15.6),
(2946, 185, 2, '1980-12-07', 1, 'SF', 'L 35-38', 0, 0, 0, 0, 0, 8, 144, 1, 0, 0, 0, 0, 3, 31.4),
(2947, 185, 3, '1978-09-17', 0, 'PHI', 'L 17-24', 0, 0, 0, 0, 0, 1, 17, 0, 0, 0, 0, 0, 0, 2.7),
(2948, 185, 4, '1976-10-24', 0, 'LAR', 'L 10-16', 0, 0, 0, 0, 0, 6, 85, 0, 0, 0, 0, 0, 0, 14.5),
(2949, 185, 5, '1978-11-05', 1, 'PIT', 'L 14-20', 0, 0, 0, 0, 0, 6, 94, 0, 0, 0, 0, 0, 0, 15.4),
(2950, 185, 6, '1977-11-13', 0, 'SF', 'L 7-10', 0, 0, 0, 0, 0, 1, 31, 0, 0, 0, 0, 0, 0, 4.1),
(2951, 185, 7, '1977-10-09', 0, 'SD', 'L 0-14', 0, 0, 0, 0, 0, 1, 19, 0, 0, 0, 0, 0, 0, 2.9),
(2952, 185, 8, '1975-10-26', 1, 'LAR', 'L 14-38', 0, 0, 0, 0, 0, 1, 21, 0, 0, 0, 0, 0, 0, 3.1),
(2953, 185, 9, '1975-10-19', 1, 'SF', 'L 21-35', 0, 0, 0, 0, 0, 1, 31, 0, 0, 0, 0, 0, 0, 4.1),
(2954, 185, 10, '1980-12-21', 0, 'NE', 'L 27-38', 0, 0, 0, 0, 0, 5, 94, 0, 0, 0, 0, 0, 0, 14.4),
(2955, 185, 11, '1976-12-12', 0, 'SF', 'L 7-27', 0, 0, 0, 0, 0, 3, 87, 1, 0, 0, 0, 0, 0, 17.7),
(2956, 185, 12, '1978-11-26', 1, 'ATL', 'L 17-20', 0, 0, 0, 0, 0, 3, 100, 0, 0, 0, 0, 0, 3, 16),
(2957, 185, 13, '1979-11-18', 1, 'SEA', 'L 24-38', 0, 0, 0, 0, 0, 6, 121, 0, 0, 0, 0, 0, 3, 21.1),
(2958, 185, 14, '1979-11-25', 1, 'ATL', 'W 37-6', 0, 0, 0, 0, 0, 3, 117, 1, 0, 0, 0, 0, 3, 23.7),
(2959, 185, 15, '1979-09-09', 1, 'GB', 'L 19-28', 0, 0, 0, 0, 0, 7, 112, 1, 0, 0, 0, 0, 3, 27.2),
(2960, 185, 16, '1979-12-03', 0, 'OAK', 'L 35-42', 0, 0, 0, 0, 0, 1, 28, 1, 0, 0, 0, 0, 0, 9.8),
(2961, 186, 1, '1968-09-15', 0, 'DEN', 'W 24-10', 0, 0, 0, 0, 0, 4, 114, 1, 0, 0, 0, 0, 3, 24.4),
(2962, 186, 2, '1968-11-17', 1, 'MIA', 'W 38-21', 0, 0, 0, 0, 0, 1, 80, 1, 0, 0, 0, 0, 0, 15),
(2963, 186, 3, '1969-12-07', 1, 'OAK', 'L 17-37', 0, 0, 0, 0, 0, 1, 47, 0, 0, 0, 0, 0, 0, 5.7),
(2964, 186, 4, '1970-11-29', 0, 'NO', 'W 26-6', 0, 0, 0, 0, 0, 1, 30, 0, 0, 0, 0, 0, 0, 4),
(2965, 186, 5, '1973-10-21', 0, 'KC', 'W 14-6', 0, 0, 0, 0, 0, 1, 30, 1, 0, 0, 0, 0, 0, 10),
(2966, 186, 6, '1968-11-10', 0, 'KC', 'L 9-16', 0, 0, 0, 0, 0, 4, 99, 0, 0, 0, 0, 0, 0, 13.9),
(2967, 186, 7, '1970-11-08', 1, 'BUF', 'W 43-14', 0, 0, 0, 0, 0, 4, 96, 0, 0, 0, 0, 0, 0, 13.6),
(2968, 186, 8, '1972-10-29', 0, 'HOU', 'W 30-7', 0, 0, 0, 0, 0, 8, 90, 0, 0, 0, 0, 0, 0, 17),
(2969, 186, 9, '1969-11-02', 0, 'OAK', 'W 31-17', 0, 0, 0, 0, 0, 4, 85, 0, 0, 0, 0, 0, 0, 12.5),
(2970, 186, 10, '1969-11-09', 1, 'HOU', 'T 31-31', 0, 0, 0, 0, 0, 5, 159, 3, 0, 0, 0, 0, 3, 41.9),
(2971, 186, 11, '1968-12-08', 1, 'NYJ', 'L 14-27', 0, 0, 0, 0, 0, 1, 42, 0, 0, 0, 0, 0, 0, 5.2),
(2972, 186, 12, '1970-10-04', 0, 'HOU', 'L 13-20', 0, 0, 0, 0, 0, 6, 90, 1, 0, 0, 0, 0, 0, 21),
(2973, 186, 13, '1976-12-12', 1, 'NYJ', 'W 42-3', 0, 0, 0, 0, 0, 1, 39, 1, 0, 0, 0, 0, 0, 10.9),
(2974, 186, 14, '1969-09-28', 0, 'KC', 'W 24-19', 0, 0, 0, 0, 0, 4, 100, 1, 0, 0, 0, 0, 3, 23),
(2975, 186, 15, '1971-11-21', 0, 'HOU', 'W 28-13', 0, 0, 0, 0, 0, 5, 87, 1, 0, 0, 0, 0, 0, 19.7),
(2976, 186, 16, '1969-09-21', 0, 'SD', 'W 34-20', 0, 0, 0, 0, 0, 3, 118, 1, 0, 0, 0, 0, 3, 23.8),
(2977, 187, 1, '2005-09-18', 0, 'ATL', 'W 21-18', 0, 0, 0, 0, 0, 3, 49, 1, 0, 0, 0, 0, 0, 13.9),
(2978, 187, 2, '2003-12-21', 0, 'AZ', 'W 28-10', 0, 0, 0, 0, 0, 1, 26, 0, 0, 0, 0, 0, 0, 3.6),
(2979, 187, 3, '2005-11-13', 0, 'LAR', 'W 31-16', 0, 0, 0, 0, 0, 4, 49, 0, 0, 0, 0, 0, 0, 8.9),
(2980, 187, 4, '2005-10-23', 0, 'DAL', 'W 13-10', 0, 0, 0, 0, 0, 5, 60, 0, 0, 0, 0, 0, 0, 11),
(2981, 187, 5, '2005-11-20', 1, 'SF', 'W 27-25', 0, 0, 0, 0, 0, 1, 27, 0, 0, 0, 0, 0, 0, 3.7),
(2982, 187, 6, '2002-12-22', 0, 'LAR', 'W 30-10', 0, 0, 0, 0, 0, 4, 70, 0, 0, 0, 0, 0, 0, 11),
(2983, 187, 7, '2004-12-06', 0, 'DAL', 'L 39-43', 0, 0, 0, 0, 0, 2, 58, 0, 0, 0, 0, 0, 0, 7.8),
(2984, 187, 8, '2005-12-18', 1, 'TEN', 'W 28-24', 0, 0, 0, 0, 0, 4, 53, 1, 0, 0, 0, 0, 0, 15.3),
(2985, 187, 9, '2006-12-14', 0, 'SF', 'L 14-24', 0, 0, 0, 0, 0, 5, 64, 1, 0, 0, 0, 0, 0, 17.4),
(2986, 187, 10, '2006-12-31', 1, 'TB', 'W 23-7', 0, 0, 0, 0, 0, 4, 54, 0, 0, 0, 0, 0, 0, 9.4),
(2987, 187, 11, '2002-11-17', 0, 'DEN', 'L 9-31', 0, 0, 0, 0, 0, 1, 18, 0, 0, 0, 0, 0, 0, 2.8),
(2988, 187, 12, '2004-10-17', 1, 'NE', 'L 20-30', 0, 0, 0, 0, 0, 4, 50, 0, 0, 0, 0, 0, 0, 9),
(2989, 187, 13, '2004-10-24', 1, 'AZ', 'L 17-25', 0, 0, 0, 0, 0, 1, 17, 0, 0, 0, 0, 0, 0, 2.7),
(2990, 187, 14, '2005-10-09', 1, 'LAR', 'W 37-31', 0, 0, 0, 0, 0, 3, 65, 1, 0, 0, 0, 0, 0, 15.5),
(2991, 187, 15, '2003-11-02', 0, 'PIT', 'W 23-16', 0, 0, 0, 0, 0, 1, 17, 0, 0, 0, 0, 0, 0, 2.7),
(2992, 187, 16, '2006-11-19', 1, 'SF', 'L 14-20', 0, 0, 0, 0, 0, 1, 18, 0, 0, 0, 0, 0, 0, 2.8),
(2993, 188, 1, '2009-10-11', 1, 'PHI', 'L 14-33', 0, 0, 0, 0, 0, 9, 102, 2, 0, 0, 0, 0, 3, 34.2),
(2994, 188, 2, '2010-10-10', 1, 'CIN', 'W 24-21', 0, 0, 0, 0, 0, 6, 75, 0, 0, 0, 0, 0, 0, 13.5),
(2995, 188, 3, '2010-10-31', 1, 'AZ', 'W 38-35', 0, 0, 0, 0, 0, 1, 5, 0, 0, 0, 0, 0, 0, 1.5),
(2996, 188, 4, '2011-09-25', 0, 'ATL', 'W 16-13', 0, 0, 0, 0, 0, 2, 20, 0, 0, 0, 0, 0, 0, 4),
(2997, 188, 5, '2009-10-04', 1, 'WAS', 'L 13-16', 0, 0, 0, 0, 0, 2, 21, 0, 0, 0, 0, 0, 0, 4.1),
(2998, 188, 6, '2009-12-20', 1, 'SEA', 'W 24-7', 0, 0, 0, 0, 0, 6, 93, 0, 0, 0, 0, 0, 0, 15.3),
(2999, 188, 7, '2009-10-25', 0, 'NE', 'L 7-35', 0, 0, 0, 0, 0, 2, 9, 0, 0, 0, 0, 0, 0, 2.9),
(3000, 188, 8, '2010-12-12', 1, 'WAS', 'W 17-16', 0, 0, 0, 0, 0, 2, 52, 1, 0, 0, 0, 0, 0, 13.2),
(3001, 188, 9, '2009-09-20', 1, 'BUF', 'L 20-33', 0, 0, 0, 0, 0, 7, 90, 1, 0, 0, 0, 0, 0, 22),
(3002, 188, 10, '2009-12-27', 1, 'NO', 'W 20-17', 0, 0, 0, 0, 0, 4, 76, 0, 0, 0, 0, 0, 0, 11.6),
(3003, 188, 11, '2009-11-15', 1, 'MIA', 'L 23-25', 0, 0, 0, 0, 0, 7, 102, 0, 0, 0, 0, 0, 3, 20.2),
(3004, 188, 12, '2011-11-20', 1, 'GB', 'L 26-35', 0, 0, 0, 0, 0, 9, 132, 0, 0, 0, 0, 0, 3, 25.2),
(3005, 188, 13, '2010-09-19', 1, 'CAR', 'W 20-7', 0, 0, 0, 0, 0, 4, 83, 0, 0, 0, 0, 0, 0, 12.3),
(3006, 188, 14, '2011-12-11', 1, 'JAX', 'L 14-41', 0, 0, 0, 0, 0, 2, 38, 0, 0, 0, 0, 0, 0, 5.8),
(3007, 188, 15, '2009-11-29', 1, 'ATL', 'L 17-20', 0, 0, 0, 0, 0, 7, 81, 0, 0, 0, 0, 0, 0, 15.1),
(3008, 188, 16, '2010-12-26', 0, 'SEA', 'W 38-15', 0, 0, 0, 0, 0, 7, 98, 2, 0, 0, 0, 0, 0, 28.8),
(3009, 189, 1, '2000-09-10', 1, 'SF', 'W 38-22', 0, 0, 0, 0, 0, 5, 99, 1, 0, 0, 0, 0, 0, 20.9),
(3010, 189, 2, '2000-01-02', 0, 'NO', 'W 45-13', 0, 0, 0, 0, 0, 4, 88, 2, 0, 0, 0, 0, 0, 24.8),
(3011, 189, 3, '1997-09-07', 1, 'ATL', 'W 9-6', 0, 0, 0, 0, 0, 7, 147, 0, 0, 0, 0, 0, 3, 24.7),
(3012, 189, 4, '2002-12-01', 1, 'CLE', 'W 13-6', 0, 0, 0, 0, 0, 1, 24, 1, 0, 0, 0, 0, 0, 9.4),
(3013, 189, 5, '2001-10-07', 1, 'SF', 'L 14-24', 0, 0, 0, 0, 0, 10, 91, 1, 0, 0, 0, 0, 0, 25.1),
(3014, 189, 6, '2000-10-08', 0, 'SEA', 'W 26-3', 0, 0, 0, 0, 0, 7, 102, 0, 0, 0, 0, 0, 3, 20.2),
(3015, 189, 7, '1998-09-13', 1, 'NO', 'L 14-19', 0, 0, 0, 0, 0, 1, 12, 0, 0, 0, 0, 0, 0, 2.2),
(3016, 189, 8, '1997-11-23', 1, 'LAR', 'W 16-10', 0, 0, 0, 0, 0, 8, 106, 0, 0, 0, 0, 0, 3, 21.6),
(3017, 189, 9, '2002-10-20', 1, 'ATL', 'L 0-30', 0, 0, 0, 0, 0, 1, 24, 0, 0, 0, 0, 0, 0, 3.4),
(3018, 189, 10, '1999-12-12', 1, 'GB', 'W 33-31', 0, 0, 0, 0, 0, 6, 96, 0, 0, 0, 0, 0, 0, 15.6),
(3019, 189, 11, '1997-09-21', 0, 'KC', 'L 14-35', 0, 0, 0, 0, 0, 1, 19, 1, 0, 0, 0, 0, 0, 8.9),
(3020, 189, 12, '1996-09-22', 0, 'SF', 'W 23-7', 0, 0, 0, 0, 0, 6, 81, 2, 0, 0, 0, 0, 0, 26.1),
(3021, 189, 13, '1999-10-24', 0, 'DET', 'L 9-24', 0, 0, 0, 0, 0, 7, 83, 0, 0, 0, 0, 0, 0, 15.3),
(3022, 189, 14, '1996-10-20', 0, 'NO', 'W 19-7', 0, 0, 0, 0, 0, 1, 22, 0, 0, 0, 0, 0, 0, 3.2),
(3023, 189, 15, '1998-11-15', 0, 'MIA', 'L 9-13', 0, 0, 0, 0, 0, 8, 84, 0, 0, 0, 0, 0, 0, 16.4),
(3024, 189, 16, '2002-09-15', 0, 'DET', 'W 31-7', 0, 0, 0, 0, 0, 1, 20, 0, 0, 0, 0, 0, 0, 3),
(3025, 190, 1, '2000-10-29', 1, 'DAL', 'W 23-17', 0, 0, 0, 0, 0, 10, 138, 1, 0, 0, 0, 0, 3, 32.8),
(3026, 190, 2, '1999-11-21', 0, 'NO', 'W 41-23', 0, 0, 0, 0, 0, 1, 30, 0, 0, 0, 0, 0, 0, 4),
(3027, 190, 3, '2005-12-04', 1, 'CLE', 'W 20-14', 0, 0, 0, 0, 0, 1, 17, 0, 0, 0, 0, 0, 0, 2.7),
(3028, 190, 4, '2006-12-10', 0, 'IND', 'W 44-17', 0, 0, 0, 0, 0, 1, 13, 0, 0, 0, 0, 0, 0, 2.3),
(3029, 190, 5, '2002-12-15', 1, 'CIN', 'W 29-15', 0, 0, 0, 0, 0, 1, 23, 0, 0, 0, 0, 0, 0, 3.3),
(3030, 190, 6, '2002-09-29', 0, 'NYJ', 'W 28-3', 0, 0, 0, 0, 0, 1, 19, 0, 0, 0, 0, 0, 0, 2.9),
(3031, 190, 7, '2001-12-30', 0, 'KC', 'L 26-30', 0, 0, 0, 0, 0, 5, 51, 0, 0, 0, 0, 0, 0, 10.1),
(3032, 190, 8, '2001-09-30', 0, 'CLE', 'L 14-23', 0, 0, 0, 0, 0, 1, 14, 0, 0, 0, 0, 0, 0, 2.4),
(3033, 190, 9, '2002-12-01', 0, 'PIT', 'L 23-25', 0, 0, 0, 0, 0, 3, 54, 1, 0, 0, 0, 0, 0, 14.4),
(3034, 190, 10, '2002-12-22', 0, 'TEN', 'L 10-28', 0, 0, 0, 0, 0, 5, 55, 0, 0, 0, 0, 0, 0, 10.5),
(3035, 190, 11, '2000-11-19', 1, 'PIT', 'W 34-24', 0, 0, 0, 0, 0, 5, 62, 0, 0, 0, 0, 0, 0, 11.2),
(3036, 190, 12, '2000-10-22', 0, 'WAS', 'L 16-35', 0, 0, 0, 0, 0, 8, 111, 0, 0, 0, 0, 0, 3, 22.1),
(3037, 190, 13, '2002-09-15', 1, 'KC', 'W 23-16', 0, 0, 0, 0, 0, 5, 60, 0, 0, 0, 0, 0, 0, 11),
(3038, 190, 14, '1999-11-28', 1, 'BAL', 'W 30-23', 0, 0, 0, 0, 0, 4, 65, 0, 0, 0, 0, 0, 0, 10.5),
(3039, 190, 15, '2000-10-08', 0, 'BAL', 'L 10-15', 0, 0, 0, 0, 0, 5, 45, 0, 0, 0, 0, 0, 0, 9.5),
(3040, 190, 16, '2000-09-03', 1, 'CLE', 'W 27-7', 0, 0, 0, 0, 0, 5, 85, 0, 0, 0, 0, 0, 0, 13.5),
(3041, 191, 1, '2003-10-19', 1, 'CIN', 'L 26-34', 0, 0, 0, 0, 0, 7, 129, 0, 0, 0, 0, 0, 3, 22.9),
(3042, 191, 2, '2001-11-18', 0, 'CLE', 'L 17-27', 0, 0, 0, 0, 0, 1, 24, 1, 0, 0, 0, 0, 0, 9.4),
(3043, 191, 3, '2002-12-08', 0, 'NO', 'L 25-37', 0, 0, 0, 0, 0, 5, 87, 0, 0, 0, 0, 0, 0, 13.7),
(3044, 191, 4, '2005-10-16', 0, 'CLE', 'W 16-3', 0, 0, 0, 0, 0, 6, 79, 1, 0, 0, 0, 0, 0, 19.9),
(3045, 191, 5, '2010-10-10', 0, 'DEN', 'W 31-17', 0, 0, 0, 0, 0, 1, 22, 0, 0, 0, 0, 0, 0, 3.2),
(3046, 191, 6, '2001-12-23', 0, 'CIN', 'W 16-0', 0, 0, 0, 0, 0, 1, 18, 0, 0, 0, 0, 0, 0, 2.8),
(3047, 191, 7, '2002-09-30', 0, 'DEN', 'W 34-23', 0, 0, 0, 0, 0, 5, 84, 2, 0, 0, 0, 0, 0, 25.4),
(3048, 191, 8, '2003-11-23', 0, 'SEA', 'W 44-41', 0, 0, 0, 7, 0, 1, 22, 0, 0, 0, 0, 0, 0, 3.9),
(3049, 191, 9, '2003-12-07', 0, 'CIN', 'W 31-13', 0, 0, 0, 0, 0, 1, 14, 0, 0, 0, 0, 0, 0, 2.4),
(3050, 191, 10, '2005-12-19', 0, 'GB', 'W 48-3', 0, 0, 0, 0, 0, 9, 110, 2, 0, 0, 0, 0, 3, 35),
(3051, 191, 11, '2003-12-14', 1, 'OAK', 'L 12-20', 0, 0, 0, 0, 0, 6, 93, 1, 0, 0, 0, 0, 0, 21.3),
(3052, 191, 12, '2005-11-27', 1, 'CIN', 'L 29-42', 0, 0, 0, 0, 0, 6, 87, 2, 0, 0, 0, 0, 0, 26.7),
(3053, 191, 13, '2006-11-05', 0, 'CIN', 'W 26-20', 0, 0, 0, 0, 0, 4, 84, 0, 0, 0, 0, 0, 0, 12.4),
(3054, 191, 14, '2008-12-14', 0, 'PIT', 'L 9-13', 0, 0, 0, 0, 0, 1, 24, 0, 0, 0, 0, 0, 0, 3.4),
(3055, 191, 15, '2002-12-29', 1, 'PIT', 'L 31-34', 0, 0, 0, 0, 0, 7, 146, 1, 0, 0, 0, 0, 3, 30.6),
(3056, 191, 16, '2004-09-12', 1, 'CLE', 'L 3-20', 0, 0, 0, 0, 0, 9, 86, 0, 0, 0, 0, 0, 0, 17.6),
(3057, 192, 1, '1995-11-12', 0, 'CIN', 'L 25-32', 0, 0, 0, 0, 0, 2, 39, 0, 0, 0, 0, 0, 0, 5.9),
(3058, 192, 2, '1995-09-03', 1, 'JAX', 'W 10-3', 0, 0, 0, 0, 0, 1, 9, 0, 0, 0, 0, 0, 0, 1.9),
(3059, 192, 3, '1996-12-15', 0, 'CIN', 'L 13-21', 0, 0, 0, 0, 0, 5, 57, 1, 0, 0, 0, 0, 0, 16.7),
(3060, 192, 4, '1996-11-17', 0, 'MIA', 'L 20-23', 0, 0, 0, 0, 0, 5, 54, 1, 0, 0, 0, 0, 0, 16.4),
(3061, 192, 5, '1996-10-06', 1, 'CIN', 'W 30-27', 0, 0, 0, 0, 0, 7, 59, 1, 0, 0, 0, 0, 0, 18.9),
(3062, 192, 6, '1995-12-24', 1, 'BUF', 'W 28-17', 0, 0, 0, 0, 0, 5, 72, 1, 0, 0, 0, 0, 0, 18.2),
(3063, 192, 7, '1996-11-10', 1, 'NO', 'W 31-14', 0, 0, 0, 0, 0, 1, 16, 0, 0, 0, 0, 0, 0, 2.6),
(3064, 192, 8, '1996-11-24', 0, 'CAR', 'L 6-31', 0, 0, 0, 0, 0, 4, 44, 0, 0, 0, 0, 0, 0, 8.4),
(3065, 192, 9, '1995-11-19', 1, 'KC', 'L 13-20', 0, 0, 0, 0, 0, 5, 44, 0, 0, 0, 0, 0, 0, 9.4),
(3066, 192, 10, '1996-12-01', 1, 'NYJ', 'W 35-10', 0, 0, 0, 0, 0, 1, 23, 1, 0, 0, 0, 0, 0, 9.3),
(3067, 192, 11, '1995-11-26', 0, 'DEN', 'W 42-33', 0, 0, 0, 0, 0, 4, 51, 0, 0, 0, 0, 0, 0, 9.1),
(3068, 192, 12, '1995-09-17', 0, 'CLE', 'L 7-14', 0, 0, 0, 0, 0, 2, 22, 0, 0, 0, 0, 0, 0, 4.2),
(3069, 192, 13, '1995-12-03', 1, 'PIT', 'L 7-21', 0, 0, 0, 0, 0, 3, 50, 0, 0, 0, 0, 0, 0, 8),
(3070, 192, 14, '1995-12-10', 0, 'DET', 'L 17-24', 0, 0, 0, 0, 0, 5, 71, 0, 0, 0, 0, 0, 0, 12.1),
(3071, 192, 15, '1996-09-15', 0, 'BAL', 'W 29-13', 0, 0, 0, 0, 0, 6, 64, 1, 0, 0, 0, 0, 0, 18.4),
(3072, 192, 16, '1996-09-08', 1, 'JAX', 'W 34-27', 0, 0, 0, 0, 0, 2, 19, 1, 0, 0, 0, 0, 0, 9.9);

-- --------------------------------------------------------

--
-- Table structure for table `positions`
--

DROP TABLE IF EXISTS `positions`;
CREATE TABLE IF NOT EXISTS `positions` (
  `posID` int(6) NOT NULL AUTO_INCREMENT,
  `pos` varchar(10) NOT NULL,
  PRIMARY KEY (`posID`)
) ENGINE=MyISAM AUTO_INCREMENT=7 DEFAULT CHARSET=latin1;

--
-- Dumping data for table `positions`
--

INSERT INTO `positions` (`posID`, `pos`) VALUES
(1, 'QB'),
(2, 'RB'),
(3, 'WR'),
(4, 'TE'),
(5, 'DST'),
(6, 'K');

-- --------------------------------------------------------

--
-- Table structure for table `roofs`
--

DROP TABLE IF EXISTS `roofs`;
CREATE TABLE IF NOT EXISTS `roofs` (
  `roofID` int(11) NOT NULL AUTO_INCREMENT,
  `roof_type` varchar(15) NOT NULL,
  PRIMARY KEY (`roofID`)
) ENGINE=MyISAM AUTO_INCREMENT=4 DEFAULT CHARSET=latin1;

--
-- Dumping data for table `roofs`
--

INSERT INTO `roofs` (`roofID`, `roof_type`) VALUES
(1, 'Open'),
(2, 'Retractable'),
(3, 'Dome');

-- --------------------------------------------------------

--
-- Table structure for table `stadiums`
--

DROP TABLE IF EXISTS `stadiums`;
CREATE TABLE IF NOT EXISTS `stadiums` (
  `stadiumID` int(6) NOT NULL AUTO_INCREMENT,
  `stadium_name` varchar(75) NOT NULL,
  `capacity` int(6) NOT NULL,
  `stadium_city` varchar(50) NOT NULL,
  `stadium_state` varchar(50) NOT NULL,
  `surfaceID` int(2) NOT NULL,
  `roofID` int(2) NOT NULL,
  PRIMARY KEY (`stadiumID`)
) ENGINE=MyISAM AUTO_INCREMENT=32 DEFAULT CHARSET=latin1;

--
-- Dumping data for table `stadiums`
--

INSERT INTO `stadiums` (`stadiumID`, `stadium_name`, `capacity`, `stadium_city`, `stadium_state`, `surfaceID`, `roofID`) VALUES
(1, 'Arrowhead Stadium', 76416, 'Kansas City', 'Missouri', 1, 1),
(2, 'AT&T Stadium', 80000, 'Arlington', 'Texas', 2, 2),
(3, 'Bank of America Stadium', 75419, 'Charlotte', 'North Carolina', 1, 1),
(4, 'CenturyLink Field', 68000, 'Seattle', 'Washington', 2, 1),
(5, 'EverBank Field', 67246, 'Jacksonville', 'Florida', 1, 1),
(6, 'FedEx Field', 82000, 'Landover', 'Maryland', 1, 1),
(7, 'FirstEnergy Stadium', 67895, 'Cleveland', 'Ohio', 1, 1),
(8, 'Ford Field', 65000, 'Detroit', 'Michigan', 2, 3),
(9, 'Gillette Stadium', 66829, 'Foxborough', 'Massachusetts', 2, 1),
(10, 'Hard Rock Stadium', 65326, 'Miami Gardens', 'Florida', 1, 1),
(11, 'Heinz Field', 68400, 'Pittsburgh', 'Pennsylvania', 1, 1),
(12, 'Lambeau Field', 81435, 'Green Bay', 'Wisconsin', 1, 1),
(13, 'Levi\'s Stadium', 68500, 'Santa Clara', 'California', 1, 1),
(14, 'Lincoln Financial Field', 69596, 'Philadelphia', 'Pennsylvania', 1, 1),
(15, 'Los Angeles Memorial Coliseum', 93607, 'Los Angeles', 'California', 1, 1),
(16, 'Lucas Oil Stadium', 67000, 'Indianapolis', 'Indiana', 2, 2),
(17, 'M&T Bank Stadium', 71008, 'Baltimore', 'Maryland', 1, 1),
(18, 'Mercedes-Benz Superdome', 76468, 'New Orleans', 'Louisiana', 2, 3),
(19, 'Mercedes-Benz Stadium', 71000, 'Atlanta', 'Georgia', 2, 2),
(20, 'MetLife Stadium', 82500, 'East Rutherford', 'New Jersey', 2, 1),
(21, 'New Era Field', 71608, 'Orchard Park', 'New York', 2, 1),
(22, 'Nissan Stadium', 69143, 'Nashville', 'Tennessee', 1, 1),
(23, 'NRG Stadium', 72220, 'Houston', 'Texas', 2, 2),
(24, 'Oakland-Alameda County Coliseum', 53286, 'Oakland', 'California', 1, 1),
(25, 'Paul Brown Stadium', 65515, 'Cincinnati', 'Ohio', 2, 1),
(26, 'Raymond James Stadium', 65890, 'Tampa', 'Florida', 1, 1),
(27, 'Soldier Field', 61500, 'Chicago', 'Illinois', 1, 1),
(28, 'Sports Authority Field at Mile High', 76125, 'Denver', 'Colorado', 1, 1),
(29, 'StubHub Center', 30000, 'Carson', 'California', 1, 1),
(30, 'University of Phoenix Stadium', 63400, 'Glendale', 'Arizona', 1, 2),
(31, 'U.S. Bank Stadium', 66655, 'Minneapolis', 'Minnesota', 2, 3);

-- --------------------------------------------------------

--
-- Table structure for table `statuses`
--

DROP TABLE IF EXISTS `statuses`;
CREATE TABLE IF NOT EXISTS `statuses` (
  `statusID` int(11) NOT NULL AUTO_INCREMENT,
  `status` varchar(15) NOT NULL,
  PRIMARY KEY (`statusID`)
) ENGINE=MyISAM AUTO_INCREMENT=6 DEFAULT CHARSET=latin1;

--
-- Dumping data for table `statuses`
--

INSERT INTO `statuses` (`statusID`, `status`) VALUES
(1, 'Open'),
(2, 'Full'),
(3, 'In Progress'),
(4, 'Pending Review'),
(5, 'Closed');

-- --------------------------------------------------------

--
-- Table structure for table `styles`
--

DROP TABLE IF EXISTS `styles`;
CREATE TABLE IF NOT EXISTS `styles` (
  `styleID` int(1) NOT NULL AUTO_INCREMENT,
  `style_name` varchar(4) NOT NULL,
  PRIMARY KEY (`styleID`)
) ENGINE=MyISAM AUTO_INCREMENT=4 DEFAULT CHARSET=latin1;

--
-- Dumping data for table `styles`
--

INSERT INTO `styles` (`styleID`, `style_name`) VALUES
(1, 'DK'),
(2, 'FD'),
(3, 'FDr');

-- --------------------------------------------------------

--
-- Table structure for table `surfaces`
--

DROP TABLE IF EXISTS `surfaces`;
CREATE TABLE IF NOT EXISTS `surfaces` (
  `surfaceID` int(2) NOT NULL AUTO_INCREMENT,
  `surface_type` varchar(6) NOT NULL,
  PRIMARY KEY (`surfaceID`)
) ENGINE=MyISAM AUTO_INCREMENT=3 DEFAULT CHARSET=latin1;

--
-- Dumping data for table `surfaces`
--

INSERT INTO `surfaces` (`surfaceID`, `surface_type`) VALUES
(1, 'Grass'),
(2, 'Turf');

-- --------------------------------------------------------

--
-- Table structure for table `teams`
--

DROP TABLE IF EXISTS `teams`;
CREATE TABLE IF NOT EXISTS `teams` (
  `teamID` int(2) NOT NULL AUTO_INCREMENT,
  `team_city` varchar(25) NOT NULL,
  `team_name` varchar(15) NOT NULL,
  `abbrv` varchar(4) NOT NULL,
  `stadiumID` int(2) NOT NULL,
  PRIMARY KEY (`teamID`)
) ENGINE=MyISAM AUTO_INCREMENT=33 DEFAULT CHARSET=latin1;

--
-- Dumping data for table `teams`
--

INSERT INTO `teams` (`teamID`, `team_city`, `team_name`, `abbrv`, `stadiumID`) VALUES
(1, 'Arizona', 'Cardinals', 'AZ', 30),
(2, 'Chicago', 'Bears', 'CHI', 27),
(3, 'Green Bay', 'Packers', 'GB', 12),
(4, 'New York', 'Giants', 'NYG', 20),
(5, 'Detroit', 'Lions', 'DET', 8),
(6, 'Washington', 'Redskins', 'WAS', 6),
(7, 'Philadelphia', 'Eagles', 'PHI', 14),
(8, 'Pittsburgh', 'Steelers', 'PIT', 11),
(9, 'St. Louis', 'Rams', 'STL', 15),
(10, 'San Francisco', '49ers', 'SF', 13),
(11, 'Cleveland', 'Browns', 'CLE', 7),
(12, 'Indianapolis', 'Colts', 'IND', 16),
(13, 'Dallas', 'Cowboys', 'DAL', 2),
(14, 'Kansas City', 'Chiefs', 'KC', 1),
(15, 'San Diego', 'Chargers', 'SD', 29),
(16, 'Denver', 'Broncos', 'DEN', 28),
(17, 'New York', 'Jets', 'NYJ', 20),
(18, 'New England', 'Patriots', 'NE', 9),
(19, 'Oakland', 'Raiders', 'OAK', 24),
(20, 'Tennessee', 'Titans', 'TEN', 22),
(21, 'Buffalo', 'Bills', 'BUF', 21),
(22, 'Minnesota', 'Vikings', 'MIN', 31),
(23, 'Atlanta', 'Falcons', 'ATL', 19),
(24, 'Miami', 'Dolphins', 'MIA', 10),
(25, 'New Orleans', 'Saints', 'NO', 18),
(26, 'Cincinnati', 'Bengals', 'CIN', 25),
(27, 'Seattle', 'Seahawks', 'SEA', 4),
(28, 'Tampa Bay', 'Buccaneers', 'TB', 26),
(29, 'Carolina', 'Panthers', 'CAR', 3),
(30, 'Jacksonville', 'Jaguars', 'JAX', 5),
(31, 'Baltimore', 'Ravens', 'BAL', 17),
(32, 'Houston', 'Oilers', 'HOU', 23);
COMMIT;

/*!40101 SET CHARACTER_SET_CLIENT=@OLD_CHARACTER_SET_CLIENT */;
/*!40101 SET CHARACTER_SET_RESULTS=@OLD_CHARACTER_SET_RESULTS */;
/*!40101 SET COLLATION_CONNECTION=@OLD_COLLATION_CONNECTION */;
